inchikey,canonical_smiles,scaffold,pactivity,target_id,virus_family,standard_type,mw,max_tanimoto_to_eval,overlap_exact,overlap_scaffold,overlap_near_duplicate,contaminated
APSBVDUIYLQOTF-MWZKWAACSA-N,Cc1cc(C(=O)N[C@H](C(=O)N[C@@H](Cc2ccc(F)cc2)C(=O)N[C@@H](/C=C/C(=O)OCc2nc(-c3ccncc3)no2)CCC(N)=O)C(C)C)no1,O=C(CNC(=O)c1ccon1)NC(Cc1ccccc1)C(=O)NCC=CC(=O)OCc1nc(-c2ccncc2)no1,6.187086643357144,cvb3_3c,picornaviral,IC50,704.7159999999999,0.19166666666666668,False,False,False,False
ATGAHZMIBUNKBZ-UHFFFAOYSA-N,O=C(CCc1ccccc1)NNCc1ccc(O)c(O)c1O,O=C(CCc1ccccc1)NNCc1ccccc1,6.494850021680094,cvb3_3c,picornaviral,IC50,302.33000000000004,0.20689655172413793,False,False,False,False
BFIULEKJMOUYSL-KIUDJDDGSA-N,Cc1cc(C(=O)N[C@H](C(=O)N[C@@H](Cc2ccc(F)cc2)C(=O)N[C@@H](/C=C/C(=O)OCc2ccc3cn[nH]c3c2)CCC(N)=O)C(C)C)no1,O=C(CNC(=O)c1ccon1)NC(Cc1ccccc1)C(=O)NCC=CC(=O)OCc1ccc2cn[nH]c2c1,6.4089353929735005,cvb3_3c,picornaviral,IC50,675.7179999999998,0.22018348623853212,False,False,False,False
BNQDCRGUHNALGH-UHFFFAOYSA-N,NC(CO)C(=O)NNCc1ccc(O)c(O)c1O,c1ccccc1,5.619788758288394,cvb3_3c,picornaviral,IC50,257.246,0.1774193548387097,False,True,False,True
BSSCPPKFIJXSFO-WRPCQLPWSA-N,Cc1cc(C(=O)N[C@H](C(=O)N[C@@H](Cc2ccc(F)cc2)C(=O)N[C@@H](/C=C/C(=O)OCc2cccc3cnccc23)CCC(N)=O)C(C)C)no1,O=C(CNC(=O)c1ccon1)NC(Cc1ccccc1)C(=O)NCC=CC(=O)OCc1cccc2cnccc12,6.568636235841012,cvb3_3c,picornaviral,IC50,686.7409999999999,0.2072072072072072,False,False,False,False
BXSPWNMFTXFZTB-DLQLBYIMSA-N,Cc1cc(C(=O)N[C@H](C(=O)N[C@@H](Cc2ccc(F)cc2)C(=O)N[C@@H](/C=C/C(=O)OCc2ccc3[nH]ncc3c2)CCC(N)=O)C(C)C)no1,O=C(CNC(=O)c1ccon1)NC(Cc1ccccc1)C(=O)NCC=CC(=O)OCc1ccc2[nH]ncc2c1,6.7447274948966935,cvb3_3c,picornaviral,IC50,675.7179999999998,0.25471698113207547,False,False,False,False
CDUXXHWIBXCQBH-UHFFFAOYSA-N,CC(C)(C)OC(=O)NC(Cc1ccc(O)cc1)C(=O)NNCc1ccc(O)c(O)c1O,O=C(CCc1ccccc1)NNCc1ccccc1,6.568636235841012,cvb3_3c,picornaviral,IC50,433.4610000000001,0.2345679012345679,False,False,False,False
CHKAOKYVRDJOKF-HKWRFOASSA-N,O=C(O)c1ccc(/C=C2\C(=O)N(c3ccccc3)N=C2c2ccccc2)cc1,O=C1C(=Cc2ccccc2)C(c2ccccc2)=NN1c1ccccc1,4.291579099865287,cvb3_3c,picornaviral,IC50,368.39200000000005,0.19672131147540983,False,False,False,False
CODVAOCBWRTXOE-ZHZULCJRSA-N,O=C(O)c1ccc(/C=C2\C(=O)N(c3ccc(OC(F)(F)F)cc3)N=C2c2ccccc2)cc1,O=C1C(=Cc2ccccc2)C(c2ccccc2)=NN1c1ccccc1,4.005243055412372,cvb3_3c,picornaviral,IC50,452.38800000000003,0.16666666666666666,False,False,False,False
CQOBRJZTCBMPTI-UHFFFAOYSA-N,O=C(CCCCc1ccccc1)NNCc1ccc(O)c(O)c1O,O=C(CCCCc1ccccc1)NNCc1ccccc1,6.721246399047171,cvb3_3c,picornaviral,IC50,330.38400000000007,0.19672131147540983,False,False,False,False
DGSFLQGLVVBUEU-UHFFFAOYSA-N,COc1ccc(OC2=C(Cl)C(=O)c3ccccc3C2=O)c([N+](=O)[O-])c1,O=C1C=C(Oc2ccccc2)C(=O)c2ccccc21,5.769551078621726,cvb3_3c,picornaviral,IC50,359.7210000000001,0.25,False,False,False,False
FJUQGJTYCQSRPV-OVCLIPMQSA-N,Cc1ccc(N/N=C/c2c(O)cc(C)oc2=O)cc1,O=c1occcc1C=NNc1ccccc1,5.267606240177031,cvb3_3c,picornaviral,IC50,258.277,0.17142857142857143,False,False,False,False
FPSAFZHKLNUNBF-UHFFFAOYSA-N,CC1(C)CC(=O)C2=C(C1)OC(=O)C2(Nc1ccccc1)C(F)(F)F,O=C1CCCC2=C1C(Nc1ccccc1)C(=O)O2,5.080921907623926,cvb3_3c,picornaviral,IC50,339.313,0.16216216216216217,False,False,False,False
GKHGZICOXAICRM-FOKLQQMPSA-N,CC(C)(C)OC(=O)NC(Cc1ccc(F)cc1)C(=O)N/N=C/c1ccc(O)c(O)c1O,O=C(CCc1ccccc1)NN=Cc1ccccc1,6.050609993355087,cvb3_3c,picornaviral,IC50,433.4360000000001,0.23529411764705882,False,False,False,False
GXMMAPZKZPUYKK-UHFFFAOYSA-N,O=C(CCc1ccc(F)cc1)NNCc1ccc(O)c(O)c1O,O=C(CCc1ccccc1)NNCc1ccccc1,6.698970004336019,cvb3_3c,picornaviral,IC50,320.32000000000005,0.2,False,False,False,False
GZBASFGWINTOTQ-XDHOZWIPSA-N,O=C(CCCCc1ccccc1)N/N=C/c1ccc(O)c(O)c1O,O=C(CCCCc1ccccc1)NN=Cc1ccccc1,6.356547323513812,cvb3_3c,picornaviral,IC50,328.3680000000001,0.19047619047619047,False,False,False,False
HMZZUEMLMHXBLZ-ZHZULCJRSA-N,O=C(O)c1ccc(/C=C2\C(=O)N(c3ccc(Cl)cc3)N=C2c2ccccc2)cc1,O=C1C(=Cc2ccccc2)C(c2ccccc2)=NN1c1ccccc1,4.6020599913279625,cvb3_3c,picornaviral,IC50,402.83700000000005,0.18181818181818182,False,False,False,False
HNMQUFLWIXDGTB-UHFFFAOYSA-N,CC(C)(C)OC(=O)NC(Cc1ccc(F)cc1)C(=O)NNCc1ccc(O)c(O)c1O,O=C(CCc1ccccc1)NNCc1ccccc1,6.107905397309519,cvb3_3c,picornaviral,IC50,435.4520000000001,0.24096385542168675,False,False,False,False
HRGLXHJUVQEUTF-JRVBRTRKSA-N,Cc1cc(C(=O)N[C@H](C(=O)N[C@@H](Cc2ccc(F)cc2)C(=O)N[C@@H](/C=C/C(=O)OCc2ccc3ccccc3c2)CCC(N)=O)C(C)C)no1,O=C(CNC(=O)c1ccon1)NC(Cc1ccccc1)C(=O)NCC=CC(=O)OCc1ccc2ccccc2c1,6.3872161432802645,cvb3_3c,picornaviral,IC50,685.7529999999999,0.22549019607843138,False,False,False,False
IKKRBOFRGQOILK-FRKPEAEDSA-N,O=C(N/N=C/c1ccc(O)c(O)c1O)c1ccc(F)cc1,O=C(NN=Cc1ccccc1)c1ccccc1,6.060480747381382,cvb3_3c,picornaviral,IC50,290.25,0.21666666666666667,False,False,False,False
INCDZLYBMGHITK-MWCLYWALSA-N,Cc1cc(C(=O)N[C@H](C(=O)N[C@@H](Cc2ccc(F)cc2)C(=O)N[C@@H](/C=C/C(=O)OCc2cnc3ccccc3c2)CCC(N)=O)C(C)C)no1,O=C(CNC(=O)c1ccon1)NC(Cc1ccccc1)C(=O)NCC=CC(=O)OCc1cnc2ccccc2c1,6.6020599913279625,cvb3_3c,picornaviral,IC50,686.7409999999999,0.21495327102803738,False,False,False,False
IRQXXVYPARARJP-UHFFFAOYSA-N,O=C(CCc1ccc(O)cc1)NNCc1ccc(O)c(O)c1O,O=C(CCc1ccccc1)NNCc1ccccc1,7.096910013008056,cvb3_3c,picornaviral,IC50,318.32900000000006,0.17647058823529413,False,False,False,False
IUWBKVURGPJPHY-RXVVDRJESA-N,Cc1cc(C(=O)N[C@H](C(=O)N[C@@H](Cc2ccc(F)cc2)C(=O)NNCc2ccc(O)c(O)c2O)C(C)C)no1,O=C(CNC(=O)c1ccon1)NC(Cc1ccccc1)C(=O)NNCc1ccccc1,6.638272163982407,cvb3_3c,picornaviral,IC50,543.5520000000001,0.20224719101123595,False,False,False,False
JCTOGMJBKBAGRI-CXUHLZMHSA-N,O=C(Cc1ccccc1)N/N=C/c1ccc(O)c(O)c1O,O=C(Cc1ccccc1)NN=Cc1ccccc1,6.1249387366083,cvb3_3c,picornaviral,IC50,286.287,0.23943661971830985,False,False,False,False
JEQRBHYJOGFFFE-GIJQJNRQSA-N,O=C(CCc1ccc(F)cc1)N/N=C/c1ccc(O)c(O)c1O,O=C(CCc1ccccc1)NN=Cc1ccccc1,6.236572006437063,cvb3_3c,picornaviral,IC50,318.3040000000001,0.19444444444444445,False,False,False,False
JLYTXYIBORABOT-FRKPEAEDSA-N,O=C(N/N=C/c1ccc(O)c(O)c1O)c1ccc(Cl)cc1,O=C(NN=Cc1ccccc1)c1ccccc1,6.229147988357855,cvb3_3c,picornaviral,IC50,306.705,0.1875,False,False,False,False
JWJGWVIXQPIAAG-UHFFFAOYSA-N,O=C1C=CC(=O)N1c1ccc(OC(F)(F)C(F)F)c(N2C(=O)C=CC2=O)c1,O=C1C=CC(=O)N1c1cccc(N2C(=O)C=CC2=O)c1,5.920818753952375,cvb3_3c,picornaviral,IC50,384.2410000000001,0.18055555555555555,False,False,False,False
KPXZBCSVLVUSML-FRKPEAEDSA-N,O=C(N/N=C/c1ccc(O)c(O)c1O)c1ccc(Br)cc1,O=C(NN=Cc1ccccc1)c1ccccc1,6.337242168318426,cvb3_3c,picornaviral,IC50,351.15599999999995,0.18571428571428572,False,False,False,False
LILSTRSJSINJSR-STZFKDTASA-N,N#Cc1ccc(N2N=C(c3ccccc3)/C(=C/c3ccc(C(=O)O)cc3)C2=O)cc1,O=C1C(=Cc2ccccc2)C(c2ccccc2)=NN1c1ccccc1,4.681936665037238,cvb3_3c,picornaviral,IC50,393.40200000000016,0.19480519480519481,False,False,False,False
LUYMSLGZNYRNOP-PDGQHHTCSA-N,O=C(O)c1ccc(/C=C2\C(=O)N(c3ccc(Cl)c(Cl)c3)N=C2c2ccccc2)cc1,O=C1C(=Cc2ccccc2)C(c2ccccc2)=NN1c1ccccc1,3.901356274182943,cvb3_3c,picornaviral,IC50,437.2820000000001,0.19480519480519481,False,False,False,False
LWUHJZSBCHDKTI-UHFFFAOYSA-N,Cc1ccc(NC2=C(Cl)C(=O)c3nc(C)[nH]c3C2=O)cc1,O=C1C=C(Nc2ccccc2)C(=O)c2[nH]cnc21,6.080921907623926,cvb3_3c,picornaviral,IC50,301.73300000000006,0.2037037037037037,False,False,False,False
LWXYILCAINAHMU-VIZOYTHASA-N,O=C(N/N=C/c1ccc(O)c(O)c1O)c1ccc(O)cc1,O=C(NN=Cc1ccccc1)c1ccccc1,6.494850021680094,cvb3_3c,picornaviral,IC50,288.25899999999996,0.17543859649122806,False,False,False,False
MAXORIDDLUGDJW-UHFFFAOYSA-N,O=C(NNCc1ccc(O)c(O)c1O)c1ccc(F)cc1,O=C(NNCc1ccccc1)c1ccccc1,6.187086643357144,cvb3_3c,picornaviral,IC50,292.266,0.19672131147540983,False,False,False,False
MBOKXSKNGHWALA-RGVLZGJSSA-N,O=C(CCCCc1ccc(F)cc1)N/N=C/c1ccc(O)c(O)c1O,O=C(CCCCc1ccccc1)NN=Cc1ccccc1,6.327902142064282,cvb3_3c,picornaviral,IC50,346.3580000000001,0.18666666666666668,False,False,False,False
MKHBEFQPQRIGNU-DEDBJZBPSA-N,Cc1cc(C(=O)N[C@H](C(=O)N[C@@H](Cc2ccc(F)cc2)C(=O)N[C@@H](/C=C/C(=O)OCc2ccc3nc[nH]c3c2)CCC(N)=O)C(C)C)no1,O=C(CNC(=O)c1ccon1)NC(Cc1ccccc1)C(=O)NCC=CC(=O)OCc1ccc2nc[nH]c2c1,6.327902142064282,cvb3_3c,picornaviral,IC50,675.7179999999998,0.1926605504587156,False,False,False,False
MMUNIUXTVZOGQG-UHFFFAOYSA-N,O=C(NNCc1ccc(O)c(O)c1O)c1ccccc1,O=C(NNCc1ccccc1)c1ccccc1,6.187086643357144,cvb3_3c,picornaviral,IC50,274.276,0.29411764705882354,False,False,False,False
MVFAMXYJQFIRHC-UHFFFAOYSA-N,O=C(NNCc1ccc(O)c(O)c1O)c1ccc(Cl)cc1,O=C(NNCc1ccccc1)c1ccccc1,6.366531544420413,cvb3_3c,picornaviral,IC50,308.721,0.208955223880597,False,False,False,False
MWCLNRRRGRPIQH-UHFFFAOYSA-N,O=C1C(Cl)=C(Nc2cccc(Cl)c2)C(=O)c2[nH]c(-c3ccncc3)nc21,O=C1C=C(Nc2ccccc2)C(=O)c2[nH]c(-c3ccncc3)nc21,6.259637310505756,cvb3_3c,picornaviral,IC50,385.2100000000001,0.16666666666666666,False,False,False,False
NTCICMNOGGQAPU-UHFFFAOYSA-N,O=C(CCCc1ccccc1)NNCc1ccc(O)c(O)c1O,O=C(CCCc1ccccc1)NNCc1ccccc1,6.468521082957745,cvb3_3c,picornaviral,IC50,316.3570000000001,0.2033898305084746,False,False,False,False
NWVHPGSGPYVLIE-UHFFFAOYSA-N,O=C(Cc1ccc(O)cc1)NNCc1ccc(O)c(O)c1O,O=C(Cc1ccccc1)NNCc1ccccc1,6.958607314841775,cvb3_3c,picornaviral,IC50,304.302,0.18055555555555555,False,False,False,False
OJSISSYWHVKQCO-SSDVNMTOSA-N,CC(C)(C)OC(=O)NC(Cc1ccc(O)cc1)C(=O)N/N=C/c1ccc(O)c(O)c1O,O=C(CCc1ccccc1)NN=Cc1ccccc1,6.267606240177031,cvb3_3c,picornaviral,IC50,431.4450000000001,0.2261904761904762,False,False,False,False
ONCRMOXJCSLZOT-UHFFFAOYSA-N,Cc1nc2c([nH]1)C(=O)C(Cl)=C(Nc1cc(F)cc(F)c1)C2=O,O=C1C(Nc2ccccc2)=CC(=O)c2[nH]cnc21,6.045757490560675,cvb3_3c,picornaviral,IC50,323.68600000000004,0.16666666666666666,False,False,False,False
ONENFIWYOKRDTF-UHFFFAOYSA-N,Cc1[nH]c2ccccc2c1C1=C(O)C(=O)c2ncccc2C1=O,O=C1C(c2c[nH]c3ccccc23)=CC(=O)c2ncccc21,5.958607314841775,cvb3_3c,picornaviral,IC50,304.305,0.20270270270270271,False,False,False,False
ORQDYVINJXCMJR-ZHZULCJRSA-N,O=C(O)c1ccc(/C=C2\C(=O)N(c3ccc(F)cc3)N=C2c2ccccc2)cc1,O=C1C(=Cc2ccccc2)C(c2ccccc2)=NN1c1ccccc1,4.649751981665837,cvb3_3c,picornaviral,IC50,386.38200000000006,0.2,False,False,False,False
OVARUOYBYNKIBP-YBFXNURJSA-N,O=C(CCCCc1ccc(O)cc1)N/N=C/c1ccc(O)c(O)c1O,O=C(CCCCc1ccccc1)NN=Cc1ccccc1,6.958607314841775,cvb3_3c,picornaviral,IC50,344.36700000000013,0.16216216216216217,False,False,False,False
PELXFMRYWGXDSK-OVCLIPMQSA-N,O=C(N/N=C/c1c(O)cc(O)cc1O)c1ccccc1,O=C(NN=Cc1ccccc1)c1ccccc1,5.97061622231479,cvb3_3c,picornaviral,IC50,272.26,0.2692307692307692,False,False,False,False
PFZYOOYAGCKYLZ-UHFFFAOYSA-N,Cc1nc2c([nH]1)C(=O)C(Nc1ccc(C(F)(F)F)cc1)=C(Cl)C2=O,O=C1C=C(Nc2ccccc2)C(=O)c2[nH]cnc21,6.075720713938118,cvb3_3c,picornaviral,IC50,355.70300000000003,0.1780821917808219,False,False,False,False
PKPPYGXQWHCRHE-ODQVOIADSA-N,Cc1cc(C(=O)N[C@H](C(=O)N[C@@H](Cc2ccc(F)cc2)C(=O)N[C@@H](/C=C/C(=O)OCc2cccc3ncccc23)CCC(N)=O)C(C)C)no1,O=C(CNC(=O)c1ccon1)NC(Cc1ccccc1)C(=O)NCC=CC(=O)OCc1cccc2ncccc12,6.552841968657781,cvb3_3c,picornaviral,IC50,686.7409999999999,0.21052631578947367,False,False,False,False
PMKFMQLJQUPNJI-UHFFFAOYSA-N,O=C(CCCCc1ccc(O)cc1)NNCc1ccc(O)c(O)c1O,O=C(CCCCc1ccccc1)NNCc1ccccc1,7.154901959985743,cvb3_3c,picornaviral,IC50,346.3830000000001,0.16901408450704225,False,False,False,False
PMKFMQLJQUPNJI-UHFFFAOYSA-N,O=C(CCCCc1ccc(O)cc1)NNCc1ccc(O)c(O)c1O,O=C(CCCCc1ccccc1)NNCc1ccccc1,6.489454989793388,cvb3_3c,picornaviral,Ki,346.3830000000001,0.16901408450704225,False,False,False,False
PNQZRDGCUZTOKE-LICLKQGHSA-N,O=C(CCc1ccccc1)N/N=C/c1ccc(O)c(O)c1O,O=C(CCc1ccccc1)NN=Cc1ccccc1,6.161150909262744,cvb3_3c,picornaviral,IC50,300.314,0.2,False,False,False,False
PQRAKZHCVWZICS-BUYAPOCTSA-N,Cc1cc(C(=O)N[C@H](C(=O)N[C@@H](Cc2ccc(F)cc2)C(=O)N[C@@H](/C=C/C(=O)OCc2nc3ccccc3[nH]2)CCC(N)=O)C(C)C)no1,O=C(CNC(=O)c1ccon1)NC(Cc1ccccc1)C(=O)NCC=CC(=O)OCc1nc2ccccc2[nH]1,6.619788758288394,cvb3_3c,picornaviral,IC50,675.7179999999998,0.21296296296296297,False,False,False,False
PVILASXDHFRBJS-UHFFFAOYSA-N,O=C1C(Sc2ccc(Cl)cc2)=C(Sc2ccc(Cl)cc2)C(=O)c2[nH]c(-c3ccncc3)nc21,O=C1C(Sc2ccccc2)=C(Sc2ccccc2)C(=O)c2[nH]c(-c3ccncc3)nc21,6.2441251443275085,cvb3_3c,picornaviral,IC50,510.4270000000002,0.16455696202531644,False,False,False,False
PWZGWWSLFYRHCY-JLHYYAGUSA-N,NC(=O)c1cc(C(=O)C(Sc2ccccc2)Sc2ccccc2)cn1C/C=C/c1ccccc1,O=C(c1ccn(CC=Cc2ccccc2)c1)C(Sc1ccccc1)Sc1ccccc1,3.565431095965801,cvb3_3c,picornaviral,Ki,484.64600000000013,0.2571428571428571,False,False,False,False
PYEZLPOVTUUPKI-UHFFFAOYSA-N,CCCCC(=O)Oc1c(O)ccc(CNNC(=O)c2ccc(O)cc2)c1O,O=C(NNCc1ccccc1)c1ccccc1,5.991399828238082,cvb3_3c,picornaviral,IC50,374.3930000000001,0.16176470588235295,False,False,False,False
QCGAVPFARRYPDN-VVVFKUNYSA-N,Cc1cc(C(=O)N[C@H](C(=O)N[C@@H](Cc2ccc(F)cc2)C(=O)N[C@@H](/C=C/C(=O)OCc2ccc3cnccc3c2)CCC(N)=O)C(C)C)no1,O=C(CNC(=O)c1ccon1)NC(Cc1ccccc1)C(=O)NCC=CC(=O)OCc1ccc2cnccc2c1,6.619788758288394,cvb3_3c,picornaviral,IC50,686.7409999999999,0.19444444444444445,False,False,False,False
QRHZWNUTPGHNKT-OVCLIPMQSA-N,O=C(N/N=C/c1ccc(O)c(O)c1O)c1ccccc1,O=C(NN=Cc1ccccc1)c1ccccc1,6.013228265733755,cvb3_3c,picornaviral,IC50,272.26,0.2641509433962264,False,False,False,False
QVXJUGMCVSCLKQ-UHFFFAOYSA-N,O=C(Cc1ccccc1)NNCc1ccc(O)c(O)c1O,O=C(Cc1ccccc1)NNCc1ccccc1,6.3872161432802645,cvb3_3c,picornaviral,IC50,288.303,0.2463768115942029,False,False,False,False
QWSJDAHPQJMHTH-UHFFFAOYSA-N,CC1(C)CC(=O)c2cc(C(N)=O)c(=O)oc2C1,O=C1CCCc2oc(=O)ccc21,3.449771646944906,cvb3_3c,picornaviral,IC50,235.23899999999995,0.21428571428571427,False,False,False,False
QWSJDAHPQJMHTH-UHFFFAOYSA-N,CC1(C)CC(=O)c2cc(C(N)=O)c(=O)oc2C1,O=C1CCCc2oc(=O)ccc21,3.405607449624573,cvb3_3c,picornaviral,Ki,235.23899999999995,0.21428571428571427,False,False,False,False
QZSKUOPGEYXPDL-UHFFFAOYSA-N,O=C(NNCc1ccc(O)c(O)c1O)c1ccc(Br)cc1,O=C(NNCc1ccccc1)c1ccccc1,6.6777807052660805,cvb3_3c,picornaviral,IC50,353.172,0.19696969696969696,False,False,False,False
RIGVMAYRBNHZDF-UHFFFAOYSA-N,O=C1C(Oc2ccc(O)cc2)=C(Oc2ccc(O)cc2)C(=O)c2ncccc21,O=C1C(Oc2ccccc2)=C(Oc2ccccc2)C(=O)c2ncccc21,5.920818753952375,cvb3_3c,picornaviral,IC50,375.3360000000001,0.19117647058823528,False,False,False,False
RJINLRBSXMOGAQ-UEKZKNBCSA-N,O=C(OC[C@H]1O[C@@H](O)[C@H](OC(=O)c2cc(O)c(O)c(O)c2)[C@@H](OC(=O)c2cc(O)c(O)c(O)c2)[C@@H]1OC(=O)c1cc(O)c(O)c(O)c1)c1cc(O)c(O)c(O)c1,O=C(OCC1OCC(OC(=O)c2ccccc2)C(OC(=O)c2ccccc2)C1OC(=O)c1ccccc1)c1ccccc1,5.698970004336019,cvb3_3c,picornaviral,IC50,788.5760000000004,0.13432835820895522,False,False,False,False
RKGZJLRSGAZTDV-MXLGVBTFSA-N,Cc1cc(C(=O)N[C@H](C(=O)N[C@@H](Cc2ccc(F)cc2)C(=O)N/N=C/c2ccc(O)c(O)c2O)C(C)C)no1,O=C(CNC(=O)c1ccon1)NC(Cc1ccccc1)C(=O)NN=Cc1ccccc1,6.214670164989233,cvb3_3c,picornaviral,IC50,541.5360000000002,0.18478260869565216,False,False,False,False
RTCBMLJMPYBPQR-UHFFFAOYSA-N,CS(=O)(=O)c1ccc(C(=O)NNCc2ccc(O)c(O)c2O)cc1,O=C(NNCc1ccccc1)c1ccccc1,6.113509274827518,cvb3_3c,picornaviral,IC50,352.36800000000005,0.27692307692307694,False,False,False,False
RVYAEMGOIASURS-VXLYETTFSA-N,O=C(CCCc1ccc(F)cc1)N/N=C/c1ccc(O)c(O)c1O,O=C(CCCc1ccccc1)NN=Cc1ccccc1,6.1938200260161125,cvb3_3c,picornaviral,IC50,332.3310000000001,0.1891891891891892,False,False,False,False
SDYGSORVDVBEJQ-FKTMETJUSA-N,Cc1cc(C(=O)N[C@H](C(=O)N[C@@H](Cc2ccc(F)cc2)C(=O)N[C@@H](/C=C/C(=O)OCc2nc3cc(Cl)ccc3[nH]2)CCC(N)=O)C(C)C)no1,O=C(CNC(=O)c1ccon1)NC(Cc1ccccc1)C(=O)NCC=CC(=O)OCc1nc2ccccc2[nH]1,6.187086643357144,cvb3_3c,picornaviral,IC50,710.1629999999999,0.18584070796460178,False,False,False,False
SEJNFOSFYHJHLQ-VLBJTZDPSA-N,Cc1cc(C(=O)N[C@H](C(=O)N[C@@H](Cc2ccc(F)cc2)C(=O)N[C@@H](/C=C/C(=O)OCc2cn3cccc(C)c3n2)CCC(N)=O)C(C)C)no1,O=C(CNC(=O)c1ccon1)NC(Cc1ccccc1)C(=O)NCC=CC(=O)OCc1cn2ccccc2n1,6.769551078621726,cvb3_3c,picornaviral,IC50,689.7449999999998,0.2072072072072072,False,False,False,False
SHKRFRMXWHNKAJ-RQZCQDPDSA-N,O=C(CCc1ccc(O)cc1)N/N=C/c1ccc(O)c(O)c1O,O=C(CCc1ccccc1)NN=Cc1ccccc1,6.920818753952375,cvb3_3c,picornaviral,IC50,316.31300000000005,0.16901408450704225,False,False,False,False
SJJRSHRBNVWERV-VCHYOVAHSA-N,O=C(CCCc1ccc(O)cc1)N/N=C/c1ccc(O)c(O)c1O,O=C(CCCc1ccccc1)NN=Cc1ccccc1,6.795880017344075,cvb3_3c,picornaviral,IC50,330.3400000000001,0.1643835616438356,False,False,False,False
SKDHKWUGBPQTRB-LZYBPNLTSA-N,O=C(Cc1ccc(O)cc1)N/N=C/c1ccc(O)c(O)c1O,O=C(Cc1ccccc1)NN=Cc1ccccc1,6.7447274948966935,cvb3_3c,picornaviral,IC50,302.28600000000006,0.17333333333333334,False,False,False,False
TUWOPVCIIBKUQS-UHFFFAOYSA-N,O=C1C(Cl)=C(Cl)C(=O)c2ncccc21,O=C1C=CC(=O)c2ncccc21,6.200659450546418,cvb3_3c,picornaviral,IC50,228.03400000000002,0.225,False,False,False,False
TXDOHXDBDRTDGS-RDCCYBAYSA-N,Cc1cc(C(=O)N[C@H](C(=O)N[C@@H](Cc2ccc(F)cc2)C(=O)N[C@@H](/C=C/C(=O)OCc2cn3c(C)cccc3n2)CCC(N)=O)C(C)C)no1,O=C(CNC(=O)c1ccon1)NC(Cc1ccccc1)C(=O)NCC=CC(=O)OCc1cn2ccccc2n1,6.795880017344075,cvb3_3c,picornaviral,IC50,689.7449999999999,0.22018348623853212,False,False,False,False
UFAOOOXRKXGDQK-UHFFFAOYSA-N,O=C(CCCCc1ccc(F)cc1)NNCc1ccc(O)c(O)c1O,O=C(CCCCc1ccccc1)NNCc1ccccc1,6.638272163982407,cvb3_3c,picornaviral,IC50,348.3740000000001,0.1917808219178082,False,False,False,False
UFXLUKKFLJPIKG-GUOLPTJISA-N,COC(=O)/C=C/C(=O)[C@@H](NC(=O)OC(C)(C)C)C(C)C,,5.7447274948966935,cvb3_3c,picornaviral,IC50,285.34,0.2537313432835821,False,False,False,False
UHDQZVJYGGPJKP-LZYBPNLTSA-N,CS(=O)(=O)c1ccc(C(=O)N/N=C/c2ccc(O)c(O)c2O)cc1,O=C(NN=Cc1ccccc1)c1ccccc1,6.050609993355087,cvb3_3c,picornaviral,IC50,350.3520000000001,0.2727272727272727,False,False,False,False
UHFAIQCYCCLRNB-UHFFFAOYSA-N,O=C(CCCc1ccc(O)cc1)NNCc1ccc(O)c(O)c1O,O=C(CCCc1ccccc1)NNCc1ccccc1,7.0,cvb3_3c,picornaviral,IC50,332.3560000000001,0.17391304347826086,False,False,False,False
UHTZFBMJIXOTDM-BUVRLJJBSA-N,CCCCC(=O)Oc1c(O)ccc(/C=N/NC(=O)CCCCc2ccc(O)cc2)c1O,O=C(CCCCc1ccccc1)NN=Cc1ccccc1,6.013228265733755,cvb3_3c,picornaviral,IC50,428.4850000000003,0.15294117647058825,False,False,False,False
VIRSYWYTAKFHQH-UHFFFAOYSA-N,CN(Cc1ccccc1)CC(C(=O)c1ccc(Cl)cc1)n1cnc2ccccc2c1=O,O=C(c1ccccc1)C(CNCc1ccccc1)n1cnc2ccccc2c1=O,5.207608310501746,cvb3_3c,picornaviral,IC50,431.92300000000006,0.21794871794871795,False,False,False,False
VNVKNQQVNIWCKD-IWOWISEDSA-N,CC(=O)/C=C/[C@H](C[C@@H]1CNCC1=O)NC(=O)[C@H](CC(C)C)NC(=O)[C@H](CNC(=O)C(C)(C)C)NC(=O)OCc1ccccc1,O=C(CNC(=O)CNC(=O)OCc1ccccc1)NCCC1CNCC1=O,6.096910013008056,cvb3_3c,picornaviral,Ki,613.7560000000002,0.20192307692307693,False,False,False,False
WJFIXLCBCUBPKR-UHFFFAOYSA-N,O=C(Cc1ccc(F)cc1)NNCc1ccc(O)c(O)c1O,O=C(Cc1ccccc1)NNCc1ccccc1,6.468521082957745,cvb3_3c,picornaviral,IC50,306.29300000000006,0.208955223880597,False,False,False,False
WRFQWVSWEOGOBO-CAOOACKPSA-N,O=C(Cc1ccc(F)cc1)N/N=C/c1ccc(O)c(O)c1O,O=C(Cc1ccccc1)NN=Cc1ccccc1,6.180456064458131,cvb3_3c,picornaviral,IC50,304.27700000000004,0.2028985507246377,False,False,False,False
WZCKXDQMLDDARA-QNGOZBTKSA-N,COc1ccc(N2N=C(c3ccccc3)/C(=C/c3ccc(C(=O)O)cc3)C2=O)cc1,O=C1C(=Cc2ccccc2)C(c2ccccc2)=NN1c1ccccc1,4.779891911959945,cvb3_3c,picornaviral,IC50,398.4180000000002,0.22058823529411764,False,False,False,False
WZNUTIQLBDPXDT-MOSHPQCFSA-N,O=C(O)c1ccc(/C=C2\C(=O)N(c3cccc(Cl)c3)N=C2c2ccccc2)cc1,O=C1C(=Cc2ccccc2)C(c2ccccc2)=NN1c1ccccc1,4.761953896871205,cvb3_3c,picornaviral,IC50,402.83700000000005,0.17647058823529413,False,False,False,False
XHZRUJAPZDHHAD-UHFFFAOYSA-N,O=C(NNCc1ccc(O)c(O)c1O)c1ccc(O)cc1,O=C(NNCc1ccccc1)c1ccccc1,6.769551078621726,cvb3_3c,picornaviral,IC50,290.275,0.2037037037037037,False,False,False,False
XUVBFRGQXWRLLK-UHFFFAOYSA-N,Cc1[nH]c2ccccc2c1C1=C(Cl)C(=O)c2ncccc2C1=O,O=C1C(c2c[nH]c3ccccc23)=CC(=O)c2ncccc21,6.136677139879544,cvb3_3c,picornaviral,IC50,322.75100000000003,0.18666666666666668,False,False,False,False
XZRQEQXDQMNSTO-UHFFFAOYSA-N,CCCCC(=O)Oc1c(O)ccc(CNNC(=O)CCCCc2ccc(O)cc2)c1O,O=C(CCCCc1ccccc1)NNCc1ccccc1,6.060480747381382,cvb3_3c,picornaviral,IC50,430.50100000000026,0.15853658536585366,False,False,False,False
YHWOLQRJPRGSRE-WOJGMQOQSA-N,O=C(CCCc1ccccc1)N/N=C/c1ccc(O)c(O)c1O,O=C(CCCc1ccccc1)NN=Cc1ccccc1,6.1487416512809245,cvb3_3c,picornaviral,IC50,314.34100000000007,0.1935483870967742,False,False,False,False
YNYXAUDOILNQIE-UHFFFAOYSA-N,O=C1C(Sc2ccccc2)=C(Sc2ccccc2)C(=O)c2[nH]c(-c3ccncc3)nc21,O=C1C(Sc2ccccc2)=C(Sc2ccccc2)C(=O)c2[nH]c(-c3ccncc3)nc21,6.102372908709558,cvb3_3c,picornaviral,IC50,441.53700000000015,0.16981132075471697,False,False,False,False
YUTZYIPZGYKPKX-OQLLNIDSSA-N,O=C(N/N=C/c1cc(O)ccc1O)c1ccccc1,O=C(NN=Cc1ccccc1)c1ccccc1,5.2588484011482155,cvb3_3c,picornaviral,IC50,256.26099999999997,0.25925925925925924,False,False,False,False
YVNLYBSIKJWKAC-UHFFFAOYSA-N,O=C(NNCc1c(O)cc(O)cc1O)c1ccccc1,O=C(NNCc1ccccc1)c1ccccc1,6.113509274827518,cvb3_3c,picornaviral,IC50,274.276,0.30612244897959184,False,False,False,False
YXVLYUIUUCXCMR-RGVLZGJSSA-N,CCCCC(=O)Oc1c(O)ccc(/C=N/NC(=O)c2ccc(O)cc2)c1O,O=C(NN=Cc1ccccc1)c1ccccc1,5.917214629683549,cvb3_3c,picornaviral,IC50,372.3770000000001,0.15789473684210525,False,False,False,False
YZVRXPHVOKGNEW-MOSHPQCFSA-N,O=C(O)c1ccc(/C=C2\C(=O)N(c3cccc([N+](=O)[O-])c3)N=C2c2ccccc2)cc1,O=C1C(=Cc2ccccc2)C(c2ccccc2)=NN1c1ccccc1,5.017728766960431,cvb3_3c,picornaviral,IC50,413.38900000000007,0.16455696202531644,False,False,False,False
ZCDKQGFVOBMWRO-UHFFFAOYSA-N,O=C(CCN1CCc2ccccc2CC1)c1ccc2c(c1)OCCO2,O=C(CCN1CCc2ccccc2CC1)c1ccc2c(c1)OCCO2,4.954677021213342,cvb3_3c,picornaviral,IC50,337.41900000000015,0.2727272727272727,False,False,False,False
ZGJRSKNKWWSLSJ-UHFFFAOYSA-N,O=C(CCCc1ccc(F)cc1)NNCc1ccc(O)c(O)c1O,O=C(CCCc1ccccc1)NNCc1ccccc1,6.3979400086720375,cvb3_3c,picornaviral,IC50,334.3470000000001,0.19718309859154928,False,False,False,False
ZWENKFFLAIDEEZ-VMPITWQZSA-N,CC(=O)c1cc(C(N)=O)n(C/C=C/c2ccccc2)c1,C(=Cc1ccccc1)Cn1cccc1,3.7055337738384067,cvb3_3c,picornaviral,Ki,268.316,0.23728813559322035,False,False,False,False
ZWZVIAQVWZFRBG-QPQAHCDJSA-N,Cc1cc(C(=O)N[C@H](C(=O)N[C@@H](Cc2ccc(F)cc2)C(=O)N[C@@H](/C=C/C(=O)OCc2ccnc3ccccc23)CCC(N)=O)C(C)C)no1,O=C(CNC(=O)c1ccon1)NC(Cc1ccccc1)C(=O)NCC=CC(=O)OCc1ccnc2ccccc12,6.886056647693163,cvb3_3c,picornaviral,IC50,686.7409999999999,0.2169811320754717,False,False,False,False
ZYTUVQILDHABLA-KGVSQERTSA-N,NC(CO)C(=O)N/N=C/c1ccc(O)c(O)c1O,c1ccccc1,5.568636235841012,cvb3_3c,picornaviral,IC50,255.23000000000002,0.15384615384615385,False,True,False,True
CWTNTKYDSJOZQA-GCBQAYLCSA-N,Cc1cc(C(=O)N[C@@H](Cc2ccc(F)cc2)C(=O)N[C@@H](C[C@@H]2CCCNC2=O)[C@H](C#N)OC(=O)NC2CC2)no1,O=C(NC1CC1)OCC(CC1CCCNC1=O)NC(=O)C(Cc1ccccc1)NC(=O)c1ccon1,5.892790030352131,ev71_3c,picornaviral,Ki,554.5790000000003,0.23157894736842105,False,False,False,False
CWTNTKYDSJOZQA-RBPBXQJFSA-N,Cc1cc(C(=O)N[C@@H](Cc2ccc(F)cc2)C(=O)N[C@@H](C[C@@H]2CCCNC2=O)[C@@H](C#N)OC(=O)NC2CC2)no1,O=C(NC1CC1)OCC(CC1CCCNC1=O)NC(=O)C(Cc1ccccc1)NC(=O)c1ccon1,5.20690839982342,ev71_3c,picornaviral,Ki,554.5790000000003,0.23157894736842105,False,False,False,False
FPMWSRHYRPEQIF-ROQCDXFCSA-N,CCCNC(=O)O[C@@H](C#N)[C@H](C[C@@H]1CCCNC1=O)NC(=O)[C@H](Cc1ccc(F)cc1)NC(=O)c1cc(C)on1,O=C(NC(Cc1ccccc1)C(=O)NCCC1CCCNC1=O)c1ccon1,7.070581074285707,ev71_3c,picornaviral,Ki,556.5950000000001,0.2,False,False,False,False
FPMWSRHYRPEQIF-XHRGMSINSA-N,CCCNC(=O)O[C@H](C#N)[C@H](C[C@@H]1CCCNC1=O)NC(=O)[C@H](Cc1ccc(F)cc1)NC(=O)c1cc(C)on1,O=C(NC(Cc1ccccc1)C(=O)NCCC1CCCNC1=O)c1ccon1,6.73754891026957,ev71_3c,picornaviral,Ki,556.5950000000001,0.2,False,False,False,False
HOCQCJJEKMWRHO-MCNSAMFCSA-N,CCN1C(=N)[C@@H]([C@H](C[C@@H]2CCCNC2=O)NC(=O)[C@H](Cc2ccc(F)cc2)NC(=O)c2cc(C)on2)OC1=O,N=C1NC(=O)OC1C(CC1CCCNC1=O)NC(=O)C(Cc1ccccc1)NC(=O)c1ccon1,6.657577319177793,ev71_3c,picornaviral,Ki,542.5680000000002,0.22,False,False,False,False
HOCQCJJEKMWRHO-WBKMXMRLSA-N,CCN1C(=N)[C@H]([C@H](C[C@@H]2CCCNC2=O)NC(=O)[C@H](Cc2ccc(F)cc2)NC(=O)c2cc(C)on2)OC1=O,N=C1NC(=O)OC1C(CC1CCCNC1=O)NC(=O)C(Cc1ccccc1)NC(=O)c1ccon1,5.452225294612178,ev71_3c,picornaviral,Ki,542.5680000000002,0.22,False,False,False,False
LCFFEBYXARNBNL-ROQCDXFCSA-N,Cc1cc(C(=O)N[C@@H](Cc2ccc(F)cc2)C(=O)N[C@@H](C[C@@H]2CCCNC2=O)[C@H](C#N)OC(=O)C2CC2)no1,O=C(NC(Cc1ccccc1)C(=O)NC(COC(=O)C1CC1)CC1CCCNC1=O)c1ccon1,6.251811972993799,ev71_3c,picornaviral,Ki,539.5640000000004,0.22,False,False,False,False
LXXDCFPWXBHMMR-UTYWTXRGSA-N,CC(=O)O[C@@H](C#N)[C@H](C[C@@H]1CCCNC1=O)NC(=O)[C@H](Cc1ccc(F)cc1)NC(=O)c1cc(C)on1,O=C(NC(Cc1ccccc1)C(=O)NCCC1CCCNC1=O)c1ccon1,7.1938200260161125,ev71_3c,picornaviral,Ki,513.5260000000002,0.21212121212121213,False,False,False,False
LYXBHUNPPLNKQY-CAIZAGQASA-N,Cc1cc(C(=O)N[C@@H](Cc2ccc(F)cc2)C(=O)N[C@@H](C[C@@H]2CCCNC2=O)[C@@H]2OC(=O)N(C)C2=N)no1,N=C1NC(=O)OC1C(CC1CCCNC1=O)NC(=O)C(Cc1ccccc1)NC(=O)c1ccon1,6.6777807052660805,ev71_3c,picornaviral,Ki,528.5410000000003,0.2268041237113402,False,False,False,False
LYXBHUNPPLNKQY-TXJVSEOTSA-N,Cc1cc(C(=O)N[C@@H](Cc2ccc(F)cc2)C(=O)N[C@@H](C[C@@H]2CCCNC2=O)[C@H]2OC(=O)N(C)C2=N)no1,N=C1NC(=O)OC1C(CC1CCCNC1=O)NC(=O)C(Cc1ccccc1)NC(=O)c1ccon1,6.552841968657781,ev71_3c,picornaviral,Ki,528.5410000000003,0.2268041237113402,False,False,False,False
MLJCYQYNSWOFIW-UTYWTXRGSA-N,CCNC(=O)O[C@@H](C#N)[C@H](C[C@@H]1CCCNC1=O)NC(=O)[C@H](Cc1ccc(F)cc1)NC(=O)c1cc(C)on1,O=C(NC(Cc1ccccc1)C(=O)NCCC1CCCNC1=O)c1ccon1,7.292429823902063,ev71_3c,picornaviral,Ki,542.5680000000001,0.21568627450980393,False,False,False,False
MLJCYQYNSWOFIW-WCCBULMPSA-N,CCNC(=O)O[C@H](C#N)[C@H](C[C@@H]1CCCNC1=O)NC(=O)[C@H](Cc1ccc(F)cc1)NC(=O)c1cc(C)on1,O=C(NC(Cc1ccccc1)C(=O)NCCC1CCCNC1=O)c1ccon1,6.721246399047171,ev71_3c,picornaviral,Ki,542.5680000000001,0.21568627450980393,False,False,False,False
NSGVTCSNDKPNDY-ROQCDXFCSA-N,Cc1cc(C(=O)N[C@@H](Cc2ccc(F)cc2)C(=O)N[C@@H](C[C@@H]2CCCNC2=O)[C@H](C#N)OC(=O)NC(C)C)no1,O=C(NC(Cc1ccccc1)C(=O)NCCC1CCCNC1=O)c1ccon1,7.443697499232712,ev71_3c,picornaviral,Ki,556.5950000000003,0.2079207920792079,False,False,False,False
NSGVTCSNDKPNDY-XHRGMSINSA-N,Cc1cc(C(=O)N[C@@H](Cc2ccc(F)cc2)C(=O)N[C@@H](C[C@@H]2CCCNC2=O)[C@@H](C#N)OC(=O)NC(C)C)no1,O=C(NC(Cc1ccccc1)C(=O)NCCC1CCCNC1=O)c1ccon1,7.031517051446065,ev71_3c,picornaviral,Ki,556.5950000000003,0.2079207920792079,False,False,False,False
OPSPMNMIFLWDAJ-MCNSAMFCSA-N,CNC(=O)O[C@H](C#N)[C@H](C[C@@H]1CCCNC1=O)NC(=O)[C@H](Cc1ccc(F)cc1)NC(=O)c1cc(C)on1,O=C(NC(Cc1ccccc1)C(=O)NCCC1CCCNC1=O)c1ccon1,7.337242168318426,ev71_3c,picornaviral,Ki,528.5410000000002,0.2079207920792079,False,False,False,False
OPSPMNMIFLWDAJ-WBKMXMRLSA-N,CNC(=O)O[C@@H](C#N)[C@H](C[C@@H]1CCCNC1=O)NC(=O)[C@H](Cc1ccc(F)cc1)NC(=O)c1cc(C)on1,O=C(NC(Cc1ccccc1)C(=O)NCCC1CCCNC1=O)c1ccon1,7.1487416512809245,ev71_3c,picornaviral,Ki,528.5410000000002,0.2079207920792079,False,False,False,False
QRFRUXNHPPRTQO-CAIZAGQASA-N,Cc1cc(C(=O)N[C@@H](Cc2ccc(F)cc2)C(=O)N[C@@H](C[C@@H]2CCCNC2=O)[C@@H](O)C#N)no1,O=C(NC(Cc1ccccc1)C(=O)NCCC1CCCNC1=O)c1ccon1,8.397940008672037,ev71_3c,picornaviral,Ki,471.48900000000026,0.22340425531914893,False,False,False,False
RLGCWSQBPDYQFO-UTYWTXRGSA-N,CCCN1C(=N)[C@H]([C@H](C[C@@H]2CCCNC2=O)NC(=O)[C@H](Cc2ccc(F)cc2)NC(=O)c2cc(C)on2)OC1=O,N=C1NC(=O)OC1C(CC1CCCNC1=O)NC(=O)C(Cc1ccccc1)NC(=O)c1ccon1,5.585026652029182,ev71_3c,picornaviral,Ki,556.5950000000003,0.21568627450980393,False,False,False,False
RLGCWSQBPDYQFO-WCCBULMPSA-N,CCCN1C(=N)[C@@H]([C@H](C[C@@H]2CCCNC2=O)NC(=O)[C@H](Cc2ccc(F)cc2)NC(=O)c2cc(C)on2)OC1=O,N=C1NC(=O)OC1C(CC1CCCNC1=O)NC(=O)C(Cc1ccccc1)NC(=O)c1ccon1,7.080921907623926,ev71_3c,picornaviral,Ki,556.5950000000003,0.21568627450980393,False,False,False,False
RSRTWJBTRIQSKI-UTYWTXRGSA-N,Cc1cc(C(=O)N[C@@H](Cc2ccc(F)cc2)C(=O)N[C@@H](C[C@@H]2CCCNC2=O)[C@@H]2OC(=O)N(C(C)C)C2=N)no1,N=C1NC(=O)OC1C(CC1CCCNC1=O)NC(=O)C(Cc1ccccc1)NC(=O)c1ccon1,7.214670164989233,ev71_3c,picornaviral,Ki,556.5950000000004,0.2222222222222222,False,False,False,False
RSRTWJBTRIQSKI-WCCBULMPSA-N,Cc1cc(C(=O)N[C@@H](Cc2ccc(F)cc2)C(=O)N[C@@H](C[C@@H]2CCCNC2=O)[C@H]2OC(=O)N(C(C)C)C2=N)no1,N=C1NC(=O)OC1C(CC1CCCNC1=O)NC(=O)C(Cc1ccccc1)NC(=O)c1ccon1,7.481486060122112,ev71_3c,picornaviral,Ki,556.5950000000004,0.2222222222222222,False,False,False,False
VATVFTKKNCZRHD-RAWXMELESA-N,Cc1cc(C(=O)N[C@@H](Cc2ccc(F)cc2)C(=O)N[C@@H](C[C@@H]2CCCNC2=O)[C@H]2OC(=O)N(C3CC3)C2=N)no1,N=C1C(C(CC2CCCNC2=O)NC(=O)C(Cc2ccccc2)NC(=O)c2ccon2)OC(=O)N1C1CC1,5.767003889607846,ev71_3c,picornaviral,Ki,554.5790000000004,0.2222222222222222,False,False,False,False
VLAPTZLLUNQQCF-ROQCDXFCSA-N,Cc1cc(C(=O)N[C@@H](Cc2ccc(F)cc2)C(=O)N[C@@H](C[C@@H]2CCCNC2=O)[C@H](C#N)OC(=O)C(C)C)no1,O=C(NC(Cc1ccccc1)C(=O)NCCC1CCCNC1=O)c1ccon1,6.619788758288394,ev71_3c,picornaviral,Ki,541.5800000000004,0.2079207920792079,False,False,False,False
VRLYEGWARGLUIM-CHLMOITFSA-N,CCCCNC(=O)O[C@@H](C#N)[C@H](C[C@@H]1CCCNC1=O)NC(=O)[C@H](Cc1ccc(F)cc1)NC(=O)c1cc(C)on1,O=C(NC(Cc1ccccc1)C(=O)NCCC1CCCNC1=O)c1ccon1,6.346787486224656,ev71_3c,picornaviral,Ki,570.6220000000002,0.19626168224299065,False,False,False,False
VRLYEGWARGLUIM-NRTAZHGZSA-N,CCCCNC(=O)O[C@H](C#N)[C@H](C[C@@H]1CCCNC1=O)NC(=O)[C@H](Cc1ccc(F)cc1)NC(=O)c1cc(C)on1,O=C(NC(Cc1ccccc1)C(=O)NCCC1CCCNC1=O)c1ccon1,5.320572103387882,ev71_3c,picornaviral,Ki,570.6220000000002,0.19626168224299065,False,False,False,False
VZBHGOVMXYENAA-XHRGMSINSA-N,CCCCN1C(=N)[C@@H]([C@H](C[C@@H]2CCCNC2=O)NC(=O)[C@H](Cc2ccc(F)cc2)NC(=O)c2cc(C)on2)OC1=O,N=C1NC(=O)OC1C(CC1CCCNC1=O)NC(=O)C(Cc1ccccc1)NC(=O)c1ccon1,5.5951662833800615,ev71_3c,picornaviral,Ki,570.6220000000002,0.21153846153846154,False,False,False,False
BYVGYYMLWXAQPH-WXJHPKIDSA-N,Cc1cc(C(=O)N[C@H]2C/C=C/CO[C@H]3CCN(C3)C(=O)CC[C@@H](C=O)NC(=O)[C@H](Cc3ccc(F)cc3)NC2=O)no1,O=C(NC1CC=CCOC2CCN(C2)C(=O)CCCNC(=O)C(Cc2ccccc2)NC1=O)c1ccon1,8.522878745280337,hrv14_3c,picornaviral,IC50,583.6170000000002,0.2169811320754717,False,False,False,False
DGSFLQGLVVBUEU-UHFFFAOYSA-N,COc1ccc(OC2=C(Cl)C(=O)c3ccccc3C2=O)c([N+](=O)[O-])c1,O=C1C=C(Oc2ccccc2)C(=O)c2ccccc21,6.070581074285707,hrv14_3c,picornaviral,IC50,359.7210000000001,0.25,False,False,False,False
DZLXODMCIHGDBX-BLKABHOGSA-N,Cc1cc(C(=O)N[C@H]2CNC(=O)[C@H]3CCCN3C(=O)CC[C@@H](C=O)NC(=O)[C@H](Cc3ccc(F)cc3)NC2=O)no1,O=C(NC1CNC(=O)C2CCCN2C(=O)CCCNC(=O)C(Cc2ccccc2)NC1=O)c1ccon1,8.221848749616356,hrv14_3c,picornaviral,IC50,570.5780000000002,0.23469387755102042,False,False,False,False
GWMCHRBWEZGESK-VCHRRKICSA-N,Cc1cc(C(=O)N[C@H]2CCCCN(C)C(=O)CC[C@@H](C=O)NC(=O)[C@@H]3C[C@@H](c4ccccc4)CN3C2=O)no1,O=C1CCCNC(=O)C2CC(c3ccccc3)CN2C(=O)C(NC(=O)c2ccon2)CCCCN1,5.132532512140949,hrv14_3c,picornaviral,IC50,537.6170000000002,0.21568627450980393,False,False,False,False
HNJTWNHVYYHHQE-DJHGOXGWSA-N,CC(=O)NCC(C=O)NC(=O)[C@H](Cc1ccccc1)NC(=O)[C@H](CC(C)C)NC(=O)OCc1ccccc1,O=C(CNC(=O)OCc1ccccc1)NCCc1ccccc1,8.154901959985743,hrv14_3c,picornaviral,IC50,524.6180000000003,0.19230769230769232,False,False,False,False
MIFJDRMCQMTGCX-UDIDDNNKSA-N,Cc1cc(C(=O)N[C@H]2CCCNC(=O)[C@H]3CCN(C3)C(=O)CC[C@@H](C=O)NC(=O)[C@H](Cc3ccc(F)cc3)NC2=O)no1,O=C(NC1CCCNC(=O)C2CCN(C2)C(=O)CCCNC(=O)C(Cc2ccccc2)NC1=O)c1ccon1,8.698970004336019,hrv14_3c,picornaviral,IC50,598.6320000000003,0.22330097087378642,False,False,False,False
ONCRMOXJCSLZOT-UHFFFAOYSA-N,Cc1nc2c([nH]1)C(=O)C(Cl)=C(Nc1cc(F)cc(F)c1)C2=O,O=C1C(Nc2ccccc2)=CC(=O)c2[nH]cnc21,5.075720713938118,hrv14_3c,picornaviral,IC50,323.68600000000004,0.16666666666666666,False,False,False,False
OONGPQWCSQAMTM-HWBMXIPRSA-N,Cc1cc(C(=O)N[C@@H]2C(=O)N[C@@H](Cc3ccc(F)cc3)C(=O)N[C@H](C=O)CCC(=O)NCc3cccc2c3)no1,O=C1CCCNC(=O)C(Cc2ccccc2)NC(=O)C(NC(=O)c2ccon2)c2cccc(c2)CN1,6.123205023799299,hrv14_3c,picornaviral,IC50,549.5590000000003,0.20652173913043478,False,False,False,False
PANNIAVMSAILQJ-FXSPECFOSA-N,Cc1cc(C(=O)N[C@@H]2C(=O)N[C@@H](Cc3ccc(F)cc3)C(=O)N[C@H](C=O)CCC(=O)N(C)Cc3cccc2c3)no1,O=C1CCCNC(=O)C(Cc2ccccc2)NC(=O)C(NC(=O)c2ccon2)c2cccc(c2)CN1,8.096910013008056,hrv14_3c,picornaviral,IC50,563.5860000000002,0.23404255319148937,False,False,False,False
QKTAPLSCSGIUDI-BJLQDIEVSA-N,Cc1cc(C(=O)N[C@H]2CNC(=O)CN(C)C(=O)CC[C@@H](C=O)NC(=O)[C@H](Cc3ccc(F)cc3)NC2=O)no1,O=C1CCCNC(=O)C(Cc2ccccc2)NC(=O)C(NC(=O)c2ccon2)CNC(=O)CN1,7.7447274948966935,hrv14_3c,picornaviral,IC50,544.5400000000002,0.23333333333333334,False,False,False,False
QXIMJJDEMAWWAM-KGSLCBSSSA-N,Cc1cc(C(=O)N[C@H]2CNC(=O)C[C@H]3CCCN3C(=O)CC[C@@H](C=O)NC(=O)[C@H](Cc3ccc(F)cc3)NC2=O)no1,O=C1CC2CCCN2C(=O)CCCNC(=O)C(Cc2ccccc2)NC(=O)C(NC(=O)c2ccon2)CN1,8.698970004336019,hrv14_3c,picornaviral,IC50,584.6050000000002,0.22549019607843138,False,False,False,False
RNQOAYPKSXZBPS-UFYCRDLUSA-N,Cc1cc(C(=O)N[C@H]2CCCCNC(=O)CC[C@@H](C=O)NC(=O)[C@H](Cc3ccc(F)cc3)NC2=O)no1,O=C1CCCNC(=O)C(Cc2ccccc2)NC(=O)C(NC(=O)c2ccon2)CCCCN1,5.494850021680094,hrv14_3c,picornaviral,IC50,515.5420000000001,0.2159090909090909,False,False,False,False
USQFZCYXSBSNPJ-CWLOZIPZSA-N,CCOC(=O)/C=C/[C@@H]1CCC(=O)N(C)CCCC[C@H](NC(=O)c2cc(C)on2)C(=O)N[C@@H](Cc2ccc(F)cc2)C(=O)N1,O=C1CCCNC(=O)C(Cc2ccccc2)NC(=O)C(NC(=O)c2ccon2)CCCCN1,5.415668775632469,hrv14_3c,picornaviral,IC50,599.6600000000002,0.21904761904761905,False,False,False,False
WPSQQNYEJPIZHY-VABKMULXSA-N,Cc1cc(C(=O)N[C@H]2CCCCN(C)C(=O)CC[C@@H](C(=O)C(=O)N3CCC3)NC(=O)[C@H](Cc3ccc(F)cc3)NC2=O)no1,O=C1CCC(C(=O)C(=O)N2CCC2)NC(=O)C(Cc2ccccc2)NC(=O)C(NC(=O)c2ccon2)CCCCN1,7.455931955649724,hrv14_3c,picornaviral,IC50,612.6590000000002,0.24,False,False,False,False
ZVRJNRSAPAFLHW-BYJQMRIBSA-N,Cc1cc(C(=O)N[C@H]2C/C=C/CCCO[C@H]3CCN(C3)C(=O)CC[C@@H](C=O)NC(=O)[C@H](Cc3ccc(F)cc3)NC2=O)no1,O=C(NC1CC=CCCCOC2CCN(C2)C(=O)CCCNC(=O)C(Cc2ccccc2)NC1=O)c1ccon1,8.698970004336019,hrv14_3c,picornaviral,IC50,611.6710000000003,0.2222222222222222,False,False,False,False
ZZFCBNINYKQEDY-ACRUOGEOSA-N,Cc1cc(C(=O)N[C@H]2CCCCN(C)C(=O)CC[C@@H](C=O)NC(=O)[C@H](Cc3ccc(F)cc3)NC2=O)no1,O=C1CCCNC(=O)C(Cc2ccccc2)NC(=O)C(NC(=O)c2ccon2)CCCCN1,7.200659450546418,hrv14_3c,picornaviral,IC50,529.5690000000001,0.23863636363636365,False,False,False,False
DBLROCQCWNGYTM-UHFFFAOYSA-N,O=C(Oc1cc(=O)[nH]c2ccccc12)c1ccco1,O=C(Oc1cc(=O)[nH]c2ccccc12)c1ccco1,6.698970004336019,hrv16_3c,picornaviral,IC50,255.229,0.18461538461538463,False,False,False,False
FHALIINEZSXPHW-UHFFFAOYSA-N,O=C(Oc1cncc(Cl)c1)c1ccc2ccccc2c1,O=C(Oc1cccnc1)c1ccc2ccccc2c1,6.1487416512809245,hrv16_3c,picornaviral,IC50,283.71400000000006,0.25,False,False,False,False
HMICIXHTRIFAET-UHFFFAOYSA-N,O=C(Oc1cncc(Br)c1)c1ccco1,O=C(Oc1cccnc1)c1ccco1,7.096910013008056,hrv16_3c,picornaviral,IC50,268.066,0.21052631578947367,False,False,False,False
KVYZETUFHMFCOV-UHFFFAOYSA-N,O=C(Oc1cncc(Cl)c1)c1c[nH]cn1,O=C(Oc1cccnc1)c1c[nH]cn1,6.537602002101044,hrv16_3c,picornaviral,IC50,223.61900000000003,0.1791044776119403,False,False,False,False
QCUVCXVXWWGNTC-CMDGGOBGSA-N,CCOc1nc(/C=C/c2ccccc2)oc1C(=O)Oc1cncc(Cl)c1,O=C(Oc1cccnc1)c1cnc(C=Cc2ccccc2)o1,6.161150909262744,hrv16_3c,picornaviral,IC50,370.79200000000003,0.1917808219178082,False,False,False,False
AIPGCMWCXBZZQF-UHFFFAOYSA-N,CC(=O)c1c(OC(=O)c2ccco2)c2ccccc2n1C,O=C(Oc1c[nH]c2ccccc12)c1ccco1,4.3436717691248505,ibv_3cl,coronaviral,IC50,283.283,0.3018867924528302,False,False,False,False
APZMVIUFGITNIS-UHFFFAOYSA-N,Cc1cccc2c1N(CCOc1ccccc1)C(=O)C2=O,O=C1C(=O)N(CCOc2ccccc2)c2ccccc21,4.667016489183774,ibv_3cl,coronaviral,IC50,281.31100000000004,0.208955223880597,False,False,False,False
AQTIYCHYBRWPPP-UHFFFAOYSA-N,COc1ccc(C2CC(c3cccs3)=NN2C(=O)CCl)cc1OC,c1ccc(C2CC(c3cccs3)=NN2)cc1,5.63846102873072,ibv_3cl,coronaviral,IC50,364.85400000000016,0.2727272727272727,False,False,False,False
AVYUVLHWLSMEJX-VOTSOKGWSA-N,O=C(/C=C/c1c(F)cccc1Cl)Nc1cccnc1,O=C(C=Cc1ccccc1)Nc1cccnc1,4.434494559182634,ibv_3cl,coronaviral,IC50,276.69800000000004,0.3508771929824561,False,False,False,False
BBPBEYQEPZSXDB-UHFFFAOYSA-N,Cc1cc(C)c(N(C(=O)Cn2nnc3ccccc32)C(C(=O)NC(C)(C)C)c2ccsc2)c(C)c1,O=C(Cn1nnc2ccccc21)N(Cc1ccsc1)c1ccccc1,5.537003387971944,ibv_3cl,coronaviral,IC50,489.64500000000027,0.20689655172413793,False,False,False,False
BCIIGGMNYNWRQK-UHFFFAOYSA-N,CCC(C)(C)NC(=O)C(c1cccn1C)N(C(=O)Cn1nnc2ccccc21)c1ccc(NC(C)=O)cc1,O=C(Cn1nnc2ccccc21)N(Cc1ccc[nH]1)c1ccccc1,5.201487466968649,ibv_3cl,coronaviral,IC50,515.6180000000003,0.19736842105263158,False,False,False,False
BCTFKVRWPMIDNA-UHFFFAOYSA-N,CC(=O)n1cc(N(C(=O)CCl)c2ccc([N+](=O)[O-])cc2)c2ccccc21,c1ccc(Nc2c[nH]c3ccccc23)cc1,4.965692470403437,ibv_3cl,coronaviral,IC50,371.7800000000001,0.2459016393442623,False,False,False,False
BHABKFZVSPMSAA-UHFFFAOYSA-N,CC1CCC2C(=O)N(c3cc(Cl)ccc3OC(=O)c3ccco3)C(=O)C2C1,O=C(Oc1ccccc1N1C(=O)C2CCCCC2C1=O)c1ccco1,5.268008550981071,ibv_3cl,coronaviral,IC50,387.8190000000002,0.28,False,False,False,False
BIOBWLQASQCWSC-UHFFFAOYSA-N,NC(=O)CCn1c(C(=O)c2cc(Cl)c(N)c(Cl)c2)c2ccccc2[n+]1[O-],O=C(c1ccccc1)c1[nH][nH+]c2ccccc12,5.0082867242869105,ibv_3cl,coronaviral,IC50,393.2300000000001,0.2608695652173913,False,False,False,False
BOUWNGNDHMQJOU-UHFFFAOYSA-N,CCc1nc(N2CCN(C(=O)CCl)CC2)c2c3c(sc2n1)CC(C)CC3,c1nc(N2CCNCC2)c2c3c(sc2n1)CCCC3,5.373249146316606,ibv_3cl,coronaviral,IC50,392.9560000000002,0.20930232558139536,False,False,False,False
BTURFDFZCYITAI-CMDGGOBGSA-N,O=C(/C=C/c1cccs1)Nc1scc(-c2ccccc2)c1C(=O)O,O=C(C=Cc1cccs1)Nc1cc(-c2ccccc2)cs1,5.282412703144539,ibv_3cl,coronaviral,IC50,355.4400000000001,0.1780821917808219,False,False,False,False
BTXWOQBYISISBP-UKTHLTGXSA-N,O=C1NC(=O)N(c2ccccc2F)C(=O)/C1=C/c1c[nH]c2ccccc12,O=C1NC(=O)N(c2ccccc2)C(=O)C1=Cc1c[nH]c2ccccc12,5.023833499868025,ibv_3cl,coronaviral,IC50,349.321,0.16901408450704225,False,False,False,False
CCWBJWIPQQIPJH-UHFFFAOYSA-N,Cc1nnc(SC(=O)N2c3ccccc3Sc3ccccc32)s1,O=C(Sc1nncs1)N1c2ccccc2Sc2ccccc21,4.981008405294388,ibv_3cl,coronaviral,IC50,357.48500000000007,0.20634920634920634,False,False,False,False
CEBGMERQJUURQS-CXUHLZMHSA-N,COc1cccc(/C=N/NC(=S)Nc2cccnc2)c1,S=C(NN=Cc1ccccc1)Nc1cccnc1,4.5902697074415535,ibv_3cl,coronaviral,IC50,286.36,0.3728813559322034,False,False,False,False
CJRYZPQHBJYUOP-UHFFFAOYSA-N,Cc1cc(NC(=O)COn2nnc3ccc(S(C)(=O)=O)cc32)ccc1Br,O=C(COn1nnc2ccccc21)Nc1ccccc1,4.8739010767113955,ibv_3cl,coronaviral,IC50,439.2910000000001,0.24050632911392406,False,False,False,False
CMBQZZZKKJLRIR-UHFFFAOYSA-N,O=C(CSc1ccccn1)Nc1nonc1[N+](=O)[O-],O=C(CSc1ccccn1)Nc1cnon1,5.150703459165273,ibv_3cl,coronaviral,IC50,281.25300000000004,0.24193548387096775,False,False,False,False
CMTWKLWYLFOQRV-UHFFFAOYSA-N,O=C(Oc1cccnc1)c1ccc(Cl)cc1,O=C(Oc1cccnc1)c1ccccc1,5.199970640755866,ibv_3cl,coronaviral,IC50,233.654,0.28846153846153844,False,False,False,False
DMPZJACLHDWUFS-UHFFFAOYSA-N,O=C(O)c1ccc2ncsc2c1,c1ccc2scnc2c1,4.91560248085885,ibv_3cl,coronaviral,IC50,179.2,0.22950819672131148,False,False,False,False
DUDITNSSGPGFJY-UHFFFAOYSA-N,COc1cc(C2CC(c3cccs3)=NN2C(=O)CCl)ccc1OC(F)F,c1ccc(C2CC(c3cccs3)=NN2)cc1,5.553462832926356,ibv_3cl,coronaviral,IC50,400.8340000000001,0.25301204819277107,False,False,False,False
FHMCUTLAPLXKED-QGOAFFKASA-N,CCN(CC)C(=O)Cn1cc(/C=C2\C(=O)NC(=O)N(c3ccccc3F)C2=O)c2ccccc21,O=C1NC(=O)N(c2ccccc2)C(=O)C1=Cc1c[nH]c2ccccc12,4.65828856496266,ibv_3cl,coronaviral,IC50,462.48100000000017,0.21176470588235294,False,False,False,False
FSPIJWMTJVRVQG-UHFFFAOYSA-N,Cc1ccc(C(=O)c2c3ccccc3[n+]([O-])n2CCC(N)=O)cc1,O=C(c1ccccc1)c1[nH][nH+]c2ccccc12,5.028863370523194,ibv_3cl,coronaviral,IC50,323.3520000000001,0.2923076923076923,False,False,False,False
GROOCDCQBXOOCH-UHFFFAOYSA-N,COc1cccc(C(C(=O)NCc2ccco2)N(Cc2ccco2)C(=O)Cn2nnc3ccccc32)c1,O=C(NCc1ccco1)C(c1ccccc1)N(Cc1ccco1)C(=O)Cn1nnc2ccccc21,5.110418197850376,ibv_3cl,coronaviral,IC50,499.52700000000027,0.2413793103448276,False,False,False,False
HCANACRHIQEWQF-BQYQJAHWSA-N,O=C(/C=C/c1ccccc1Cl)Nc1cccnc1,O=C(C=Cc1ccccc1)Nc1cccnc1,4.617082864912469,ibv_3cl,coronaviral,IC50,258.708,0.40384615384615385,False,False,False,False
HKYYHOAMSWLMTA-UHFFFAOYSA-N,O=C(Cc1ccc(Cl)c(Cl)c1)Nc1cccnc1,O=C(Cc1ccccc1)Nc1cccnc1,4.550598747003779,ibv_3cl,coronaviral,IC50,281.142,0.37735849056603776,False,False,False,False
HTNFEIWELRNDAT-CSKARUKUSA-N,Cc1ccc(/C=C/C(=O)c2cc(Br)ccc2OC(=O)c2ccco2)cc1,O=C(Oc1ccccc1C(=O)C=Cc1ccccc1)c1ccco1,4.950898321791443,ibv_3cl,coronaviral,IC50,411.25100000000015,0.2077922077922078,False,False,False,False
IAZACPPCXPITJO-UHFFFAOYSA-N,CCOc1ccc2c(c1)C(=O)C(=O)N2CC1COc2ccccc2O1,O=C1C(=O)N(CC2COc3ccccc3O2)c2ccccc21,5.367239111520561,ibv_3cl,coronaviral,IC50,339.34700000000004,0.20512820512820512,False,False,False,False
IBUCDUYBJWBWGK-UHFFFAOYSA-N,Cc1sc(NC(=O)CCl)c(C(=O)c2ccccc2)c1C,O=C(c1ccccc1)c1ccsc1,4.933785924528756,ibv_3cl,coronaviral,IC50,307.802,0.25,False,False,False,False
IHHUWLSLYRUBHD-UHFFFAOYSA-N,Cc1cccc(N2CCN(C(=O)c3cc(O)nc4ccccc34)CC2)c1C,O=C(c1ccnc2ccccc12)N1CCN(c2ccccc2)CC1,5.176525770829699,ibv_3cl,coronaviral,IC50,361.44500000000016,0.25675675675675674,False,False,False,False
ILEVGKHONQXHOB-UHFFFAOYSA-N,COc1cccc(C(C(=O)Nc2ccc(F)cc2)N(C(=O)Cn2nnc3ccccc32)C2CC2)c1,O=C(Nc1ccccc1)C(c1ccccc1)N(C(=O)Cn1nnc2ccccc21)C1CC1,4.977736634318742,ibv_3cl,coronaviral,IC50,473.50800000000027,0.29069767441860467,False,False,False,False
IOKPKVSTRDCKNE-UHFFFAOYSA-N,COc1ccccc1OCCNC(=O)c1cc(O)nc2ccccc12,O=C(NCCOc1ccccc1)c1ccnc2ccccc12,5.444059562181488,ibv_3cl,coronaviral,IC50,338.363,0.30434782608695654,False,False,False,False
IPOWLJBLJWQURT-UHFFFAOYSA-N,COc1ccc2cc(C3(C)NC(=O)N(CC(=O)NCc4ccco4)C3=O)ccc2c1,O=C(CN1C(=O)NC(c2ccc3ccccc3c2)C1=O)NCc1ccco1,4.506960411682349,ibv_3cl,coronaviral,IC50,407.42600000000016,0.2222222222222222,False,False,False,False
IWOHZWZWRCQEFS-JMIUGGIZSA-N,O=C(N/N=C\c1c(O)ccc2ccccc12)c1cncc(Br)c1,O=C(NN=Cc1cccc2ccccc12)c1cccnc1,4.840974508775095,ibv_3cl,coronaviral,IC50,370.206,0.2857142857142857,False,False,False,False
JETWUXIPMDOAEK-UHFFFAOYSA-N,CC(=O)c1cc(-c2ccccc2)[nH]c1N1CCCC1,c1ccc(-c2ccc(N3CCCC3)[nH]2)cc1,5.334137699796845,ibv_3cl,coronaviral,IC50,254.33299999999994,0.2537313432835821,False,False,False,False
JIFYBOMBLNIYMA-UHFFFAOYSA-N,Cc1ccc(C(=O)Oc2ccc3c(c2)ncn3C)cc1,O=C(Oc1ccc2[nH]cnc2c1)c1ccccc1,4.894421695947963,ibv_3cl,coronaviral,IC50,266.3,0.22857142857142856,False,False,False,False
JMPGVMFOWRZZQZ-UHFFFAOYSA-N,COc1ccc(N(Cc2cc(O)nc3ccccc23)C(=O)CCl)cc1,c1ccc(NCc2ccnc3ccccc23)cc1,4.85210735516715,ibv_3cl,coronaviral,IC50,356.8090000000001,0.24242424242424243,False,False,False,False
JSUHTSLZPODQEH-UHFFFAOYSA-N,CCc1cc(=O)oc2cc(OC(=O)c3ccco3)ccc12,O=C(Oc1ccc2ccc(=O)oc2c1)c1ccco1,5.52841494581481,ibv_3cl,coronaviral,IC50,284.267,0.2112676056338028,False,False,False,False
JXPVKJHQSCSZGO-UHFFFAOYSA-N,O=C(CCl)N(CCc1ccccc1)CCc1ccccc1,c1ccc(CCNCCc2ccccc2)cc1,4.787785752580058,ibv_3cl,coronaviral,IC50,301.817,0.25,False,False,False,False
JYZMQQFMQMOCHV-QGOAFFKASA-N,O=C1NC(=O)N(c2ccccc2F)C(=O)/C1=C/c1cn(CC(=O)N2CCOCC2)c2ccccc12,O=C1NC(=O)N(c2ccccc2)C(=O)C1=Cc1cn(CC(=O)N2CCOCC2)c2ccccc12,4.465009865841248,ibv_3cl,coronaviral,IC50,476.46400000000034,0.23170731707317074,False,False,False,False
KBIAPJSRBHASBT-UHFFFAOYSA-N,O=C1C(=O)N(CC2COc3ccccc3O2)c2ccccc21,O=C1C(=O)N(CC2COc3ccccc3O2)c2ccccc21,4.6821872918491785,ibv_3cl,coronaviral,IC50,295.29400000000004,0.24242424242424243,False,False,False,False
KMPOAXYUGWTIIV-UHFFFAOYSA-N,CCC(C)c1ccc(N(C(=O)c2ccco2)C(C(=O)NC2CCCC2)c2cccnc2)cc1,O=C(NC1CCCC1)C(c1cccnc1)N(C(=O)c1ccco1)c1ccccc1,5.652279782965962,ibv_3cl,coronaviral,IC50,445.5630000000002,0.27380952380952384,False,False,False,False
KMZDAUWGOMFZCP-UHFFFAOYSA-N,COc1ccc(C(C(=O)NCC2CCCO2)N(C(=O)Cn2nnc3ccccc32)c2ccc(NC(C)=O)cc2)cc1,O=C(NCC1CCCO1)C(c1ccccc1)N(C(=O)Cn1nnc2ccccc21)c1ccccc1,5.029095501846216,ibv_3cl,coronaviral,IC50,556.6230000000003,0.22448979591836735,False,False,False,False
KQTMYLYSRIHKLV-UHFFFAOYSA-N,COc1ccc2c(c1)C(=O)C(=O)N2CC1COc2ccccc2O1,O=C1C(=O)N(CC2COc3ccccc3O2)c2ccccc21,5.011574829993696,ibv_3cl,coronaviral,IC50,325.32,0.2465753424657534,False,False,False,False
LHUDXWXPKDWPHX-UHFFFAOYSA-N,CC(C)c1ccc(N(C(=O)c2csnn2)C(C(=O)NC2CCCC2)c2cccnc2)cc1,O=C(NC1CCCC1)C(c1cccnc1)N(C(=O)c1csnn1)c1ccccc1,4.550907468880581,ibv_3cl,coronaviral,IC50,449.5800000000002,0.27710843373493976,False,False,False,False
LUAZMHGYRVKZHP-UHFFFAOYSA-N,COc1ccc(N(C(=O)Cn2nnc3ccccc32)C2(C(=O)NC3CCCC3)CCCCC2)cc1,O=C(Cn1nnc2ccccc21)N(c1ccccc1)C1(C(=O)NC2CCCC2)CCCCC1,5.103088159173975,ibv_3cl,coronaviral,IC50,475.5930000000005,0.25882352941176473,False,False,False,False
MBYYZKVXOFINJG-UHFFFAOYSA-N,O=C(Nc1ccccc1)NN(C(=O)CCl)c1ccccc1,O=C(NNc1ccccc1)Nc1ccccc1,5.0161032086736945,ibv_3cl,coronaviral,IC50,303.74899999999997,0.25925925925925924,False,False,False,False
MHKOWROBOVEKIU-UHFFFAOYSA-N,CC(=O)Nc1ccc(N(C(=O)Cn2nnc3ccccc32)C(C(=O)NC2CCCC2)c2ccc(O)c(O)c2)cc1,O=C(NC1CCCC1)C(c1ccccc1)N(C(=O)Cn1nnc2ccccc21)c1ccccc1,4.849274253413806,ibv_3cl,coronaviral,IC50,542.5960000000003,0.22580645161290322,False,False,False,False
MNHUQWLYQCWPDS-UHFFFAOYSA-N,O=C(Cn1nnc2ccccc21)c1ccc(Cl)cc1,O=C(Cn1nnc2ccccc21)c1ccccc1,5.004014002086201,ibv_3cl,coronaviral,IC50,271.707,0.24242424242424243,False,False,False,False
MVYPWRQAXNXLAH-GRSHGNNSSA-N,COc1cc(/C=N\NC(=O)Cn2nnc3ccccc32)cc(OC)c1OC,O=C(Cn1nnc2ccccc21)NN=Cc1ccccc1,5.285754088982106,ibv_3cl,coronaviral,IC50,369.3810000000002,0.2328767123287671,False,False,False,False
NBHBZOXYVBCAMQ-UHFFFAOYSA-N,COc1ccc(C2C(O)C(c3c[nH]c4ccccc34)=NN2C(=O)CCl)cc1,c1ccc(C2CC(c3c[nH]c4ccccc34)=NN2)cc1,5.445753191833889,ibv_3cl,coronaviral,IC50,383.83500000000015,0.22972972972972974,False,False,False,False
NJGXLQREENWGGR-UHFFFAOYSA-N,CC(C)c1ccc(N(C(=O)c2ccco2)C(C(=O)NC2CCCC2)c2cccnc2)cc1,O=C(NC1CCCC1)C(c1cccnc1)N(C(=O)c1ccco1)c1ccccc1,5.227238352855968,ibv_3cl,coronaviral,IC50,431.5360000000002,0.2839506172839506,False,False,False,False
NKHDYQSOEVSMNT-UHFFFAOYSA-N,O=C(c1cc(O)nc2ccccc12)N1CCN(c2cccc(C(F)(F)F)c2)CC1,O=C(c1ccnc2ccccc12)N1CCN(c2ccccc2)CC1,5.292600168866752,ibv_3cl,coronaviral,IC50,401.3880000000001,0.24,False,False,False,False
NMWYUKDZXSYPCZ-UHFFFAOYSA-N,Cc1ccc2[nH]c3c(c2c1)CN(C(=O)CN1c2ccc(F)cc2CCC1C)CC3,O=C(CN1CCCc2ccccc21)N1CCc2[nH]c3ccccc3c2C1,4.596073435168732,ibv_3cl,coronaviral,IC50,391.49000000000024,0.24705882352941178,False,False,False,False
NWOYVUWTTVJPLW-UHFFFAOYSA-N,COc1cc2c(cc1OC)C(c1cc(Br)ccc1F)N(C(=O)CCl)CC2,c1ccc(C2NCCc3ccccc32)cc1,5.005287014568429,ibv_3cl,coronaviral,IC50,442.7120000000002,0.3013698630136986,False,False,False,False
NZVVEMCRCLJDCU-UHFFFAOYSA-N,O=C(c1cc(O)nc2ccccc12)N1CCN(c2ccccc2)CC1,O=C(c1ccnc2ccccc12)N1CCN(c2ccccc2)CC1,5.002395212539545,ibv_3cl,coronaviral,IC50,333.3910000000001,0.265625,False,False,False,False
OGQYSDBPQYKQTK-UHFFFAOYSA-N,Cc1cc(C)n(C(=O)c2ccc(C)c(Br)c2)n1,O=C(c1ccccc1)n1cccn1,4.457211906549324,ibv_3cl,coronaviral,IC50,293.16400000000004,0.24074074074074073,False,False,False,False
OIBHTPXGRKWQLT-UHFFFAOYSA-N,CC(=O)NC1C(=O)N(CCN2CCOCC2)c2ccc(F)cc21,O=C1Cc2ccccc2N1CCN1CCOCC1,5.0411018052892285,ibv_3cl,coronaviral,IC50,321.352,0.2835820895522388,False,False,False,False
OJMNUQNZECRSCJ-RMKNXTFCSA-N,O=C1C(=O)N(C/C=C/c2ccccc2)c2ccccc21,O=C1C(=O)N(CC=Cc2ccccc2)c2ccccc21,4.95116991347165,ibv_3cl,coronaviral,IC50,263.29600000000005,0.16666666666666666,False,False,False,False
OUEAJVVCCBBKMS-UHFFFAOYSA-N,O=C(NCc1ccco1)C(c1ccco1)N(C(=O)Cn1nnc2ccccc21)c1ccc2c(c1)CCC2,O=C(NCc1ccco1)C(c1ccco1)N(C(=O)Cn1nnc2ccccc21)c1ccc2c(c1)CCC2,4.8198741248359465,ibv_3cl,coronaviral,IC50,495.5390000000003,0.22727272727272727,False,False,False,False
PFLVVEJGYCXRAT-UHFFFAOYSA-N,COc1cccc(C(C(=O)NCC2CCCO2)N(C(=O)Cn2nnc3ccccc32)c2ccc(NC(C)=O)cc2)c1,O=C(NCC1CCCO1)C(c1ccccc1)N(C(=O)Cn1nnc2ccccc21)c1ccccc1,4.951092298516229,ibv_3cl,coronaviral,IC50,556.6230000000002,0.26804123711340205,False,False,False,False
QOVGDZNYVQVROH-UHFFFAOYSA-N,Cc1ccc(C(=O)n2cnc3ccccc32)cc1C,O=C(c1ccccc1)n1cnc2ccccc21,4.77283343326857,ibv_3cl,coronaviral,IC50,250.30100000000002,0.2777777777777778,False,False,False,False
QOZASFMCZPUFTP-UHFFFAOYSA-N,Cc1cc(C(=O)CCl)c(C)n1-c1cccc([N+](=O)[O-])c1,c1ccc(-n2cccc2)cc1,5.33856594960608,ibv_3cl,coronaviral,IC50,292.72200000000004,0.22388059701492538,False,False,False,False
QSLFSSDBXDHYLA-UHFFFAOYSA-N,CCc1cccc(CC)c1N(COC)C(=O)Cn1nnc2ccccc21,O=C(Cn1nnc2ccccc21)Nc1ccccc1,4.392491363492022,ibv_3cl,coronaviral,IC50,352.438,0.25,False,False,False,False
QUXRGLZOALROBT-UHFFFAOYSA-N,CN(C)S(=O)(=O)c1cccc(NC(=O)CSc2cccc3cccnc23)c1,O=C(CSc1cccc2cccnc12)Nc1ccccc1,4.919229253159278,ibv_3cl,coronaviral,IC50,401.5130000000001,0.3392857142857143,False,False,False,False
RJZHZFNKFBBGER-GQCTYLIASA-N,O=C(/C=C/c1ccc(Cl)c([N+](=O)[O-])c1)NCc1cccnc1,O=C(C=Cc1ccccc1)NCc1cccnc1,4.555720935723153,ibv_3cl,coronaviral,IC50,317.73199999999997,0.2318840579710145,False,False,False,False
RMJCLBLRRDLMDH-UHFFFAOYSA-N,O=C(OCC(=O)N1c2ccccc2Sc2ccccc21)c1cccnc1,O=C(OCC(=O)N1c2ccccc2Sc2ccccc21)c1cccnc1,4.794335592628313,ibv_3cl,coronaviral,IC50,362.4100000000001,0.26229508196721313,False,False,False,False
RQHOUBVKPVABKV-UHFFFAOYSA-N,CC(=O)NC1C(=O)N(CCN2CCOCC2)c2ccc(Br)cc21,O=C1Cc2ccccc2N1CCN1CCOCC1,5.120216219909585,ibv_3cl,coronaviral,IC50,382.258,0.25,False,False,False,False
SMNNXQHUQDZNHL-UHFFFAOYSA-N,O=C(Oc1ccc(Cl)cc1N1C(=O)CCC1=O)c1ccco1,O=C(Oc1ccccc1N1C(=O)CCC1=O)c1ccco1,4.735347429153103,ibv_3cl,coronaviral,IC50,319.7,0.26865671641791045,False,False,False,False
UCSUEHRMUXOBPP-VQHVLOKHSA-N,O=C(Oc1ccc(Br)cc1C(=O)/C=C/c1ccccc1F)c1ccco1,O=C(Oc1ccccc1C(=O)C=Cc1ccccc1)c1ccco1,5.147459014230201,ibv_3cl,coronaviral,IC50,415.21400000000006,0.189873417721519,False,False,False,False
UFBRKDBPUYJMOK-UHFFFAOYSA-N,Cc1ccc(C(=O)c2c3ccc(C(F)(F)F)cc3[n+]([O-])n2CCC(N)=O)cc1,O=C(c1ccccc1)c1[nH][nH+]c2ccccc12,4.696242531646189,ibv_3cl,coronaviral,IC50,391.34900000000016,0.2638888888888889,False,False,False,False
VANGFGJEMHFTOV-UHFFFAOYSA-N,Cc1ccc(-c2cc(NC(=O)c3ccccc3[N+](=O)[O-])[nH]n2)cc1,O=C(Nc1cc(-c2ccccc2)n[nH]1)c1ccccc1,4.613982860193153,ibv_3cl,coronaviral,IC50,322.324,0.234375,False,False,False,False
VGGZGAOSHSLDIF-UHFFFAOYSA-N,Cc1ccc(C2CC(c3cccs3)=NN2C(=O)CCl)cc1,c1ccc(C2CC(c3cccs3)=NN2)cc1,5.37757872602433,ibv_3cl,coronaviral,IC50,318.82900000000006,0.22784810126582278,False,False,False,False
VGUSWIHOGHPDPF-UHFFFAOYSA-N,O=C(Cn1nnc2ccccc21)c1ccc(Br)cc1,O=C(Cn1nnc2ccccc21)c1ccccc1,5.396530840266161,ibv_3cl,coronaviral,IC50,316.158,0.24242424242424243,False,False,False,False
VIYRZVDOMKSPGJ-UHFFFAOYSA-N,NC(=O)CCn1c(C(=O)c2ccc(Cl)cc2)c2ccccc2[n+]1[O-],O=C(c1ccccc1)c1[nH][nH+]c2ccccc12,5.311847244408433,ibv_3cl,coronaviral,IC50,343.7700000000001,0.23529411764705882,False,False,False,False
VWINSIBMLLVGIS-CSKARUKUSA-N,COc1ccccc1/C=C/C(=O)c1cc(Br)ccc1OC(=O)c1ccco1,O=C(Oc1ccccc1C(=O)C=Cc1ccccc1)c1ccco1,5.048711062722328,ibv_3cl,coronaviral,IC50,427.25000000000017,0.23529411764705882,False,False,False,False
WKFNCJXVHWMQRU-UHFFFAOYSA-N,Cc1cc(C)c(C)c(S(=O)(=O)N2CCN(C(=O)c3cc(O)nc4ccccc34)CC2)c1C,O=C(c1ccnc2ccccc12)N1CCN(S(=O)(=O)c2ccccc2)CC1,5.315693353928369,ibv_3cl,coronaviral,IC50,453.5640000000002,0.23376623376623376,False,False,False,False
WLALNLLKMJDSEF-UHFFFAOYSA-N,O=Cc1cn(Cc2ccccc2)nc1-c1cccnc1,c1ccc(Cn2ccc(-c3cccnc3)n2)cc1,5.141823862017656,ibv_3cl,coronaviral,IC50,263.3,0.23076923076923078,False,False,False,False
WVAYNWNBGPUATF-UHFFFAOYSA-N,Cc1cc(=O)oc2cc(OC(=O)c3ccco3)ccc12,O=C(Oc1ccc2ccc(=O)oc2c1)c1ccco1,5.476123524361869,ibv_3cl,coronaviral,IC50,270.24,0.2,False,False,False,False
WWGLGPKEOMZMNA-UHFFFAOYSA-N,NC(=O)CCn1c(C(=O)c2cccc([N+](=O)[O-])c2)c2ccccc2[n+]1[O-],O=C(c1ccccc1)c1[nH][nH+]c2ccccc12,4.816701678924188,ibv_3cl,coronaviral,IC50,354.3220000000001,0.2535211267605634,False,False,False,False
YDZPVQACTLRICO-UHFFFAOYSA-N,O=C1C(=O)N(CCCc2ccccc2)c2ccccc21,O=C1C(=O)N(CCCc2ccccc2)c2ccccc21,4.732312120134261,ibv_3cl,coronaviral,IC50,265.31200000000007,0.20634920634920634,False,False,False,False
YIGODUNCIIOKQT-UHFFFAOYSA-N,CCC(C)(C)NC(=O)C(c1ccc(O)cc1)N(C(=O)Cn1nnc2ccccc21)c1ccc(NC(C)=O)cc1,O=C(Cn1nnc2ccccc21)N(Cc1ccccc1)c1ccccc1,4.92741926735105,ibv_3cl,coronaviral,IC50,528.6130000000003,0.20270270270270271,False,False,False,False
YOCIRYFPOPFRJV-UHFFFAOYSA-N,COc1ccc(C(=O)n2c(SC)nc3cc4c(cc32)OCCO4)cc1,O=C(c1ccccc1)n1cnc2cc3c(cc21)OCCO3,5.964570261815451,ibv_3cl,coronaviral,IC50,356.40300000000013,0.23076923076923078,False,False,False,False
YRKAJCPZVCIZEW-UHFFFAOYSA-N,Cc1ccc(C2=NN(C(=O)CCl)C(c3ccco3)C2)o1,c1coc(C2=NNC(c3ccco3)C2)c1,5.284414448106803,ibv_3cl,coronaviral,IC50,292.7220000000001,0.2345679012345679,False,False,False,False
YTMAYQWAZDEHNQ-UHFFFAOYSA-N,CCc1ccc2c(c1)C(NC(C)=O)C(=O)N2CCN1CCOCC1,O=C1Cc2ccccc2N1CCN1CCOCC1,5.182897595743077,ibv_3cl,coronaviral,IC50,331.4160000000001,0.21686746987951808,False,False,False,False
ZGWWNEJGNSSLGF-UHFFFAOYSA-N,Cn1cnc2cc(NC(=O)c3ccc(Cl)cc3)ccc21,O=C(Nc1ccc2[nH]cnc2c1)c1ccccc1,4.944086776083851,ibv_3cl,coronaviral,IC50,285.73400000000004,0.2571428571428571,False,False,False,False
ZILPRFMCZHSYGZ-UHFFFAOYSA-N,CC(C)C12CN(C(=O)c3ccccc3[N+](=O)[O-])CC(C(C)C)(CN(C(=O)c3ccccc3[N+](=O)[O-])C1)C2=O,O=C1C2CN(C(=O)c3ccccc3)CC1CN(C(=O)c1ccccc1)C2,4.95436412892178,ibv_3cl,coronaviral,IC50,522.5580000000003,0.2153846153846154,False,False,False,False
AUZONCFQVSMFAP-UHFFFAOYSA-N,CCN(CC)C(=S)SSC(=S)N(CC)CC,,4.5718652059712115,mers_3cl,coronaviral,IC50,296.5520000000001,0.12903225806451613,False,False,False,False
AVMDEKFUKVZQPM-PIJSLZJWSA-N,CC(C)C[C@H](NC(=O)OC1CCN(C(=O)OC(C)(C)C)CC1)C(=O)N[C@@H](C[C@@H]1CCNC1=O)C(O)S(=O)(=O)O,O=C(CNC(=O)OC1CCNCC1)NCCC1CCNC1=O,6.3979400086720375,mers_3cl,coronaviral,IC50,578.6850000000004,0.22772277227722773,False,False,False,False
BPBPYQWMFCTCNG-UHFFFAOYSA-N,CCC(C)SSc1ncc[nH]1,c1c[nH]cn1,5.119186407719209,mers_3cl,coronaviral,IC50,188.32100000000003,0.13513513513513514,False,False,False,False
GSDSWSVVBLHKDQ-JTQLQIEISA-N,C[C@H]1COc2c(N3CCN(C)CC3)c(F)cc3c(=O)c(C(=O)O)cn1c23,O=c1ccn2c3c(c(N4CCNCC4)ccc13)OCC2,5.119186407719209,mers_3cl,coronaviral,IC50,361.37300000000005,0.19148936170212766,False,False,False,False
GSXYDFDTHUBGSH-YQASGENESA-N,CCOC(=O)N1CCC(OC(=O)N[C@@H](CC(C)C)C(=O)N[C@@H](C[C@@H]2CCNC2=O)C(O)S(=O)(=O)O)CC1,O=C(CNC(=O)OC1CCNCC1)NCCC1CCNC1=O,6.301029995663981,mers_3cl,coronaviral,IC50,550.6310000000002,0.22916666666666666,False,False,False,False
HTGYFQGYLZPRLD-UFYCRDLUSA-N,CCC1(OC(=O)N[C@@H](CC(C)C)C(=O)N[C@H](C=O)C[C@@H]2CCNC2=O)CCN(C(=O)OC(C)(C)C)CC1,O=C(CNC(=O)OC1CCNCC1)NCCC1CCNC1=O,5.214670164989233,mers_3cl,coronaviral,IC50,524.6590000000004,0.21568627450980393,False,False,False,False
HXZRMRVHDZAUPL-AOTTWXCTSA-N,CC(C)C[C@H](NC(=O)OC1CCN(S(C)(=O)=O)CC1)C(=O)N[C@@H](C[C@@H]1CCNC1=O)C(O)S(=O)(=O)O,O=C(CNC(=O)OC1CCNCC1)NCCC1CCNC1=O,6.221848749616356,mers_3cl,coronaviral,IC50,556.6600000000004,0.18181818181818182,False,False,False,False
JFSXSNSCPNFCDM-UHFFFAOYSA-N,[O-][S+](c1ccccc1)c1ccc2nnnn2n1,c1ccc([SH+]c2ccc3nnnn3n2)cc1,4.995678626217358,mers_3cl,coronaviral,IC50,245.267,0.14814814814814814,False,False,False,False
JSASWRWALCMOQP-UHFFFAOYSA-N,CC(C)N(CCC(=O)c1ccc2ccccc2c1)Cc1ccccc1,O=C(CCNCc1ccccc1)c1ccc2ccccc2c1,5.09151498112135,mers_3cl,coronaviral,IC50,331.45900000000006,0.22972972972972974,False,False,False,False
NNWWQCGWEYXBNG-QYGYTYJESA-N,CC(C)C[C@H](NC(=O)OC1(Cc2ccccc2)CCN(S(C)(=O)=O)CC1)C(=O)N[C@@H](C[C@@H]1CCNC1=O)C(O)S(=O)(=O)O,O=C(CNC(=O)OC1(Cc2ccccc2)CCNCC1)NCCC1CCNC1=O,6.045757490560675,mers_3cl,coronaviral,IC50,646.7850000000005,0.20833333333333334,False,False,False,False
PJEUBFINPIVQHS-DKJNXQLESA-N,CC(C)C[C@H](NC(=O)OC1(Cc2ccccc2)CCN(C(=O)OC(C)(C)C)CC1)C(=O)N[C@@H](C[C@@H]1CCNC1=O)C(O)S(=O)(=O)O,O=C(CNC(=O)OC1(Cc2ccccc2)CCNCC1)NCCC1CCNC1=O,6.154901959985743,mers_3cl,coronaviral,IC50,668.8100000000005,0.2358490566037736,False,False,False,False
POHZAMMIKLXFHR-ZOBUZTSGSA-N,CC(C)C[C@H](NC(=O)OC1CCN(S(C)(=O)=O)CC1)C(=O)N[C@H](C=O)C[C@@H]1CCNC1=O,O=C(CNC(=O)OC1CCNCC1)NCCC1CCNC1=O,6.154901959985743,mers_3cl,coronaviral,IC50,474.5800000000003,0.18604651162790697,False,False,False,False
QFRLDZGQEZCCJZ-UHFFFAOYSA-N,O=[N+]([O-])c1cnc(Sc2nnc(O)n2-c2ccc3c(c2)OCCO3)s1,c1csc(Sc2nncn2-c2ccc3c(c2)OCCO3)n1,5.42021640338319,mers_3cl,coronaviral,IC50,379.3790000000002,0.18604651162790697,False,False,False,False
SBHUNCJSGGMNPS-LNLFQRSKSA-N,CC(C)C[C@H](NC(=O)OC1CCN(C(=O)OC(C)(C)C)CC1)C(=O)N[C@H](C=O)C[C@@H]1CCNC1=O,O=C(CNC(=O)OC1CCNCC1)NCCC1CCNC1=O,6.221848749616356,mers_3cl,coronaviral,IC50,496.6050000000003,0.23711340206185566,False,False,False,False
UGEDYCZHWKTZHO-SDHOMARFSA-N,CC(C)C[C@H](NC(=O)OC1(Cc2ccccc2)CCN(C(=O)OC(C)(C)C)CC1)C(=O)N[C@H](C=O)C[C@@H]1CCNC1=O,O=C(CNC(=O)OC1(Cc2ccccc2)CCNCC1)NCCC1CCNC1=O,6.096910013008056,mers_3cl,coronaviral,IC50,586.7300000000002,0.24509803921568626,False,False,False,False
XQPCHNVZRFSEQT-KDLWQYFGSA-N,CCC1(OC(=O)N[C@@H](CC(C)C)C(=O)N[C@@H](C[C@@H]2CCNC2=O)C(O)S(=O)(=O)O)CCN(C(=O)OC(C)(C)C)CC1,O=C(CNC(=O)OC1CCNCC1)NCCC1CCNC1=O,5.1249387366083,mers_3cl,coronaviral,IC50,606.739,0.20754716981132076,False,False,False,False
YYLKKYCXAOBSRM-JXMROGBWSA-N,O=C(c1ccc(/C=C/c2n[nH]c3ccccc23)cc1)N1CCNCC1,O=C(c1ccc(C=Cc2n[nH]c3ccccc23)cc1)N1CCNCC1,5.443697499232712,mers_3cl,coronaviral,IC50,332.40700000000015,0.23529411764705882,False,False,False,False
YYTRYFVBTGDGMR-BQFCYCMXSA-N,CCOC(=O)N1CCC(OC(=O)N[C@@H](CC(C)C)C(=O)N[C@H](C=O)C[C@@H]2CCNC2=O)CC1,O=C(CNC(=O)OC1CCNCC1)NCCC1CCNC1=O,6.221848749616356,mers_3cl,coronaviral,IC50,468.55100000000033,0.2391304347826087,False,False,False,False
ZLOZUJAXLMKVNG-VABKMULXSA-N,CC(C)C[C@H](NC(=O)OC1(Cc2ccccc2)CCN(S(C)(=O)=O)CC1)C(=O)N[C@H](C=O)C[C@@H]1CCNC1=O,O=C(CNC(=O)OC1(Cc2ccccc2)CCNCC1)NCCC1CCNC1=O,6.154901959985743,mers_3cl,coronaviral,IC50,564.7050000000003,0.2127659574468085,False,False,False,False
ZXOBLNBVNROVLC-UHFFFAOYSA-N,N#CSc1cc(SC#N)c(N)nc1N,c1ccncc1,5.638272163982407,mers_3cl,coronaviral,IC50,223.28599999999997,0.13559322033898305,False,True,False,True
AGHODQJTQBGFTA-UHFFFAOYSA-N,Cc1noc(C)c1CN1C(=O)C(=O)c2cc(C#N)ccc21,O=C1C(=O)N(Cc2cnoc2)c2ccccc21,5.142667503568731,sars1_3cl,coronaviral,IC50,281.271,0.1917808219178082,False,False,False,False
AIGAZQPHXLWMOJ-UHFFFAOYSA-N,Cc1coc2c1C(=O)C(=O)c1c-2ccc2c(C)cccc12,O=C1C(=O)c2c(ccc3ccccc23)-c2occc21,4.412289034981089,sars1_3cl,coronaviral,IC50,276.291,0.19230769230769232,False,False,False,False
AJERVVHSERWGFL-UXBLZVDNSA-N,C=C(C)C(Cc1c(OC)ccc(C(=O)/C=C/c2ccc(O)cc2)c1O)OO,O=C(C=Cc1ccccc1)c1ccccc1,4.79317412396815,sars1_3cl,coronaviral,Ki,370.40100000000007,0.1875,False,False,False,False
ALKYXNDYUAXIMO-UHFFFAOYSA-N,O=C(Nc1ccc(N(Cc2ccsc2)C(=O)Cn2nnc3ccccc32)cc1)C1CCC1,O=C(Nc1ccc(N(Cc2ccsc2)C(=O)Cn2nnc3ccccc32)cc1)C1CCC1,5.09151498112135,sars1_3cl,coronaviral,IC50,445.54800000000023,0.3116883116883117,False,False,False,False
ANYDLXSQWBLIIK-UHFFFAOYSA-N,O=C1C(=O)N(Cc2cc3ccccc3s2)c2ccc(F)cc21,O=C1C(=O)N(Cc2cc3ccccc3s2)c2ccccc21,5.31695296176115,sars1_3cl,coronaviral,IC50,311.33700000000005,0.20588235294117646,False,False,False,False
APPUOGWEGCGBON-UHFFFAOYSA-N,Cn1cnc(C(=O)N(c2ccc(C(C)(C)C)cc2)C(C(=O)NC(C)(C)C)c2cccnc2)c1,O=C(c1c[nH]cn1)N(Cc1cccnc1)c1ccccc1,4.1249387366083,sars1_3cl,coronaviral,IC50,447.5830000000002,0.24096385542168675,False,False,False,False
AWQBIBTZJKFLEW-UHFFFAOYSA-N,Cn1nc(-c2ccc(-c3ccnc(SCC(=O)Nc4ccc(Cl)cc4)n3)s2)cc1C(F)(F)F,O=C(CSc1nccc(-c2ccc(-c3cc[nH]n3)s2)n1)Nc1ccccc1,5.0,sars1_3cl,coronaviral,IC50,509.966,0.24050632911392406,False,False,False,False
AZSKMWDSWHSDHV-UHFFFAOYSA-N,CC(C)c1ccc(N(C(=O)c2ccco2)C(C(=O)NC(C)(C)C)c2cccnc2)cc1,O=C(c1ccco1)N(Cc1cccnc1)c1ccccc1,4.55129368009492,sars1_3cl,coronaviral,IC50,419.5250000000001,0.2361111111111111,False,False,False,False
BCEDEDBQGPNQMM-UHFFFAOYSA-N,Cc1noc(NC(=O)c2ccc(-c3cc(C(F)(F)F)nn3C)s2)c1[N+](=O)[O-],O=C(Nc1ccno1)c1ccc(-c2ccn[nH]2)s1,5.301029995663981,sars1_3cl,coronaviral,IC50,401.3260000000001,0.2553191489361702,False,False,False,False
BEXUOOJPJCTWKL-UHFFFAOYSA-N,O=C1C(=O)N(Cc2cc3ccccc3s2)c2c1cccc2[N+](=O)[O-],O=C1C(=O)N(Cc2cc3ccccc3s2)c2ccccc21,5.698970004336019,sars1_3cl,coronaviral,IC50,338.3440000000001,0.15584415584415584,False,False,False,False
BOSZJNSICHFHMA-UHFFFAOYSA-N,O=C(Oc1cncc(Cl)c1)c1cccc2[nH]ccc12,O=C(Oc1cccnc1)c1cccc2[nH]ccc12,5.161150909262744,sars1_3cl,coronaviral,EC50,272.69100000000003,0.1917808219178082,False,False,False,False
BRLBTOJQLXGOHO-UHFFFAOYSA-N,O=C(Cn1nnc2ccccc21)N(Cc1ccsc1)c1ccc(-c2ccccc2)cc1,O=C(Cn1nnc2ccccc21)N(Cc1ccsc1)c1ccc(-c2ccccc2)cc1,7.292429823902063,sars1_3cl,coronaviral,IC50,424.5290000000001,0.2535211267605634,False,False,False,False
BSABALWHQCEFNU-ANYOKISRSA-N,CC(C)C[C@H](NC(=O)OCc1ccccc1)C(=O)NC(Cc1ccccc1)C(=O)C(F)(F)F,O=C(CNC(=O)OCc1ccccc1)NCCc1ccccc1,4.823908740944319,sars1_3cl,coronaviral,IC50,464.4840000000001,0.22857142857142856,False,False,False,False
BSPZFJDYQHDZNR-ASPXRTSYSA-N,CC(C)C[C@H](NC(=O)OCc1ccccc1)C(=O)N[C@@H](CC1CCNC1=O)C(O)S(=O)(=O)O,O=C(CNC(=O)OCc1ccccc1)NCCC1CCNC1=O,6.791588413942891,sars1_3cl,coronaviral,IC50,485.5590000000002,0.2127659574468085,False,False,False,False
BSPZFJDYQHDZNR-HTCLRFROSA-N,CC(C)C[C@H](NC(=O)OCc1ccccc1)C(=O)N[C@@H](C[C@@H]1CCNC1=O)C(O)S(=O)(=O)O,O=C(CNC(=O)OCc1ccccc1)NCCC1CCNC1=O,7.301029995663981,sars1_3cl,coronaviral,IC50,485.5590000000002,0.2127659574468085,False,False,False,False
BVHNGWRPAFKGFP-UHFFFAOYSA-N,O=[N+]([O-])c1ccc(S(=O)(=O)c2ccc([N+](=O)[O-])cc2)cc1,O=S(=O)(c1ccccc1)c1ccccc1,4.6020599913279625,sars1_3cl,coronaviral,IC50,308.271,0.1891891891891892,False,False,False,False
CACIKPKEDXYLDG-UHFFFAOYSA-N,CSc1[nH]nc(NC(=O)c2cccs2)c1S(=O)(=O)c1ccccc1,O=C(Nc1n[nH]cc1S(=O)(=O)c1ccccc1)c1cccs1,4.823908740944319,sars1_3cl,coronaviral,IC50,379.4880000000001,0.19736842105263158,False,False,False,False
CDKFEFPWJYFQEG-UHFFFAOYSA-N,O=C1C(=O)N(CC2COc3ccccc3O2)c2ccc(I)cc21,O=C1C(=O)N(CC2COc3ccccc3O2)c2ccccc21,4.8696662315049934,sars1_3cl,coronaviral,IC50,421.19000000000005,0.2191780821917808,False,False,False,False
CJBZKDWWJIGHRP-UHFFFAOYSA-N,COc1ccc(-c2ccnc(SCC(=O)Nc3ccc(C(C)C)cc3)n2)cc1,O=C(CSc1nccc(-c2ccccc2)n1)Nc1ccccc1,3.393970003165538,sars1_3cl,coronaviral,IC50,393.51200000000006,0.2361111111111111,False,False,False,False
CMJGAYUQSLJSCR-ULIPXBITSA-N,O=C1OC[C@H](Cc2ccc3c(c2)OCO3)/C1=C\c1ccc2c(c1)OCO2,O=C1OCC(Cc2ccc3c(c2)OCO3)C1=Cc1ccc2c(c1)OCO2,4.6020599913279625,sars1_3cl,coronaviral,IC50,352.3420000000001,0.18055555555555555,False,False,False,False
CMJGAYUQSLJSCR-ULIPXBITSA-N,O=C1OC[C@H](Cc2ccc3c(c2)OCO3)/C1=C\c1ccc2c(c1)OCO2,O=C1OCC(Cc2ccc3c(c2)OCO3)C1=Cc1ccc2c(c1)OCO2,5.040958607678906,sars1_3cl,coronaviral,Ki,352.3420000000001,0.18055555555555555,False,False,False,False
CRLHQAUJDHJLNU-NWVWQQAFSA-N,COc1ccc2[nH]c(C(=O)N[C@@H](CC(C)C)C(=O)N[C@@H](C[C@@H]3CCNC3=O)C(=O)c3nc4ccccc4s3)c(C)c2c1,O=C(CNC(=O)c1cc2ccccc2[nH]1)NC(CC1CCNC1=O)C(=O)c1nc2ccccc2s1,5.173925197299173,sars1_3cl,coronaviral,Ki,589.7180000000002,0.19607843137254902,False,False,False,False
CSEAAOWXHPFATP-UHFFFAOYSA-N,O=C(Oc1cncc(Cl)c1)c1cscn1,O=C(Oc1cccnc1)c1cscn1,6.568636235841012,sars1_3cl,coronaviral,IC50,240.67100000000002,0.19402985074626866,False,False,False,False
CSNQHKJCKPMZCY-YFUAOJPXSA-N,CCOC(=O)/C=C/[C@H](C[C@@H]1CCNC1=O)NC(=O)[C@H](CC=C(C)C)CC(=O)[C@@H](NC(=O)c1cc(C)on1)C(C)C,O=C(CCC(=O)NCCC1CCNC1=O)CNC(=O)c1ccon1,4.154901959985743,sars1_3cl,coronaviral,IC50,558.6760000000003,0.1834862385321101,False,False,False,False
CWTLKYCMNTVRJN-UHFFFAOYSA-N,O=[N+]([O-])c1ccc(S(=O)(=O)c2ccc(Cl)cc2)[n+]([O-])c1,O=S(=O)(c1ccccc1)c1cccc[nH+]1,4.823908740944319,sars1_3cl,coronaviral,IC50,314.706,0.1702127659574468,False,False,False,False
CZNIWWPSXOYASJ-WDNCENIBSA-N,CCc1c(C(=O)N[C@@H](CC(C)C)C(=O)N[C@@H](C[C@@H]2CCNC2=O)C(=O)c2nc3ccccc3s2)[nH]c2ccc(OC)cc12,O=C(CNC(=O)c1cc2ccccc2[nH]1)NC(CC1CCNC1=O)C(=O)c1nc2ccccc2s1,5.1249387366083,sars1_3cl,coronaviral,Ki,603.7450000000002,0.19047619047619047,False,False,False,False
DBZLJJMKJAMBRF-UHFFFAOYSA-N,O=C(Oc1cncc(Br)c1)c1cccs1,O=C(Oc1cccnc1)c1cccs1,6.301029995663981,sars1_3cl,coronaviral,IC50,284.13399999999996,0.25396825396825395,False,False,False,False
DGNRVGPZXZKQQS-UHFFFAOYSA-N,CC(Sc1nc(O)c(C#N)c(-c2ccccc2)n1)C(=O)Nc1ccc(Cl)cc1,O=C(CSc1nccc(-c2ccccc2)n1)Nc1ccccc1,3.5214393741071595,sars1_3cl,coronaviral,IC50,410.8860000000001,0.1917808219178082,False,False,False,False
DHFSVLXJSGMOHT-UHFFFAOYSA-N,CC(C)(C)NC(=O)C(c1cccnc1)N(C(=O)c1ncco1)c1ccc(C(C)(C)C)cc1,O=C(c1ncco1)N(Cc1cccnc1)c1ccccc1,4.327902142064283,sars1_3cl,coronaviral,IC50,434.5400000000002,0.2328767123287671,False,False,False,False
DHTSLDPANDNYNQ-SJNZOZTPSA-N,CCOC(=O)/C=C/[C@H](C[C@@H]1CCNC1=O)NC(=O)[C@@H](CC(=O)[C@@H](NC(=O)c1cc(C)on1)C(C)C)Cc1ccccc1,O=C(CNC(=O)c1ccon1)CC(Cc1ccccc1)C(=O)NCCC1CCNC1=O,4.346787486224656,sars1_3cl,coronaviral,IC50,580.6820000000004,0.21296296296296297,False,False,False,False
DKYBERVCUALHHG-UHFFFAOYSA-N,CCCCN1C(=O)C(=O)c2cc(I)ccc21,O=C1Nc2ccccc2C1=O,4.180456064458132,sars1_3cl,coronaviral,IC50,329.137,0.15625,False,True,False,True
DKYBERVCUALHHG-UHFFFAOYSA-N,CCCCN1C(=O)C(=O)c2cc(I)ccc21,O=C1Nc2ccccc2C1=O,4.180228048007514,sars1_3cl,coronaviral,Ki,329.137,0.15625,False,True,False,True
DMJQWIMLNPOFCL-UHFFFAOYSA-N,CCOc1ccc(N2C(=O)CC(Sc3nc(C)cc(C)n3)C2=O)cc1,O=C1CC(Sc2ncccn2)C(=O)N1c1ccccc1,3.5214393741071595,sars1_3cl,coronaviral,IC50,357.43500000000006,0.2077922077922078,False,False,False,False
DNINFANNHFQTHQ-WCSIJFPASA-N,O=C(N[C@@H](Cc1ccccc1)C(=O)NC(Cc1ccccc1)C(=O)C(F)(F)F)OCc1ccccc1,O=C(NC(Cc1ccccc1)C(=O)NCCc1ccccc1)OCc1ccccc1,4.698970004336019,sars1_3cl,coronaviral,IC50,498.50100000000015,0.21212121212121213,False,False,False,False
DRMYXGNKNZPWAV-DZHKAMCZSA-N,CCOC(=O)/C(C#N)=C/Nc1ccc(S(=O)(=O)c2ccc(/N=C/C(C#N)=C(\O)OCC)cc2)cc1,O=S(=O)(c1ccccc1)c1ccccc1,4.795880017344075,sars1_3cl,coronaviral,IC50,494.5290000000002,0.1797752808988764,False,False,False,False
DSWIUPQAVIEPFY-AREMUKBSSA-N,CCC(C)(C)NC(=O)[C@@H](c1ccn(C)c1)N(C(=O)Cn1nnc2ccccc21)c1ccc(NC(C)=O)cc1,O=C(Cn1nnc2ccccc21)N(Cc1cc[nH]c1)c1ccccc1,5.207608310501746,sars1_3cl,coronaviral,IC50,515.6180000000003,0.19480519480519481,False,False,False,False
DTZJIZCNNNVZIT-UHFFFAOYSA-N,O=C1C(=O)N(Cc2ccc3ccccc3c2)c2ccc(I)cc21,O=C1C(=O)N(Cc2ccc3ccccc3c2)c2ccccc21,5.958607314841775,sars1_3cl,coronaviral,IC50,413.21400000000006,0.20588235294117646,False,False,False,False
DTZJIZCNNNVZIT-UHFFFAOYSA-N,O=C1C(=O)N(Cc2ccc3ccccc3c2)c2ccc(I)cc21,O=C1C(=O)N(Cc2ccc3ccccc3c2)c2ccccc21,5.959303300184228,sars1_3cl,coronaviral,Ki,413.21400000000006,0.20588235294117646,False,False,False,False
DWJOEJDGHVXXEB-UHFFFAOYSA-N,O=C(Oc1cncc(Cl)c1)c1ccco1,O=C(Oc1cccnc1)c1ccco1,7.221848749616356,sars1_3cl,coronaviral,IC50,223.615,0.21052631578947367,False,False,False,False
FAICNNMEVHYSOP-UHFFFAOYSA-N,CC(C)c1ccc(NC(=O)CSc2nccc(-c3csc(COc4ccccc4Cl)n3)n2)cc1,O=C(CSc1nccc(-c2csc(COc3ccccc3)n2)n1)Nc1ccccc1,3.6944850069187978,sars1_3cl,coronaviral,IC50,511.07200000000023,0.25,False,False,False,False
FDPMNGSSFLFBSI-UHFFFAOYSA-N,O=C(Oc1cncc(Cl)c1)c1cccc2cc[nH]c12,O=C(Oc1cccnc1)c1cccc2cc[nH]c12,4.91721462968355,sars1_3cl,coronaviral,EC50,272.69100000000003,0.2,False,False,False,False
FEFAIBOZOKSLJR-UHFFFAOYSA-N,CC(C)C1=Cc2ccc3c(c2C(=O)C1=O)CCCC3(C)C,O=C1C=Cc2ccc3c(c2C1=O)CCCC3,4.675717544702307,sars1_3cl,coronaviral,IC50,282.3829999999999,0.15789473684210525,False,False,False,False
FHPKLFZHYVJFDO-SSKFGXFMSA-N,CC(C)C[C@H](NC(=O)c1cc2cc(Cl)ccc2[nH]1)C(=O)N[C@@H](C[C@@H]1CCNC1=O)C(=O)c1nc2ccccc2s1,O=C(CNC(=O)c1cc2ccccc2[nH]1)NC(CC1CCNC1=O)C(=O)c1nc2ccccc2s1,7.552841968657781,sars1_3cl,coronaviral,Ki,580.1100000000004,0.2079207920792079,False,False,False,False
FJXCZSNZFQISSC-UHFFFAOYSA-N,O=C1C(=O)N(Cc2ccc(C(=O)N3CCCCC3)s2)c2ccc(I)cc21,O=C1C(=O)N(Cc2ccc(C(=O)N3CCCCC3)s2)c2ccccc21,4.756961951313706,sars1_3cl,coronaviral,IC50,480.327,0.2535211267605634,False,False,False,False
FMIIJAPXLVPSCC-UHFFFAOYSA-N,COCCC(=O)Nc1ccc(N(C(=O)Cn2nnc3ccccc32)C(C)c2ccsc2)cc1,O=C(Cn1nnc2ccccc21)N(Cc1ccsc1)c1ccccc1,5.468521082957745,sars1_3cl,coronaviral,IC50,463.56300000000016,0.2682926829268293,False,False,False,False
FNZHACBCLXJSBM-UHFFFAOYSA-N,N#Cc1c(O)nc(SCC(=O)Nc2cccc(C(F)(F)F)c2)nc1-c1ccccc1,O=C(CSc1nccc(-c2ccccc2)n1)Nc1ccccc1,3.6944850069187978,sars1_3cl,coronaviral,IC50,430.41100000000006,0.2268041237113402,False,False,False,False
FRQPWTXXDABLQI-UHFFFAOYSA-N,Cc1nn(C)c(NCc2ccc(-c3cccs3)s2)c1[N+](=O)[O-],c1csc(-c2ccc(CNc3ccn[nH]3)s2)c1,4.698970004336019,sars1_3cl,coronaviral,IC50,334.4260000000001,0.2077922077922078,False,False,False,False
FTWWXMYPJBVQBH-YPLMRXPPSA-N,CCSC(SCC)[C@H](Cc1c[nH]cn1)NC[C@@H]1C(NC(=O)CNC(=O)[C@@H](NC(C)=O)[C@@H](C)O)[C@H]2CCCC[C@@H]2CN1C(=O)c1ccc(Br)cc1,O=C(c1ccccc1)N1CC2CCCCC2CC1CNCCc1c[nH]cn1,3.7569619513137056,sars1_3cl,coronaviral,IC50,794.8829999999999,0.2033898305084746,False,False,False,False
FZFIFKSMUPPYBR-BKKFENPESA-N,C=CC(=O)N[C@H](CC(=C)C)C(=O)N1C[C@@H](C(=O)N[C@H](Cc2ccccc2)C(=O)NC)[C@H](c2cccc(C(F)(F)F)c2)C1,O=C(NCCc1ccccc1)C1CNCC1c1ccccc1,5.455931955649724,sars1_3cl,coronaviral,IC50,584.6390000000002,0.22330097087378642,False,False,False,False
GBDKYZQJONYDPW-UHFFFAOYSA-N,CCCCc1ccc(NC(=O)CSc2nc(O)c(C#N)c(C3CCCCC3)n2)c(C)c1,O=C(CSc1nccc(C2CCCCC2)n1)Nc1ccccc1,3.6944850069187978,sars1_3cl,coronaviral,IC50,438.5970000000003,0.2127659574468085,False,False,False,False
GNHGMLHHGVQGSW-UHFFFAOYSA-N,NC(=O)c1ccc2c(c1)C(=O)C(=O)N2Cc1ccccc1,O=C1C(=O)N(Cc2ccccc2)c2ccccc21,4.903089986991944,sars1_3cl,coronaviral,IC50,280.28299999999996,0.26785714285714285,False,False,False,False
GNHGMLHHGVQGSW-UHFFFAOYSA-N,NC(=O)c1ccc2c(c1)C(=O)C(=O)N2Cc1ccccc1,O=C1C(=O)N(Cc2ccccc2)c2ccccc21,4.893028394875397,sars1_3cl,coronaviral,Ki,280.28299999999996,0.26785714285714285,False,False,False,False
GVKKJJOMQCNPGB-JTQLQIEISA-N,C[C@H]1COC2=C1C(=O)C(=O)c1c2ccc2c1CCCC2(C)C,O=C1C(=O)c2c(ccc3c2CCCC3)C2=C1CCO2,3.6445484798734826,sars1_3cl,coronaviral,IC50,296.366,0.17333333333333334,False,False,False,False
GXSCFBFBNQZZJL-UHFFFAOYSA-N,O=C1C(=O)N(Cc2ccccc2)c2ccc(I)cc21,O=C1C(=O)N(Cc2ccccc2)c2ccccc21,4.301029995663981,sars1_3cl,coronaviral,IC50,363.15400000000005,0.1935483870967742,False,False,False,False
GXSCFBFBNQZZJL-UHFFFAOYSA-N,O=C1C(=O)N(Cc2ccccc2)c2ccc(I)cc21,O=C1C(=O)N(Cc2ccccc2)c2ccccc21,4.300515012401535,sars1_3cl,coronaviral,Ki,363.15400000000005,0.1935483870967742,False,False,False,False
HARGZZNYNSYSGJ-JTQLQIEISA-N,Cc1cccc2c3c(ccc12)C1=C(C(=O)C3=O)[C@@H](C)CO1,O=C1C(=O)c2c(ccc3ccccc23)C2=C1CCO2,4.841637507904751,sars1_3cl,coronaviral,IC50,278.307,0.19402985074626866,False,False,False,False
HCRBVFBQANEDDM-CUWPLCDZSA-N,O=C[C@H](C[C@@H]1CCNC1=O)NC(=O)[C@H](Cc1cccc(F)c1)NC(=O)c1cc2ccccc2[nH]1,O=C(NC(Cc1ccccc1)C(=O)NCCC1CCNC1=O)c1cc2ccccc2[nH]1,7.3979400086720375,sars1_3cl,coronaviral,IC50,464.4970000000001,0.25882352941176473,False,False,False,False
HFGRRUUFWKKTAF-UHFFFAOYSA-N,O=C(Nc1ccc(N(Cc2ccsc2)C(=O)Cn2nnc3ccccc32)cc1)C1CCCCC1,O=C(Nc1ccc(N(Cc2ccsc2)C(=O)Cn2nnc3ccccc32)cc1)C1CCCCC1,4.655607726314889,sars1_3cl,coronaviral,IC50,473.6020000000003,0.3246753246753247,False,False,False,False
HMICIXHTRIFAET-UHFFFAOYSA-N,O=C(Oc1cncc(Br)c1)c1ccco1,O=C(Oc1cccnc1)c1ccco1,7.301029995663981,sars1_3cl,coronaviral,IC50,268.066,0.21052631578947367,False,False,False,False
HPKJGHVHQWJOOT-ZDZADGERSA-N,O=C[C@H](CC1CCNC1=O)NC(=O)[C@H](CC1CCCCC1)NC(=O)c1cc2ccccc2[nH]1,O=C(NC(CC1CCCCC1)C(=O)NCCC1CCNC1=O)c1cc2ccccc2[nH]1,7.275724130399211,sars1_3cl,coronaviral,IC50,452.55500000000023,0.20430107526881722,False,False,False,False
HPKJGHVHQWJOOT-ZJOUEHCJSA-N,O=C[C@H](C[C@@H]1CCNC1=O)NC(=O)[C@H](CC1CCCCC1)NC(=O)c1cc2ccccc2[nH]1,O=C(NC(CC1CCCCC1)C(=O)NCCC1CCNC1=O)c1cc2ccccc2[nH]1,7.275724130399211,sars1_3cl,coronaviral,IC50,452.55500000000023,0.20430107526881722,False,False,False,False
HRVIHQDVDQVYBE-UHFFFAOYSA-N,CCCCN1C(=O)C(=O)c2cc(C(N)=O)ccc21,O=C1Nc2ccccc2C1=O,4.721246399047171,sars1_3cl,coronaviral,IC50,246.26599999999996,0.24561403508771928,False,True,False,True
HRVIHQDVDQVYBE-UHFFFAOYSA-N,CCCCN1C(=O)C(=O)c2cc(C(N)=O)ccc21,O=C1Nc2ccccc2C1=O,4.720623167382541,sars1_3cl,coronaviral,Ki,246.26599999999996,0.24561403508771928,False,True,False,True
HUNAFKUGDBHPEN-UHFFFAOYSA-N,Cc1oc(C(C)(C)C)cc1-c1cc(NS(=O)(=O)c2cccs2)[nH]n1,O=S(=O)(Nc1cc(-c2ccoc2)n[nH]1)c1cccs1,5.0,sars1_3cl,coronaviral,IC50,365.48,0.20270270270270271,False,False,False,False
HXYPMMAPDRFFTM-UHFFFAOYSA-N,O=C(Oc1ccc(S(=O)(=O)c2ccc(OC(=O)C(Cl)=C(Cl)Cl)cc2)cc1)C(Cl)=C(Cl)Cl,O=S(=O)(c1ccccc1)c1ccccc1,6.045757490560675,sars1_3cl,coronaviral,IC50,565.041,0.16393442622950818,False,False,False,False
HYEIKCOUEGKGTH-UHFFFAOYSA-N,Cc1cc(C(F)(F)F)nc(SCC(=O)Nc2ccc(Cl)cc2F)n1,O=C(CSc1ncccn1)Nc1ccccc1,3.300514999403563,sars1_3cl,coronaviral,IC50,379.766,0.21621621621621623,False,False,False,False
HYXITZLLTYIPOF-UHFFFAOYSA-N,Cc1coc2c1C(=O)C(=O)c1c-2ccc2c1CCCC2(C)C,O=C1C(=O)c2c(ccc3c2CCCC3)-c2occc21,4.050122295963125,sars1_3cl,coronaviral,IC50,294.35,0.18309859154929578,False,False,False,False
IISVLIVZUKTYPJ-UQZXRVNLSA-N,CON(C)C(=O)[C@H](Cc1c[nH]cn1)NC[C@@H]1C(NC(=O)CNC(=O)[C@@H](NC(C)=O)[C@@H](C)O)[C@H]2CCCC[C@@H]2CN1C(=O)c1ccc(Br)cc1,O=C(c1ccccc1)N1CC2CCCCC2CC1CNCCc1c[nH]cn1,3.0,sars1_3cl,coronaviral,IC50,747.6920000000001,0.19130434782608696,False,False,False,False
IIXWVKPHXRFBKW-UHFFFAOYSA-N,C=C(Cc1cccc(C)c1)C1=CC=C(c2ccc(C)cc2)C1,C=C(Cc1ccccc1)C1=CC=C(c2ccccc2)C1,4.886056647693163,sars1_3cl,coronaviral,IC50,286.418,0.3114754098360656,False,False,False,False
IMKQISNVNXIKPN-UHFFFAOYSA-N,CCC(Sc1nc(O)c(C#N)c(-c2cccc(OC)c2)n1)C(=O)Nc1ccc(C(C)=O)cc1,O=C(CSc1nccc(-c2ccccc2)n1)Nc1ccccc1,4.220924369789729,sars1_3cl,coronaviral,IC50,462.53100000000023,0.22727272727272727,False,False,False,False
INAZPZCJNPPHGV-UHFFFAOYSA-N,Cc1cc(S(=O)(=O)c2c([N+](=O)[O-])cc(C(F)(F)F)cc2[N+](=O)[O-])c(Cl)cc1Cl,O=S(=O)(c1ccccc1)c1ccccc1,6.522878745280337,sars1_3cl,coronaviral,IC50,459.1850000000002,0.19230769230769232,False,False,False,False
IRJXEJHJNCVKGL-AXDSSHIGSA-N,CC(C)C[C@H](NC(=O)OC(C)(C)C)C(=O)NC(C)C(=O)C(F)(F)F,,4.3979400086720375,sars1_3cl,coronaviral,IC50,354.369,0.2222222222222222,False,False,False,False
JBLLRCOZJMVOAE-HSQYWUDLSA-N,COc1cccc2[nH]c(C(=O)N[C@@H](CC(C)C)C(=O)N[C@@H](C[C@@H]3CCNC3=O)C(=O)c3nc4ccccc4s3)cc12,O=C(CNC(=O)c1cc2ccccc2[nH]1)NC(CC1CCNC1=O)C(=O)c1nc2ccccc2s1,7.795880017344075,sars1_3cl,coronaviral,Kd,575.6910000000003,0.21212121212121213,False,False,False,False
JBLLRCOZJMVOAE-HSQYWUDLSA-N,COc1cccc2[nH]c(C(=O)N[C@@H](CC(C)C)C(=O)N[C@@H](C[C@@H]3CCNC3=O)C(=O)c3nc4ccccc4s3)cc12,O=C(CNC(=O)c1cc2ccccc2[nH]1)NC(CC1CCNC1=O)C(=O)c1nc2ccccc2s1,8.200659450546418,sars1_3cl,coronaviral,Ki,575.6910000000003,0.21212121212121213,False,False,False,False
JEZYTEDGOJCVQS-UHFFFAOYSA-N,Cc1nc(-c2nc(-c3ccnc(SCC(=O)Nc4ccc(Cl)cc4)n3)cs2)cs1,O=C(CSc1nccc(-c2csc(-c3cscn3)n2)n1)Nc1ccccc1,4.851935912156444,sars1_3cl,coronaviral,IC50,460.00900000000007,0.21518987341772153,False,False,False,False
JLRPBEAXLCQKGS-UHFFFAOYSA-N,Cc1nc(S(=O)(=O)c2ccccc2)c(C#N)c(C)c1[N+](=O)[O-],O=S(=O)(c1ccccc1)c1ccccn1,4.886056647693163,sars1_3cl,coronaviral,IC50,317.3260000000001,0.2037037037037037,False,False,False,False
JMBJZTHVHMZAKN-NYVOZVTQSA-N,CC(C)C[C@H](NC(=O)c1cc2ccccc2[nH]1)C(=O)N[C@@H](C[C@@H]1CCNC1=O)C(=O)c1nc2ccccc2s1,O=C(CNC(=O)c1cc2ccccc2[nH]1)NC(CC1CCNC1=O)C(=O)c1nc2ccccc2s1,7.187086643357144,sars1_3cl,coronaviral,Ki,545.6650000000003,0.20618556701030927,False,False,False,False
JQGPUSGIZCUQIA-SNRMKQJTSA-N,CC(C)C[C@H](NC(=O)c1ccc[nH]1)C(=O)N[C@@H](C[C@@H]1CCNC1=O)C(=O)c1nc2ccccc2s1,O=C(CNC(=O)c1ccc[nH]1)NC(CC1CCNC1=O)C(=O)c1nc2ccccc2s1,5.769551078621726,sars1_3cl,coronaviral,Ki,495.6050000000003,0.2,False,False,False,False
JXGIYKRRPGCLFV-JOCHJYFZSA-N,CC(C)(C)NC(=O)[C@@H](c1cccnc1)N(C(=O)c1ccco1)c1ccc(C(C)(C)C)cc1,O=C(c1ccco1)N(Cc1cccnc1)c1ccccc1,5.823908740944319,sars1_3cl,coronaviral,IC50,433.5520000000002,0.2361111111111111,False,False,False,False
JXGIYKRRPGCLFV-JOCHJYFZSA-N,CC(C)(C)NC(=O)[C@@H](c1cccnc1)N(C(=O)c1ccco1)c1ccc(C(C)(C)C)cc1,O=C(c1ccco1)N(Cc1cccnc1)c1ccccc1,5.795880017344075,sars1_3cl,coronaviral,Ki,433.5520000000002,0.2361111111111111,False,False,False,False
JXGIYKRRPGCLFV-UHFFFAOYSA-N,CC(C)(C)NC(=O)C(c1cccnc1)N(C(=O)c1ccco1)c1ccc(C(C)(C)C)cc1,O=C(c1ccco1)N(Cc1cccnc1)c1ccccc1,5.318758762624412,sars1_3cl,coronaviral,IC50,433.5520000000002,0.2361111111111111,False,False,False,False
KIFWJAVYYRTXDP-UHFFFAOYSA-N,COc1ccc(NC(=O)CSc2nc(O)cc(-c3ccccc3)n2)cc1OC,O=C(CSc1nccc(-c2ccccc2)n1)Nc1ccccc1,4.343393738178705,sars1_3cl,coronaviral,IC50,397.45600000000013,0.26865671641791045,False,False,False,False
KMPOAXYUGWTIIV-UHFFFAOYSA-N,CCC(C)c1ccc(N(C(=O)c2ccco2)C(C(=O)NC2CCCC2)c2cccnc2)cc1,O=C(NC1CCCC1)C(c1cccnc1)N(C(=O)c1ccco1)c1ccccc1,5.657577319177793,sars1_3cl,coronaviral,IC50,445.5630000000002,0.27380952380952384,False,False,False,False
KOUVVHAGIUSYCU-ZONLJJFTSA-N,CC1(C)[C@@H]2[C@@H](C(=O)N[C@H](C=O)C[C@@H]3CCNC3=O)N(C(=O)C3(c4ccccc4)CCCC3)C[C@@H]21,O=C1NCCC1CCNC(=O)C1C2CC2CN1C(=O)C1(c2ccccc2)CCCC1,7.318758762624412,sars1_3cl,coronaviral,IC50,465.5940000000003,0.23076923076923078,False,False,False,False
KRKZTFZXGIMFRZ-SSKFGXFMSA-N,CC(C)C[C@H](NC(=O)c1cc2cc(O)ccc2[nH]1)C(=O)N[C@@H](C[C@@H]1CCNC1=O)C(=O)c1nc2ccccc2s1,O=C(CNC(=O)c1cc2ccccc2[nH]1)NC(CC1CCNC1=O)C(=O)c1nc2ccccc2s1,6.795880017344075,sars1_3cl,coronaviral,Ki,561.6640000000003,0.19801980198019803,False,False,False,False
KROPIDGCKMSLKK-UHFFFAOYSA-N,Cc1cc(O)nc(SCC(=O)Nc2cc(Cl)ccc2Oc2ccccc2)n1,O=C(CSc1ncccn1)Nc1ccccc1Oc1ccccc1,4.0,sars1_3cl,coronaviral,IC50,401.8750000000001,0.2987012987012987,False,False,False,False
LHBIUOYHJIXRST-UHFFFAOYSA-N,O=C(Cn1nnc2ccccc21)N(Cc1ccsc1)c1ccc(-c2cccnc2)cc1,O=C(Cn1nnc2ccccc21)N(Cc1ccsc1)c1ccc(-c2cccnc2)cc1,6.013228265733755,sars1_3cl,coronaviral,IC50,425.5170000000001,0.23076923076923078,False,False,False,False
LHHCSNFAOIFYRV-DOVBMPENSA-N,CC(C)(C)NC(=O)N[C@H](C(=O)N1C[C@H]2[C@@H]([C@H]1C(=O)NC(CC1CCC1)C(=O)C(N)=O)C2(C)C)C(C)(C)C,O=C(NCCC1CCC1)C1NCC2CC21,5.178486471595226,sars1_3cl,coronaviral,IC50,519.6870000000004,0.20652173913043478,False,False,False,False
LIENCHBZNNMNKG-OJFNHCPVSA-N,CC(C)(C)[C@H](NC(=O)C(F)(F)F)C(=O)N1C[C@H]2[C@@H]([C@H]1C(=O)N[C@H](C#N)C[C@@H]1CCNC1=O)C2(C)C,O=C1NCCC1CCNC(=O)C1NCC2CC21,7.698970004336019,sars1_3cl,coronaviral,IC50,499.5340000000003,0.1782178217821782,False,False,False,False
LILOEJREEQFTPM-UHFFFAOYSA-N,O=C(CSc1nccc(-c2csc(-c3ccccc3)n2)n1)Nc1cc(Cl)cc(Cl)c1,O=C(CSc1nccc(-c2csc(-c3ccccc3)n2)n1)Nc1ccccc1,5.5214394963443505,sars1_3cl,coronaviral,IC50,473.4100000000001,0.21518987341772153,False,False,False,False
LJTINUKMKJKLBT-UHFFFAOYSA-N,O=C(Oc1cncc(Cl)c1)c1cc2ccccc2[nH]1,O=C(Oc1cccnc1)c1cc2ccccc2[nH]1,7.187086643357144,sars1_3cl,coronaviral,IC50,272.69100000000003,0.21666666666666667,False,False,False,False
LLDUVMWNWSALDZ-UHFFFAOYSA-N,CCC(=O)Nc1ccc(N(C(=O)Cn2nnc3ccccc32)C(C(=O)NC(C)(C)C)c2ccsc2)cc1,O=C(Cn1nnc2ccccc21)N(Cc1ccsc1)c1ccccc1,5.161150909262744,sars1_3cl,coronaviral,IC50,518.6430000000003,0.1935483870967742,False,False,False,False
LLMHUZNGBKKMAA-QSGKVOPNSA-N,CC(C)C[C@H](NC(=O)C1Cc2ccccc2N1)C(=O)N[C@@H](C[C@@H]1CCNC1=O)C(=O)c1nc2ccccc2s1,O=C(CNC(=O)C1Cc2ccccc2N1)NC(CC1CCNC1=O)C(=O)c1nc2ccccc2s1,6.920818753952375,sars1_3cl,coronaviral,Ki,547.6810000000003,0.20618556701030927,False,False,False,False
LSNQQXOFSSIYET-JBACZVJFSA-N,CC(C)C[C@H](NC(=O)c1cc2ccccc2o1)C(=O)N[C@@H](C[C@@H]1CCNC1=O)C(=O)c1nc2ccccc2s1,O=C(CNC(=O)c1cc2ccccc2o1)NC(CC1CCNC1=O)C(=O)c1nc2ccccc2s1,4.853871964321762,sars1_3cl,coronaviral,Ki,546.6490000000003,0.2079207920792079,False,False,False,False
LTKZCHKSOAHTRI-UHFFFAOYSA-N,CC(C)C(=O)Nc1ccc(N(Cc2ccsc2)C(=O)Cn2nnc3ccccc32)cc1,O=C(Cn1nnc2ccccc21)N(Cc1ccsc1)c1ccccc1,5.443697499232712,sars1_3cl,coronaviral,IC50,433.53700000000015,0.24358974358974358,False,False,False,False
MAYSJMBSILUGEG-UHFFFAOYSA-N,O=C1C(=O)N(Cc2cc3ccccc3s2)c2ccc(I)cc21,O=C1C(=O)N(Cc2cc3ccccc3s2)c2ccccc21,6.022276394711152,sars1_3cl,coronaviral,IC50,419.24300000000005,0.1527777777777778,False,False,False,False
MFBIUOFKXQKEGQ-UHFFFAOYSA-N,COc1cccc(-c2nc(SCC(=O)Nc3ccc(S(N)(=O)=O)cc3)nc(O)c2C#N)c1,O=C(CSc1nccc(-c2ccccc2)n1)Nc1ccccc1,4.393969992504873,sars1_3cl,coronaviral,IC50,471.5200000000002,0.2441860465116279,False,False,False,False
MIUWEMMHFMGNDH-UHFFFAOYSA-N,CC(C)(C)NC(=O)C(c1ccsc1)N(C(=O)Cn1nnc2ccccc21)c1ccc(NC(=O)C2CCC2)cc1,O=C(Nc1ccc(N(Cc2ccsc2)C(=O)Cn2nnc3ccccc32)cc1)C1CCC1,5.42021640338319,sars1_3cl,coronaviral,IC50,544.6810000000003,0.24210526315789474,False,False,False,False
MKTNGEKTIQHTIL-WDSKDSINSA-N,C[C@H](NC(=O)[C@@H](N)CCC(=O)O)C(=O)NCC(=O)C(F)(F)F,,4.301029995663981,sars1_3cl,coronaviral,IC50,327.25899999999996,0.17142857142857143,False,False,False,False
MNUHXGJUYTWVLU-UHFFFAOYSA-N,O=C(Oc1cncc(Cl)c1)c1cc2ccccc2s1,O=C(Oc1cccnc1)c1cc2ccccc2s1,7.022276394711152,sars1_3cl,coronaviral,IC50,289.74300000000005,0.21311475409836064,False,False,False,False
MQOSRSSZYUXZNH-XFFCECHOSA-N,CCOC(=O)/C=C/[C@H](C[C@@H]1CCNC1=O)NC(=O)[C@H](Cc1ccccc1)NC(=O)[C@@H](NC(=O)OCc1ccccc1)C(C)C,O=C(CNC(=O)OCc1ccccc1)NC(Cc1ccccc1)C(=O)NCCC1CCNC1=O,5.645891560852599,sars1_3cl,coronaviral,Ki,606.7200000000003,0.25773195876288657,False,False,False,False
MRJDBDRLINRLIW-UHFFFAOYSA-N,CC(C)(C)NC(=O)C(c1cccnc1)N(C(=O)c1cnco1)c1ccc(C(C)(C)C)cc1,O=C(c1cnco1)N(Cc1cccnc1)c1ccccc1,4.4089353929735005,sars1_3cl,coronaviral,IC50,434.5400000000002,0.2361111111111111,False,False,False,False
MWRTVEONKVGXNK-UHFFFAOYSA-N,CC(C)(C)NC(=O)C(c1ccsc1)N(C(=O)Cn1nnc2ccccc21)c1ccc(NC(=O)c2ccno2)cc1,O=C(Nc1ccc(N(Cc2ccsc2)C(=O)Cn2nnc3ccccc32)cc1)c1ccno1,4.585026652029182,sars1_3cl,coronaviral,IC50,557.6360000000002,0.1919191919191919,False,False,False,False
MXNQUGPRVJCZMV-UHFFFAOYSA-N,O=S(=O)(Cc1[nH]c(-c2ccc(Cl)s2)c[s+]1)c1cccs1,O=S(=O)(Cc1[nH]c(-c2cccs2)c[s+]1)c1cccs1,4.7447274948966935,sars1_3cl,coronaviral,IC50,362.93000000000006,0.15789473684210525,False,False,False,False
NGIZLVDUIAGJQR-UHFFFAOYSA-N,COc1ncccc1-c1ccc(N(Cc2ccsc2)C(=O)Cn2nnc3ccccc32)cc1,O=C(Cn1nnc2ccccc21)N(Cc1ccsc1)c1ccc(-c2cccnc2)cc1,6.154901959985743,sars1_3cl,coronaviral,IC50,455.5430000000002,0.2916666666666667,False,False,False,False
NKNVWMCNULJELK-UHFFFAOYSA-N,CC(C)(C)NC(=O)C(c1ccsc1)N(C(=O)Cn1nnc2ccccc21)c1ccc(NC(=O)C(C)(C)C)cc1,O=C(Cn1nnc2ccccc21)N(Cc1ccsc1)c1ccccc1,4.647817481888637,sars1_3cl,coronaviral,IC50,546.6970000000002,0.1956521739130435,False,False,False,False
NNVVKOVHRSDRSQ-UHFFFAOYSA-N,CSc1sc(-c2nc(C)cs2)c(C)c1-c1ccnc(SCC(=O)Nc2ccccc2Cl)n1,O=C(CSc1nccc(-c2csc(-c3nccs3)c2)n1)Nc1ccccc1,4.920409455474716,sars1_3cl,coronaviral,IC50,519.1420000000002,0.2159090909090909,False,False,False,False
NTHJYOHUJPHCJD-OPXMRZJTSA-N,CC(C)COc1cccc2[nH]c(C(=O)N[C@@H](CC(C)C)C(=O)N[C@@H](C[C@@H]3CCNC3=O)C(=O)c3nc4ccccc4s3)cc12,O=C(CNC(=O)c1cc2ccccc2[nH]1)NC(CC1CCNC1=O)C(=O)c1nc2ccccc2s1,7.522878745280337,sars1_3cl,coronaviral,Ki,617.7720000000003,0.19811320754716982,False,False,False,False
NTMNWUJSOXLLCJ-UHFFFAOYSA-N,CSc1nn(-c2c([N+](=O)[O-])c(C)nn2C)c(-c2cccs2)c1C#N,c1csc(-c2ccnn2-c2ccn[nH]2)c1,4.7447274948966935,sars1_3cl,coronaviral,IC50,360.42400000000004,0.17142857142857143,False,False,False,False
NTNYHMJYSGPGCQ-UHFFFAOYSA-N,NC(=O)c1ccc2c(c1)C(=O)C(=O)N2Cc1ccc2ccccc2c1,O=C1C(=O)N(Cc2ccc3ccccc3c2)c2ccccc21,6.431798275933005,sars1_3cl,coronaviral,IC50,330.34299999999996,0.2647058823529412,False,False,False,False
NTNYHMJYSGPGCQ-UHFFFAOYSA-N,NC(=O)c1ccc2c(c1)C(=O)C(=O)N2Cc1ccc2ccccc2c1,O=C1C(=O)N(Cc2ccc3ccccc3c2)c2ccccc21,6.920402953422224,sars1_3cl,coronaviral,Ki,330.34299999999996,0.2647058823529412,False,False,False,False
OCKMJWOFMCSMEX-UHFFFAOYSA-N,O=C(Nc1ccc(N(Cc2ccsc2)C(=O)Cn2nnc3ccccc32)cc1)C1CC1,O=C(Nc1ccc(N(Cc2ccsc2)C(=O)Cn2nnc3ccccc32)cc1)C1CC1,5.3872161432802645,sars1_3cl,coronaviral,IC50,431.5210000000002,0.30666666666666664,False,False,False,False
ODGRTWPIJBYMDL-NDXORKPFSA-N,CC(C)C[C@H](NC(=O)c1cc2c(O)cccc2[nH]1)C(=O)N[C@@H](C[C@@H]1CCNC1=O)C(=O)c1nc2ccccc2s1,O=C(CNC(=O)c1cc2ccccc2[nH]1)NC(CC1CCNC1=O)C(=O)c1nc2ccccc2s1,7.585026652029182,sars1_3cl,coronaviral,Ki,561.6640000000003,0.2079207920792079,False,False,False,False
OELFRKXRVLKMSJ-UHFFFAOYSA-N,CC1(C)CC(=O)c2c(NCc3ccco3)sc(C#N)c2C1,O=C1CCCc2csc(NCc3ccco3)c21,4.795880017344075,sars1_3cl,coronaviral,IC50,300.3830000000001,0.1744186046511628,False,False,False,False
OLHLKONSFGSLGT-UHFFFAOYSA-N,CC(C)(C)c1ccc(NC(=O)CSc2nc(O)c(C#N)c(C3CCCCC3)n2)cc1,O=C(CSc1nccc(C2CCCCC2)n1)Nc1ccccc1,3.4529659773558072,sars1_3cl,coronaviral,IC50,424.5700000000003,0.21951219512195122,False,False,False,False
PAVJYVVZIJTAHT-UHFFFAOYSA-N,O=C(Oc1cncc(Cl)c1)c1cccs1,O=C(Oc1cccnc1)c1cccs1,6.301029995663981,sars1_3cl,coronaviral,IC50,239.68300000000002,0.25396825396825395,False,False,False,False
PCVUBRKQJSUBFP-UHFFFAOYSA-N,CC(C)C(=O)Nc1ccc(N(C(=O)Cn2nnc3ccccc32)C(C(=O)NC(C)(C)C)c2ccsc2)cc1,O=C(Cn1nnc2ccccc21)N(Cc1ccsc1)c1ccccc1,5.3872161432802645,sars1_3cl,coronaviral,IC50,532.6700000000002,0.1956521739130435,False,False,False,False
PEWPQJNFKWMXCQ-RTFZILSDSA-N,COc1ccc2[nH]c(C(=O)N[C@@H](CC(C)C)C(=O)N[C@@H](C[C@@H]3CCNC3=O)C(=O)c3nc4ccccc4s3)cc2c1,O=C(CNC(=O)c1cc2ccccc2[nH]1)NC(CC1CCNC1=O)C(=O)c1nc2ccccc2s1,7.173925197299173,sars1_3cl,coronaviral,Ki,575.6910000000003,0.2,False,False,False,False
PJMHAMNPKRDQBR-UHFFFAOYSA-N,CC(=O)Nc1ccc(N(C(=O)Cn2nnc3ccccc32)C(C(=O)NC(C)(C)C)c2ccsc2)cc1,O=C(Cn1nnc2ccccc21)N(Cc1ccsc1)c1ccccc1,5.1123826996642645,sars1_3cl,coronaviral,IC50,504.6160000000002,0.20270270270270271,False,False,False,False
PUZODRXERPKEFT-UHFFFAOYSA-N,CC(C)(C)NC(=O)C(c1ccncc1)N(C(=O)c1ccco1)c1ccc(C(C)(C)C)cc1,O=C(c1ccco1)N(Cc1ccncc1)c1ccccc1,4.346787486224656,sars1_3cl,coronaviral,IC50,433.5520000000002,0.1780821917808219,False,False,False,False
PWBQMVUCCVWDEJ-YVSZZSSPSA-N,CCOC(=O)/C=C/[C@H](C[C@@H]1CCNC1=O)NC(=O)[C@H](CC(C)C)NC(=O)[C@@H](NC(=O)OCc1ccccc1)C(C)OC(C)(C)C,O=C(CNC(=O)CNC(=O)OCc1ccccc1)NCCC1CCNC1=O,7.236572006437063,sars1_3cl,coronaviral,Ki,630.7830000000001,0.2403846153846154,False,False,False,False
PWOOQGJCRRKDBU-UHFFFAOYSA-N,O=C(O)c1ccc(S(=O)(=O)c2cc(Br)c(O)c(Br)c2)cc1,O=S(=O)(c1ccccc1)c1ccccc1,4.795880017344075,sars1_3cl,coronaviral,IC50,436.07700000000006,0.16666666666666666,False,False,False,False
PWZKDBYJLZTANB-UHFFFAOYSA-N,COc1cccc(-c2nc(SCC(=O)Nc3ccc(C(C)=O)cc3)nc(O)c2C#N)c1,O=C(CSc1nccc(-c2ccccc2)n1)Nc1ccccc1,4.220924369789729,sars1_3cl,coronaviral,IC50,434.4770000000002,0.23809523809523808,False,False,False,False
PZDMHBOCYKZMGI-UHFFFAOYSA-N,CC(=O)c1ccccc1S(=O)(=O)c1ccccc1C(=O)O,O=S(=O)(c1ccccc1)c1ccccc1,4.795880017344075,sars1_3cl,coronaviral,IC50,304.32300000000004,0.2894736842105263,False,False,False,False
QCTVBOWKIJXOCX-UHFFFAOYSA-N,CC(C)(C)NC(=O)C(c1cccnc1)N(C(=O)C1=NC=NC1)c1ccc(C(C)(C)C)cc1,O=C(C1=NC=NC1)N(Cc1cccnc1)c1ccccc1,5.221848749616356,sars1_3cl,coronaviral,IC50,433.5560000000002,0.24390243902439024,False,False,False,False
QDOZGFCRSLNJBV-IGKWTDBASA-N,CC(C)C[C@H](NC(=O)c1cc2c(OC(C)C)cccc2[nH]1)C(=O)N[C@@H](C[C@@H]1CCNC1=O)C(=O)c1nc2ccccc2s1,O=C(CNC(=O)c1cc2ccccc2[nH]1)NC(CC1CCNC1=O)C(=O)c1nc2ccccc2s1,7.318758762624412,sars1_3cl,coronaviral,Ki,603.7450000000003,0.21359223300970873,False,False,False,False
QECWOSUSNVKLGQ-UHFFFAOYSA-N,O=C(CSc1nccc(-c2cc(-c3ccc(Cl)cc3Cl)no2)n1)Nc1ccc(C(F)(F)F)cc1,O=C(CSc1nccc(-c2cc(-c3ccccc3)no2)n1)Nc1ccccc1,4.821954406114749,sars1_3cl,coronaviral,IC50,525.3390000000002,0.20454545454545456,False,False,False,False
QGJZLNKBHJESQX-FZFNOLFKSA-N,C=C(C)[C@@H]1CC[C@]2(C(=O)O)CC[C@]3(C)[C@H](CC[C@@H]4[C@@]5(C)CC[C@H](O)C(C)(C)[C@@H]5CC[C@]43C)[C@@H]12,C1CCC2C(C1)CCC1C2CCC2C3CCCC3CCC21,5.0,sars1_3cl,coronaviral,IC50,456.7110000000003,0.12987012987012986,False,False,False,False
QGJZLNKBHJESQX-FZFNOLFKSA-N,C=C(C)[C@@H]1CC[C@]2(C(=O)O)CC[C@]3(C)[C@H](CC[C@@H]4[C@@]5(C)CC[C@H](O)C(C)(C)[C@@H]5CC[C@]43C)[C@@H]12,C1CCC2C(C1)CCC1C2CCC2C3CCCC3CCC21,5.086186147616283,sars1_3cl,coronaviral,Ki,456.7110000000003,0.12987012987012986,False,False,False,False
QGWPMYZWJXKBHT-UHFFFAOYSA-N,O=C1C(=O)N(Cc2cc3ccccc3s2)c2ccccc21,O=C1C(=O)N(Cc2cc3ccccc3s2)c2ccccc21,4.8823973083099155,sars1_3cl,coronaviral,IC50,293.34700000000004,0.15942028985507245,False,False,False,False
QGXQATMNOFKZQI-IMBDSGOMSA-N,CC(=O)N[C@H](C(=O)NCC(=O)NC1[C@H]2CCCC[C@@H]2CN(C(=O)c2ccc(Br)cc2)[C@@H]1CN[C@H](C=O)Cc1c[nH]cn1)[C@@H](C)O,O=C(c1ccccc1)N1CC2CCCCC2CC1CNCCc1c[nH]cn1,4.585026652029182,sars1_3cl,coronaviral,IC50,688.624,0.18803418803418803,False,False,False,False
QHBWMDVARYUYJW-UHFFFAOYSA-N,O=C(Oc1cncc(Cl)c1)c1cc2ccccc2o1,O=C(Oc1cccnc1)c1cc2ccccc2o1,6.769551078621726,sars1_3cl,coronaviral,IC50,273.67500000000007,0.23728813559322035,False,False,False,False
QHXIEOUYOSYVEB-PFHORGDFSA-N,CCCCC1CCC(COC(=O)N[C@@H](CC(C)C)C(=O)N[C@H](C=O)C[C@@H]2CCNC2=O)CC1,O=C(CNC(=O)OCC1CCCCC1)NCCC1CCNC1=O,6.045757490560675,sars1_3cl,coronaviral,IC50,465.6350000000003,0.18947368421052632,False,False,False,False
QLHBUHQTCJSYDO-UHFFFAOYSA-N,O=C(Nc1ccc(Cl)cc1)c1ccc(CN2C(=O)C(=O)c3cc(I)ccc32)s1,O=C(Nc1ccccc1)c1ccc(CN2C(=O)C(=O)c3ccccc32)s1,4.900664722314042,sars1_3cl,coronaviral,IC50,522.7510000000001,0.1927710843373494,False,False,False,False
QNRLUURSWJCRAA-UHFFFAOYSA-N,S=C(S)NCc1cccnc1,c1ccncc1,6.781256314814579,sars1_3cl,coronaviral,IC50,184.28900000000004,0.2619047619047619,False,True,False,True
QRTUECBYTYJXHL-ANMXJASRSA-N,CC(C)c1ccc(F)c2[nH]c(C(=O)N3C[C@H]4[C@@H]([C@H]3C(=O)N[C@H](C=O)C[C@@H]3CCNC3=O)C4(C)C)cc12,O=C1NCCC1CCNC(=O)C1C2CC2CN1C(=O)c1cc2ccccc2[nH]1,7.522878745280337,sars1_3cl,coronaviral,IC50,496.5830000000003,0.2,False,False,False,False
QUFAZQGZSQBRME-UHFFFAOYSA-N,CN1C(=O)C(=O)c2cc(C(N)=O)ccc21,O=C1Nc2ccccc2C1=O,4.1487416512809245,sars1_3cl,coronaviral,IC50,204.18499999999997,0.2653061224489796,False,True,False,True
QUFAZQGZSQBRME-UHFFFAOYSA-N,CN1C(=O)C(=O)c2cc(C(N)=O)ccc21,O=C1Nc2ccccc2C1=O,4.144370813673075,sars1_3cl,coronaviral,Ki,204.18499999999997,0.2653061224489796,False,True,False,True
QYENXTYKACLCGO-BZSNNMDCSA-N,CC(C)C[C@H](NC(=O)OCc1ccccc1)C(=O)N[C@H](C=O)C[C@@H]1CCNC1=O,O=C(CNC(=O)OCc1ccccc1)NCCC1CCNC1=O,7.154901959985743,sars1_3cl,coronaviral,IC50,403.47900000000016,0.2222222222222222,False,False,False,False
RBWMYPKAPIYTJQ-VMBFOHBNSA-N,CC1(C)[C@@H]2[C@@H](C(=O)N[C@H](C=O)C[C@@H]3CCNC3=O)N(C(=O)COc3ccc(OC(F)(F)F)cc3)C[C@@H]21,O=C1NCCC1CCNC(=O)C1C2CC2CN1C(=O)COc1ccccc1,7.818156412055227,sars1_3cl,coronaviral,IC50,511.4970000000002,0.1958762886597938,False,False,False,False
RJMUSRYZPJIFPJ-UHFFFAOYSA-N,O=C(Nc1ccc([N+](=O)[O-])cc1Cl)c1cc(Cl)ccc1O,O=C(Nc1ccccc1)c1ccccc1,4.3979400086720375,sars1_3cl,coronaviral,IC50,327.12300000000005,0.21666666666666667,False,True,False,True
RMLYDSUPMGBCJP-UHFFFAOYSA-N,CNc1ccc(N(Cc2ccsc2)C(=O)Cn2nnc3ccccc32)cc1,O=C(Cn1nnc2ccccc21)N(Cc1ccsc1)c1ccccc1,5.6777807052660805,sars1_3cl,coronaviral,IC50,377.47300000000007,0.2602739726027397,False,False,False,False
RPPFHWBHHCJZJS-UHFFFAOYSA-N,Nc1ncc(S(=O)(=O)c2ccc(Cl)cc2)c(N)n1,O=S(=O)(c1ccccc1)c1cncnc1,5.221848749616356,sars1_3cl,coronaviral,IC50,284.728,0.2,False,False,False,False
RSUVYMGADVXGOU-BUHFOSPRSA-N,CN(C)CCCSc1ccccc1NC(=O)/C=C/c1ccccc1,O=C(C=Cc1ccccc1)Nc1ccccc1,5.301029995663981,sars1_3cl,coronaviral,IC50,340.4920000000001,0.2361111111111111,False,False,False,False
RUIUNGOEDRWCHE-UHFFFAOYSA-N,CC(C)(C)NC(=O)C(c1ccsc1)N(C(=O)Cn1nnc2ccccc21)c1ccc(NS(C)(=O)=O)cc1,O=C(Cn1nnc2ccccc21)N(Cc1ccsc1)c1ccccc1,4.5968794788241825,sars1_3cl,coronaviral,IC50,540.6710000000002,0.1935483870967742,False,False,False,False
RYEZRLQEBRCAQY-UHFFFAOYSA-N,CC(C)(C)NC(=O)C(c1cccnc1)N(C(=O)c1cccs1)c1ccc(C(C)(C)C)cc1,O=C(c1cccs1)N(Cc1cccnc1)c1ccccc1,4.301029995663981,sars1_3cl,coronaviral,IC50,449.6200000000002,0.2361111111111111,False,False,False,False
SHLBJLRRZKJCRW-UHFFFAOYSA-N,Cc1cccc2nc(CSC(=S)NCc3cccnc3)cn12,S=C(NCc1cccnc1)SCc1cn2ccccc2n1,6.418400268221168,sars1_3cl,coronaviral,IC50,328.466,0.23863636363636365,False,False,False,False
SHSVXUUTGUMFAP-UOZKOTSUSA-N,CC[C@H](C)[C@H]1C(=O)N2CCC[C@H]2C(=O)O[C@H](C(C)(C)C)C[C@@H](C)C[C@H](O)[C@H](C)C2=N[C@@H](CCC(=O)N[C@@H](Cc3ccc(OC)cc3)C(=O)N(C)[C@@H](C)C(=O)N1C)CS2,O=C1CNC(=O)C(Cc2ccccc2)NC(=O)CCC2CSC(=N2)CCCCCCOC(=O)C2CCCN2C(=O)CN1,6.769551078621726,sars1_3cl,coronaviral,IC50,828.13,0.18487394957983194,False,False,False,False
SQUUVUDFHHMCTC-UHFFFAOYSA-N,Cc1cc2cc(CN(CCc3ccccc3C)C(=O)NCc3ccccc3)c(=O)[nH]c2cc1C,O=C(NCc1ccccc1)N(CCc1ccccc1)Cc1cc2ccccc2[nH]c1=O,4.764471553092451,sars1_3cl,coronaviral,IC50,453.5860000000002,0.24675324675324675,False,False,False,False
SRIMVHISFZVSTF-UHFFFAOYSA-N,CC(C)COC(=O)Nc1ccc(N(Cc2ccsc2)C(=O)Cn2nnc3ccccc32)cc1,O=C(Cn1nnc2ccccc21)N(Cc1ccsc1)c1ccccc1,4.987162775294828,sars1_3cl,coronaviral,IC50,463.56300000000016,0.23170731707317074,False,False,False,False
SWVOLMFAZXVBNL-UHFFFAOYSA-N,Cc1ccc(S(=O)(=O)c2nc(C)c([N+](=O)[O-])c(C)c2C#N)cc1,O=S(=O)(c1ccccc1)c1ccccn1,4.886056647693163,sars1_3cl,coronaviral,IC50,331.35300000000007,0.16363636363636364,False,False,False,False
TUBDEXWKZSAMKH-UHFFFAOYSA-N,O=C(CSc1nccc(-c2cc(-c3ccccc3)no2)n1)Nc1ccc(Cl)cc1,O=C(CSc1nccc(-c2cc(-c3ccccc3)no2)n1)Nc1ccccc1,4.821954406114749,sars1_3cl,coronaviral,IC50,422.89700000000005,0.20833333333333334,False,False,False,False
TUMJQFRANSTLTQ-UHFFFAOYSA-N,O=C(CSc1nc(C2CCCCC2)nc2ccccc12)NCc1ccco1,O=C(CSc1nc(C2CCCCC2)nc2ccccc12)NCc1ccco1,4.739928612014925,sars1_3cl,coronaviral,IC50,381.50100000000003,0.23076923076923078,False,False,False,False
TVLQALFGTUDNSX-UHFFFAOYSA-N,CC(C)(C)C(=O)Nc1ccc(N(Cc2ccsc2)C(=O)Cn2nnc3ccccc32)cc1,O=C(Cn1nnc2ccccc21)N(Cc1ccsc1)c1ccccc1,4.876148359032914,sars1_3cl,coronaviral,IC50,447.5640000000002,0.24358974358974358,False,False,False,False
TWIVXCFEBRGEKY-UHFFFAOYSA-N,CCC(=O)Nc1ccc(N(Cc2ccsc2)C(=O)Cn2nnc3ccccc32)cc1,O=C(Cn1nnc2ccccc21)N(Cc1ccsc1)c1ccccc1,5.537602002101044,sars1_3cl,coronaviral,IC50,419.5100000000001,0.24675324675324675,False,False,False,False
TYLOEMFGLQBHPE-UHFFFAOYSA-N,O=C(Oc1cncc(Cl)c1)c1ccc2[nH]ccc2c1,O=C(Oc1cccnc1)c1ccc2[nH]ccc2c1,4.619788758288394,sars1_3cl,coronaviral,EC50,272.69100000000003,0.22058823529411764,False,False,False,False
TZXGZESALXRMTD-UHFFFAOYSA-N,CC(C)(C)NC(=O)C(c1ccnnc1)N(C(=O)c1ccco1)c1ccc(C(C)(C)C)cc1,O=C(c1ccco1)N(Cc1ccnnc1)c1ccccc1,5.0,sars1_3cl,coronaviral,IC50,434.5400000000002,0.17777777777777778,False,False,False,False
UFOWXDUBQLPEOX-UHFFFAOYSA-N,O=C1C(=O)N(Cc2cc3ccccc3s2)c2c(Br)cccc21,O=C1C(=O)N(Cc2cc3ccccc3s2)c2ccccc21,6.008773924307505,sars1_3cl,coronaviral,IC50,372.24300000000005,0.16,False,False,False,False
UICFGOSRHHZBHZ-UHFFFAOYSA-N,O=C(Oc1cncc(Cl)c1)c1ccc(-c2ccc(Cl)cc2)o1,O=C(Oc1cccnc1)c1ccc(-c2ccccc2)o1,7.200659450546418,sars1_3cl,coronaviral,IC50,334.158,0.2028985507246377,False,False,False,False
UIXQHURPUVBNCZ-UHFFFAOYSA-N,COc1cccc(C(=O)Oc2cncc(Cl)c2)c1,O=C(Oc1cccnc1)c1ccccc1,6.468521082957745,sars1_3cl,coronaviral,IC50,263.68,0.2878787878787879,False,False,False,False
ULTYNOLOPCCXGD-HWKANZROSA-N,O=C1C(=O)N(C/C=C/c2cc3ccccc3s2)c2ccc(I)cc21,O=C1C(=O)N(CC=Cc2cc3ccccc3s2)c2ccccc21,4.628932137728264,sars1_3cl,coronaviral,IC50,445.28100000000006,0.14473684210526316,False,False,False,False
UMVUTRLLCXJRMI-UHFFFAOYSA-N,CCN(CC)c1ccc(C(=O)On2nnc3ccccc32)cc1,O=C(On1nnc2ccccc21)c1ccccc1,4.954677021213342,sars1_3cl,coronaviral,IC50,310.357,0.22727272727272727,False,False,False,False
UMVUTRLLCXJRMI-UHFFFAOYSA-N,CCN(CC)c1ccc(C(=O)On2nnc3ccccc32)cc1,O=C(On1nnc2ccccc21)c1ccccc1,4.954677021213342,sars1_3cl,coronaviral,Ki,310.357,0.22727272727272727,False,False,False,False
UOLRFSMMZCPIDL-UHFFFAOYSA-N,CCOC(=O)c1cnc(SCC(=O)Nc2ccc([N+](=O)[O-])cc2)nc1N,O=C(CSc1ncccn1)Nc1ccccc1,3.6010299983879173,sars1_3cl,coronaviral,IC50,377.3820000000001,0.18072289156626506,False,False,False,False
UPFRLUKDHMINPH-UHFFFAOYSA-N,CCCN1C(=O)C(=O)c2cc(C(N)=O)ccc21,O=C1Nc2ccccc2C1=O,4.6020599913279625,sars1_3cl,coronaviral,IC50,232.23899999999998,0.2545454545454545,False,True,False,True
UPFRLUKDHMINPH-UHFFFAOYSA-N,CCCN1C(=O)C(=O)c2cc(C(N)=O)ccc21,O=C1Nc2ccccc2C1=O,4.601030032967071,sars1_3cl,coronaviral,Ki,232.23899999999998,0.2545454545454545,False,True,False,True
UQVHELVNDYDRGX-UHFFFAOYSA-N,O=C(CSc1nccc(-c2cc(-c3ccccc3Cl)no2)n1)Nc1ccc(Cl)cc1,O=C(CSc1nccc(-c2cc(-c3ccccc3)no2)n1)Nc1ccccc1,4.821954406114749,sars1_3cl,coronaviral,IC50,457.3420000000001,0.20987654320987653,False,False,False,False
UUBHDKPSKIQBFE-UHFFFAOYSA-N,CC(C)c1ccc(NC(=O)CSc2nccc(-c3cccs3)n2)cc1,O=C(CSc1nccc(-c2cccs2)n1)Nc1ccccc1,4.393969992504873,sars1_3cl,coronaviral,IC50,369.51500000000004,0.21794871794871795,False,False,False,False
UVCKCMMREWNFSX-UHFFFAOYSA-N,COc1ncc(-c2ccc(N(Cc3ccsc3)C(=O)Cn3nnc4ccccc43)cc2)cn1,O=C(Cn1nnc2ccccc21)N(Cc1ccsc1)c1ccc(-c2cncnc2)cc1,4.903089986991944,sars1_3cl,coronaviral,IC50,456.5310000000001,0.2222222222222222,False,False,False,False
VBVUGCQFVIKNDM-UHFFFAOYSA-N,O=C(Cc1nccs1)c1nccs1,O=C(Cc1nccs1)c1nccs1,4.3979400086720375,sars1_3cl,coronaviral,IC50,210.28300000000002,0.1864406779661017,False,False,False,False
VCHRPHJPXICPGC-UHFFFAOYSA-N,O=C1C(=O)N(Cc2cc3ccccc3s2)c2cccc(Cl)c21,O=C1C(=O)N(Cc2cc3ccccc3s2)c2ccccc21,4.950781977329818,sars1_3cl,coronaviral,IC50,327.7920000000001,0.20754716981132076,False,False,False,False
VFLDPWHFBUODDF-FCXRPNKRSA-N,COc1cc(/C=C/C(=O)CC(=O)/C=C/c2ccc(O)c(OC)c2)ccc1O,O=C(C=Cc1ccccc1)CC(=O)C=Cc1ccccc1,4.3979400086720375,sars1_3cl,coronaviral,IC50,368.3850000000001,0.25,False,False,False,False
VMXGIQPEEZEPLM-UHFFFAOYSA-N,O=C(Cn1nnc2ccccc21)N(Cc1ccsc1)c1ccc(NCc2ccccc2)cc1,O=C(Cn1nnc2ccccc21)N(Cc1ccsc1)c1ccc(NCc2ccccc2)cc1,5.823908740944319,sars1_3cl,coronaviral,IC50,453.57100000000014,0.25,False,False,False,False
VNGWUVBXUIDQTK-UHFFFAOYSA-N,O=C(Sc1nnc(C(F)(F)F)[nH]1)c1ccc(C#Cc2ccccc2)o1,O=C(Sc1nnc[nH]1)c1ccc(C#Cc2ccccc2)o1,5.522878745280337,sars1_3cl,coronaviral,IC50,363.3200000000001,0.16883116883116883,False,False,False,False
VRTIBQHWKJIOFN-NDUHQTEVSA-N,CC(C)C[C@H](NC(=O)C1CCC(=O)N1)C(=O)N[C@@H](C[C@@H]1CCNC1=O)C(=O)c1nc2ccccc2s1,O=C1CCC(C(=O)NCC(=O)NC(CC2CCNC2=O)C(=O)c2nc3ccccc3s2)N1,5.568636235841012,sars1_3cl,coronaviral,Ki,513.6200000000002,0.21348314606741572,False,False,False,False
VZQGOJYNWVCAKC-UHFFFAOYSA-N,COc1cccc(-c2nc(SCC(=O)Nc3ccc([N+](=O)[O-])cc3)nc(O)c2C#N)c1,O=C(CSc1nccc(-c2ccccc2)n1)Nc1ccccc1,3.5214393741071595,sars1_3cl,coronaviral,IC50,437.4370000000002,0.22988505747126436,False,False,False,False
WDMSWWUPIMEGNZ-SGFFKCJDSA-N,CCOC(=O)/C=C/[C@H](C[C@@H]1CCNC1=O)NC(=O)[C@H](CC(C)C)NC(=O)[C@@H](NC(=O)OCc1ccccc1)C(C)C,O=C(CNC(=O)CNC(=O)OCc1ccccc1)NCCC1CCNC1=O,6.180456064458131,sars1_3cl,coronaviral,Ki,572.7030000000002,0.25510204081632654,False,False,False,False
WLZURSBQLFFPCE-UHFFFAOYSA-N,CC(C)(C)NC(=O)C(c1cnccn1)N(C(=O)c1ccco1)c1ccc(C(C)(C)C)cc1,O=C(c1ccco1)N(Cc1cnccn1)c1ccccc1,5.259637310505756,sars1_3cl,coronaviral,IC50,434.5400000000002,0.2,False,False,False,False
WRXXISITJDZVCL-UHFFFAOYSA-N,CSc1sc(-c2nc(C)cs2)c(C)c1-c1ccnc(SCC(=O)Nc2ccc(Cl)cc2)n1,O=C(CSc1nccc(-c2csc(-c3nccs3)c2)n1)Nc1ccccc1,4.954303745343182,sars1_3cl,coronaviral,IC50,519.1420000000002,0.19318181818181818,False,False,False,False
WSVWWSLUPXQXHY-UHBFJLORSA-N,CC1(C)[C@@H]2[C@@H](C(=O)N[C@H](C=O)C[C@@H]3CCNC3=O)N(C(=O)COc3ccccc3)C[C@@H]21,O=C1NCCC1CCNC(=O)C1C2CC2CN1C(=O)COc1ccccc1,7.00436480540245,sars1_3cl,coronaviral,IC50,427.50100000000015,0.2222222222222222,False,False,False,False
WWUVWAHYMWQCIM-PMVMPFDFSA-N,CC(C)C[C@@H]1NC(=O)[C@@H](NC(=O)OCc2ccccc2)Cc2cn(nn2)CCCNC(=O)CC[C@@H](C=O)NC1=O,O=C1CCCNC(=O)CNC(=O)C(NC(=O)OCc2ccccc2)Cc2cn(nn2)CCCN1,4.809668301829708,sars1_3cl,coronaviral,IC50,555.6360000000003,0.22549019607843138,False,False,False,False
WYPAHDOIQYCGQI-TZYHBYERSA-N,COc1ccc2cc(C(=O)N[C@@H](CC(C)C)C(=O)N[C@@H](C[C@@H]3CCNC3=O)C(=O)c3nc4ccccc4s3)[nH]c2c1,O=C(CNC(=O)c1cc2ccccc2[nH]1)NC(CC1CCNC1=O)C(=O)c1nc2ccccc2s1,6.481486060122112,sars1_3cl,coronaviral,Ki,575.6910000000003,0.2,False,False,False,False
XBRUKZHFEJRAEI-WUICAPBNSA-N,CCOC(=O)C(=CNc1ccc(S(=O)(=O)c2ccc(/N=C/C(C(=O)OCC)=C(\O)OCC)cc2)cc1)C(=O)OCC,O=S(=O)(c1ccccc1)c1ccccc1,4.494850021680094,sars1_3cl,coronaviral,IC50,588.6350000000002,0.1744186046511628,False,False,False,False
XDKZVJYVKZWDNH-VDGAXYAQSA-N,CC(C)C[C@H](NC(=O)c1nc2ccccc2s1)C(=O)N[C@@H](C[C@@H]1CCNC1=O)C(=O)c1nc2ccccc2s1,O=C(CNC(=O)c1nc2ccccc2s1)NC(CC1CCNC1=O)C(=O)c1nc2ccccc2s1,6.096910013008056,sars1_3cl,coronaviral,Ki,563.7050000000003,0.2159090909090909,False,False,False,False
XDUXBBDRILEIEZ-UHFFFAOYSA-N,Cc1coc2c1C(=O)C(=O)c1c-2ccc2c1CCCC2(C)CO,O=C1C(=O)c2c(ccc3c2CCCC3)-c2occc21,4.605548319173784,sars1_3cl,coronaviral,IC50,310.34900000000005,0.18666666666666668,False,False,False,False
XEECRWVUXSNSAB-RYUDHWBXSA-N,C[C@H](NC(=O)[C@H](CCC(=O)OC(C)(C)C)NC(=O)OC(C)(C)C)C(=O)NCC(=O)C(F)(F)F,,4.3979400086720375,sars1_3cl,coronaviral,IC50,483.4840000000002,0.21518987341772153,False,False,False,False
XEIYKIDAVWIOEI-UHFFFAOYSA-N,CC(C)(C)NC(=O)C(c1cccnc1)N(C(=O)c1ccc(Cl)o1)c1ccc(C(C)(C)C)cc1,O=C(c1ccco1)N(Cc1cccnc1)c1ccccc1,5.2839966563652006,sars1_3cl,coronaviral,IC50,467.9970000000002,0.22972972972972974,False,False,False,False
XLUYKDBBKIMNQG-NDXORKPFSA-N,CC(C)C[C@H](NC(=O)c1nc2ccccc2[nH]1)C(=O)N[C@@H](C[C@@H]1CCNC1=O)C(=O)c1nc2ccccc2s1,O=C(CNC(=O)c1nc2ccccc2[nH]1)NC(CC1CCNC1=O)C(=O)c1nc2ccccc2s1,7.657577319177793,sars1_3cl,coronaviral,Ki,546.6530000000002,0.22340425531914893,False,False,False,False
XUHFZJPQDLAZMY-UKSSEWCLSA-N,CC1(C)[C@@H]2[C@@H](C(=O)N[C@H](C=O)C[C@@H]3CCNC3=O)N(C(=O)c3cc4ccccc4[nH]3)C[C@@H]21,O=C1NCCC1CCNC(=O)C1C2CC2CN1C(=O)c1cc2ccccc2[nH]1,7.2839966563652006,sars1_3cl,coronaviral,IC50,436.5120000000001,0.2391304347826087,False,False,False,False
XWLONETVJPZQKQ-UHFFFAOYSA-N,CC(C)(C)NC(=O)C(c1ccsc1)N(C(=O)Cn1nnc2ccccc21)c1ccc(NC(=O)C2CC2)cc1,O=C(Nc1ccc(N(Cc2ccsc2)C(=O)Cn2nnc3ccccc32)cc1)C1CC1,5.040958607678906,sars1_3cl,coronaviral,IC50,530.6540000000003,0.22105263157894736,False,False,False,False
YBWHJLWKGZIQNQ-UHFFFAOYSA-N,CCCc1cc(O)nc(SCC(=O)Nc2ccc(Cl)cc2)n1,O=C(CSc1ncccn1)Nc1ccccc1,4.521439352535898,sars1_3cl,coronaviral,IC50,337.83200000000005,0.20833333333333334,False,False,False,False
YFDKIHAZVQFLRC-FQEVSTJZSA-N,COC(=O)[C@@]1(C)CCCc2c1ccc1c2C(=O)C(=O)c2c(C)coc2-1,O=C1C(=O)c2c(ccc3c2CCCC3)-c2occc21,4.675717544702307,sars1_3cl,coronaviral,IC50,338.3590000000001,0.19736842105263158,False,False,False,False
YFUZVOLEKQFVCQ-FFXRMZKPSA-N,C[C@@H](OC(C)(C)C)[C@H](NC(=O)OCc1ccccc1)C(=O)N[C@@H](CC1CCCCC1)C(=O)N[C@H](C=O)C[C@@H]1CCNC1=O,O=C(CNC(=O)OCc1ccccc1)NC(CC1CCCCC1)C(=O)NCCC1CCNC1=O,7.275724130399211,sars1_3cl,coronaviral,Ki,600.7570000000002,0.23,False,False,False,False
YFUZVOLEKQFVCQ-OKCRAPNYSA-N,CC(OC(C)(C)C)[C@H](NC(=O)OCc1ccccc1)C(=O)N[C@@H](CC1CCCCC1)C(=O)N[C@H](C=O)C[C@@H]1CCNC1=O,O=C(CNC(=O)OCc1ccccc1)NC(CC1CCCCC1)C(=O)NCCC1CCNC1=O,7.275724130399211,sars1_3cl,coronaviral,Ki,600.7570000000002,0.23,False,False,False,False
YMECBKWQUTXDSE-UHFFFAOYSA-N,CC(=O)Nc1ccc(N(C(=O)Cn2cc(-c3ccccc3)nn2)C(C(=O)NC(C)(C)C)c2ccsc2)cc1,O=C(Cn1cc(-c2ccccc2)nn1)N(Cc1ccsc1)c1ccccc1,4.958607314841775,sars1_3cl,coronaviral,IC50,530.6540000000002,0.19736842105263158,False,False,False,False
YNXKLJCBBNQTSI-RTFZILSDSA-N,CC(C)C[C@H](NC(=O)c1c[nH]c2ccccc12)C(=O)N[C@@H](C[C@@H]1CCNC1=O)C(=O)c1nc2ccccc2s1,O=C(CNC(=O)c1c[nH]c2ccccc12)NC(CC1CCNC1=O)C(=O)c1nc2ccccc2s1,6.167491087293763,sars1_3cl,coronaviral,Ki,545.6650000000003,0.22916666666666666,False,False,False,False
YXPNSNGUEDOICU-KEKNWZKVSA-N,CCCCCCCCCC(=O)N[C@@H](CC(C)C)C(=O)NC(Cc1ccccc1)C(=O)C(F)(F)F,c1ccccc1,4.301029995663981,sars1_3cl,coronaviral,IC50,484.6030000000001,0.2054794520547945,False,True,False,True
ZCGRJMKKUYGRMN-UHFFFAOYSA-N,COC(OC)c1cc(O)nc(SCC(=O)Nc2ccc(C(F)(F)F)cc2)n1,O=C(CSc1ncccn1)Nc1ccccc1,3.6944850069187978,sars1_3cl,coronaviral,IC50,403.38200000000006,0.2571428571428571,False,False,False,False
ZFYLJRHNLKAHPV-UHFFFAOYSA-N,O=C(Cn1nnc2ccccc21)N(Cc1ccsc1)c1ccc(-c2ccncc2)cc1,O=C(Cn1nnc2ccccc21)N(Cc1ccsc1)c1ccc(-c2ccncc2)cc1,5.698970004336019,sars1_3cl,coronaviral,IC50,425.5170000000001,0.2465753424657534,False,False,False,False
ZMUQNKRTLPRFGB-HVRBKMHZSA-N,CC1(C)[C@@H]2[C@@H](C(=O)N[C@H](C=O)C[C@@H]3CCNC3=O)N(C(=O)C3(c4cccc(Cl)c4)CC3)C[C@@H]21,O=C1NCCC1CCNC(=O)C1C2CC2CN1C(=O)C1(c2ccccc2)CC1,7.853871964321762,sars1_3cl,coronaviral,IC50,471.98500000000024,0.22105263157894736,False,False,False,False
ZNNXTHUWLFOGRX-UHFFFAOYSA-N,O=[N+]([O-])c1cc(C(F)(F)F)ccc1S(=O)(=O)c1ccc(Cl)cc1,O=S(=O)(c1ccccc1)c1ccccc1,4.920818753952375,sars1_3cl,coronaviral,IC50,365.716,0.22727272727272727,False,False,False,False
ZRTPFLLKDJDNGZ-UHFFFAOYSA-N,O=C1C(=O)N(Cc2ccc(F)cc2Cl)c2ccc(I)cc21,O=C1C(=O)N(Cc2ccccc2)c2ccccc21,5.026872146400301,sars1_3cl,coronaviral,IC50,415.589,0.19117647058823528,False,False,False,False
ZUEMNPRILMWAIX-UHFFFAOYSA-N,Cc1cc(O)nc(SCC(=O)Nc2ccc(Oc3ccc(Cl)cc3)cc2)n1,O=C(CSc1ncccn1)Nc1ccc(Oc2ccccc2)cc1,3.6944850069187978,sars1_3cl,coronaviral,IC50,401.87500000000006,0.25333333333333335,False,False,False,False
AAKLLOMUJFZNEN-PAPRTFJKSA-N,CC(=O)N[C@H](C(=O)N[C@H](C(=O)N[C@@H](CC(C)C)C(=O)N[C@@H](CCC(=O)N(C)C)C(=O)Cn1[nH]c(=O)c2c([N+](=O)[O-])cccc2c1=O)C(C)O)C(C)C,O=c1[nH][nH]c(=O)c2ccccc12,4.275724130399211,sars2_3cl,coronaviral,IC50,732.7920000000003,0.1588785046728972,False,False,False,False
AANLLKGBGDYRQA-LHSAMUTISA-N,CC(C)(C)OC(=O)N[C@H](C(=O)N[C@@H](CSCc1ccccc1)C(=O)N1C[C@]2(C[C@H]1C#N)C(=O)Nc1ccccc12)C1CC1,O=C(CC1CC1)NC(CSCc1ccccc1)C(=O)N1CCC2(C1)C(=O)Nc1ccccc12,7.327902142064282,sars2_3cl,coronaviral,IC50,603.7450000000001,0.27722772277227725,False,False,False,False
AAVJURZPPGLDNV-UHFFFAOYSA-N,CC(=O)OCC1Cc2c(-c3ccc(N(C)C)cn3)cccc2-c2c(O)ccc(-c3ccc(Br)cc3)c21,c1ccc(-c2cccc3c2CCc2c(-c4ccccn4)cccc2-3)cc1,5.3320986039413345,sars2_3cl,coronaviral,IC50,543.4610000000002,0.18269230769230768,False,False,False,False
ABJKWBDEJIDSJZ-UHFFFAOYSA-N,CN(Cc1ccc(C(C)(C)C)cc1)Cc1cccc2ccccc12,c1ccc(CNCc2cccc3ccccc23)cc1,5.267606240177031,sars2_3cl,coronaviral,IC50,317.476,0.1864406779661017,False,False,False,False
ABKUIAVRRXKFCJ-CVJKZBOTSA-N,CC(C)C[C@@H](C(=O)N1C[C@]2(C[C@H]1C#N)C(=O)Nc1ccccc12)N(C)C(=O)[C@H](C)NC(=O)C(C)(C)F,O=C1Nc2ccccc2C12CCNC2,7.6136794261059535,sars2_3cl,coronaviral,IC50,499.5870000000002,0.1978021978021978,False,False,False,False
ABQSSBPGAYQCJB-UHFFFAOYSA-N,[O-][S+](Cc1cccnc1)c1nnc(-c2cccc(Br)c2)o1,c1ccc(-c2nnc([SH+]Cc3cccnc3)o2)cc1,7.259637310505756,sars2_3cl,coronaviral,IC50,364.22400000000005,0.1896551724137931,False,False,False,False
ACTRVOBWPAIOHC-XIXRPRMCSA-N,O=C(O)[C@@H](S)[C@@H](S)C(=O)O,,5.764471553092451,sars2_3cl,coronaviral,IC50,182.222,0.11904761904761904,False,False,False,False
ACUKBJLVUUOGBF-AATRIKPKSA-N,O=C(/C=C/c1c(Cl)c(O)c(O)c(O)c1Cl)c1ccc(C(F)(F)F)cc1,O=C(C=Cc1ccccc1)c1ccccc1,6.354577730650908,sars2_3cl,coronaviral,IC50,393.14400000000006,0.234375,False,False,False,False
ADAREEGFFYODDY-UHFFFAOYSA-N,COC(=O)c1cc2c(O)cc(C(F)(F)F)cc2o1,c1ccc2occc2c1,5.366531544420413,sars2_3cl,coronaviral,IC50,260.167,0.25,False,False,False,False
ADFWQBGTDJIESE-UHFFFAOYSA-N,CCCCCCCCCCCCCCCc1cccc(O)c1C(=O)O,c1ccccc1,4.967501610470388,sars2_3cl,coronaviral,IC50,348.52700000000004,0.22580645161290322,False,True,False,True
ADLXTRUMELWGJL-QLBZUPSYSA-N,CC1(C)S[C@@H]2[C@H](NC(=O)[C@H](Cc3ccccc3)NC(=O)c3cc4ccccc4[nH]3)C(=O)N2[C@H]1C(=O)O,O=C(NC(Cc1ccccc1)C(=O)NC1C(=O)N2CCSC12)c1cc2ccccc2[nH]1,3.8728952016351927,sars2_3cl,coronaviral,IC50,506.58400000000023,0.1836734693877551,False,False,False,False
AEPGJISBJNWRCC-RZUBCFFCSA-N,CC1(C)[C@H](C(=O)OCc2ccccc2)N2C(=O)[C@@H](NC(=O)CCc3ccccc3)[C@H]2S1(=O)=O,O=C(CCc1ccccc1)NC1C(=O)N2C(C(=O)OCc3ccccc3)CS(=O)(=O)C12,4.34008379993015,sars2_3cl,coronaviral,IC50,470.54700000000025,0.2077922077922078,False,False,False,False
AEPJJYXAKSBPIV-UHFFFAOYSA-N,O=c1c2c(O)c(O)c(O)cc2nc(-c2ccccc2)n1-c1ccc(-c2ccccc2)cc1,O=c1c2ccccc2nc(-c2ccccc2)n1-c1ccc(-c2ccccc2)cc1,5.830913642512977,sars2_3cl,coronaviral,IC50,422.4400000000001,0.20270270270270271,False,False,False,False
AEZBHFSCQJZAFQ-UHFFFAOYSA-N,Cc1cccc2nc(CNC(=S)NCc3cccnc3)cn12,S=C(NCc1cccnc1)NCc1cn2ccccc2n1,4.457965946795293,sars2_3cl,coronaviral,IC50,311.41400000000004,0.25,False,False,False,False
AFBHFYNKGPHTHJ-AWEZNQCLSA-N,CC(C)C[C@H](NC(=O)c1cc2cnccc2[nH]1)C(=O)NN(CCC(N)=O)C(=O)CCl,c1cc2[nH]ccc2cn1,7.853871964321762,sars2_3cl,coronaviral,IC50,436.9000000000003,0.22784810126582278,False,False,False,False
AFDKKYMUTOBLNC-UHFFFAOYSA-N,O=c1c2ccccc2sn1CC1CCCCC1,O=c1c2ccccc2sn1CC1CCCCC1,6.0,sars2_3cl,coronaviral,IC50,247.36299999999991,0.26666666666666666,False,False,False,False
AFFQDEHJIFFRBV-UHFFFAOYSA-N,O=C(NC1CC1)C(c1cccnc1)N(C(=O)c1ccco1)c1ccc(-c2ccccc2)cc1,O=C(NC1CC1)C(c1cccnc1)N(C(=O)c1ccco1)c1ccc(-c2ccccc2)cc1,4.917573699139228,sars2_3cl,coronaviral,IC50,437.49900000000014,0.25925925925925924,False,False,False,False
AFIGPZIBKOZOTH-GVZUZGFXSA-N,N#C[C@H](C[C@@H]1CCNC1=O)NC(=O)[C@@H]1[C@H]2CCC[C@H]2CN1C(=O)c1cc2c(OC(F)F)cccc2[nH]1,O=C1NCCC1CCNC(=O)C1C2CCCC2CN1C(=O)c1cc2ccccc2[nH]1,6.259637310505756,sars2_3cl,coronaviral,IC50,499.5180000000002,0.25773195876288657,False,False,False,False
AFONNBAHWVWJGI-LPWWQKFESA-N,[2H]C([2H])(OC(=O)N[C@@H](CC(C)C)C(=O)N[C@@H](C[C@H]1CCNC1=O)C(O)S(=O)(=O)O)C12CC3CC(CC(C3)C1)C2,O=C(CNC(=O)OCC12CC3CC(CC(C3)C1)C2)NCCC1CCNC1=O,6.568636235841012,sars2_3cl,coronaviral,IC50,545.695203556,0.15841584158415842,False,False,False,False
AFONNBAHWVWJGI-LSQFJAQQSA-N,CC(C)C[C@H](NC(=O)OCC12CC3CC(CC(C3)C1)C2)C(=O)N[C@@H](C[C@H]1CCNC1=O)C(O)S(=O)(=O)O,O=C(CNC(=O)OCC12CC3CC(CC(C3)C1)C2)NCCC1CCNC1=O,6.823908740944319,sars2_3cl,coronaviral,IC50,543.6830000000003,0.16161616161616163,False,False,False,False
AFVFCILZTYPZEK-UHFFFAOYSA-N,NCc1ccc(CCO)cc1,c1ccccc1,7.113509274827518,sars2_3cl,coronaviral,IC50,151.209,0.16666666666666666,False,True,False,True
AFWQNXFWQRTQCD-DODNOZFWSA-N,O=C(NCc1ccccn1)C(=O)[C@@H](Cc1ccccc1)NC(=O)[C@H]1COCCN1C(=O)[C@@H]1C[C@@H]2[C@H](C1)C2(F)F,O=C(NCc1ccccn1)C(=O)C(Cc1ccccc1)NC(=O)C1COCCN1C(=O)C1CC2CC2C1,7.627087997029894,sars2_3cl,coronaviral,IC50,540.5670000000003,0.22857142857142856,False,False,False,False
AFYQCDAMOAONNR-UHFFFAOYSA-N,CC(=O)OCC1Cc2c(-c3cc(N4CCCC4)ccn3)cccc2-c2c(O)ccc(-c3ccc(Br)cc3)c21,c1ccc(-c2cccc3c2CCc2c(-c4cc(N5CCCC5)ccn4)cccc2-3)cc1,4.949620243738543,sars2_3cl,coronaviral,IC50,569.4990000000001,0.22115384615384615,False,False,False,False
AFZSMODLJJCVPP-UHFFFAOYSA-N,c1ccc2sc(SSc3nc4ccccc4s3)nc2c1,c1ccc2sc(SSc3nc4ccccc4s3)nc2c1,6.795880017344075,sars2_3cl,coronaviral,IC50,332.50000000000006,0.15,False,False,False,False
AGGBWZMNNUNKSN-UHFFFAOYSA-N,CC1=C(c2ccccc2)C1C(=O)NC(Cc1ccccc1)c1nc(-c2ccc(C(F)(F)F)cc2)no1,O=C(NC(Cc1ccccc1)c1nc(-c2ccccc2)no1)C1C=C1c1ccccc1,5.278189384787453,sars2_3cl,coronaviral,IC50,489.4970000000001,0.1978021978021978,False,False,False,False
AGNBSYFQALFRLX-DHRITJCHSA-N,CC1(C)C=Cc2c(ccc3cc(C(=O)N/N=C/c4ccc5cccc(O)c5n4)oc23)O1,O=C(NN=Cc1ccc2ccccc2n1)c1cc2ccc3c(c2o1)C=CCO3,3.7375489102695703,sars2_3cl,coronaviral,IC50,413.43300000000016,0.17045454545454544,False,False,False,False
AGTLZKXDTWTAOI-BMHOQUIDSA-N,COC(C(=O)N[C@@H](CC(C)(C)C)C(=O)NC(C#N)C[C@@H]1CCNC1=O)C1CCCCC1,O=C(CNC(=O)CC1CCCCC1)NCCC1CCNC1=O,6.3163984738550205,sars2_3cl,coronaviral,Ki,434.58100000000036,0.18888888888888888,False,False,False,False
AGVPPNJLOUOQLP-DXFZIBRPSA-N,CC(C)C[C@H](NC(=O)OC[C@@H]1C[C@H]1c1cccc(F)c1)C(=O)N[C@H](C=O)CC1CCNC1=O,O=C(CNC(=O)OCC1CC1c1ccccc1)NCCC1CCNC1=O,6.853871964321762,sars2_3cl,coronaviral,IC50,461.5340000000002,0.21839080459770116,False,False,False,False
AGWHKDXHVADVIY-NTRPTKTCSA-N,[2H]C([2H])(OC(=O)N[C@@H](CC(C)C)C(=O)N[C@@H](C[C@@H]1CCNC1=O)C(O)S(=O)(=O)O)C(C)(C)Sc1ccccc1,O=C(CNC(=O)OCCSc1ccccc1)NCCC1CCNC1=O,6.508638306165727,sars2_3cl,coronaviral,IC50,561.7192035560003,0.20588235294117646,False,False,False,False
AGWHKDXHVADVIY-UKQCZRCBSA-N,CC(C)C[C@H](NC(=O)OCC(C)(C)Sc1ccccc1)C(=O)N[C@@H](C[C@@H]1CCNC1=O)C(O)S(=O)(=O)O,O=C(CNC(=O)OCCSc1ccccc1)NCCC1CCNC1=O,7.045757490560675,sars2_3cl,coronaviral,IC50,559.7070000000003,0.21,False,False,False,False
AHGIFHCAUNNLPO-UHFFFAOYSA-N,N#CSCC(=O)N1c2ccccc2CCc2ccc(Cl)cc21,c1ccc2c(c1)CCc1ccccc1N2,6.320572103387882,sars2_3cl,coronaviral,IC50,328.824,0.2647058823529412,False,False,False,False
AHGIFHCAUNNLPO-UHFFFAOYSA-N,N#CSCC(=O)N1c2ccccc2CCc2ccc(Cl)cc21,c1ccc2c(c1)CCc1ccccc1N2,4.604498875694374,sars2_3cl,coronaviral,Ki,328.824,0.2647058823529412,False,False,False,False
AHJQOERZWWTDNP-AISPFEKNSA-N,O=C1C[C@H]2CCCN2C(=O)c2cncc(c2)/C=C/CCCCCNC(=O)[C@@H](Cc2ccc(Cl)cc2)N1,O=C1CC2CCCN2C(=O)c2cncc(c2)C=CCCCCCNC(=O)C(Cc2ccccc2)N1,7.920818753952375,sars2_3cl,coronaviral,IC50,509.0500000000004,0.2222222222222222,False,False,False,False
AICFZQPLVSSSFU-QESAQDPVSA-N,CC(C)C[C@H](NC(=O)OC[C@@H]1CCC(=O)N1Cc1cccc(C(F)(F)F)c1)C(=O)N[C@H](C=O)C[C@@H]1CCNC1=O,O=C(CNC(=O)OCC1CCC(=O)N1Cc1ccccc1)NCCC1CCNC1=O,6.130768280269024,sars2_3cl,coronaviral,IC50,568.5930000000001,0.24489795918367346,False,False,False,False
AIJJFYKOJDAFEF-UHFFFAOYSA-N,O=C1OCCN1C(=O)C(Cc1ccco1)Sc1nc2ccc(O)cc2n1Cc1ccccc1,O=C1OCCN1C(=O)C(Cc1ccco1)Sc1nc2ccccc2n1Cc1ccccc1,4.253365801062421,sars2_3cl,coronaviral,IC50,463.51500000000016,0.21978021978021978,False,False,False,False
AILOXOSJVHWTBC-DENIHFKCSA-N,Cc1ccc(NC[C@H]2CCCCN2)cc1C(=O)N[C@H](C)c1cccc2ccccc12,O=C(NCc1cccc2ccccc12)c1cccc(NCC2CCCCN2)c1,5.853871964321762,sars2_3cl,coronaviral,IC50,401.55400000000014,0.25,False,False,False,False
AILOXOSJVHWTBC-KNQAVFIVSA-N,Cc1ccc(NC[C@@H]2CCCCN2)cc1C(=O)N[C@H](C)c1cccc2ccccc12,O=C(NCc1cccc2ccccc12)c1cccc(NCC2CCCCN2)c1,6.045757490560675,sars2_3cl,coronaviral,IC50,401.55400000000014,0.25,False,False,False,False
AINAYPZRCJNJSS-ONEGZZNKSA-N,O=C(/C=C/c1c(Cl)c(O)c(O)c(O)c1Cl)c1ccc(F)cc1Cl,O=C(C=Cc1ccccc1)c1ccccc1,6.508638306165727,sars2_3cl,coronaviral,IC50,377.5820000000001,0.24074074074074073,False,False,False,False
AJERVVHSERWGFL-UXBLZVDNSA-N,C=C(C)C(Cc1c(OC)ccc(C(=O)/C=C/c2ccc(O)cc2)c1O)OO,O=C(C=Cc1ccccc1)c1ccccc1,4.795880017344075,sars2_3cl,coronaviral,IC50,370.40100000000007,0.1875,False,False,False,False
AJXIAISTEXNTHM-OAQYLSRUSA-N,CC(C)(C)NC(=O)[C@@H](c1cccnc1)N(C(=O)c1c[nH]cn1)c1ccc(C(C)(C)C)cc1,O=C(c1c[nH]cn1)N(Cc1cccnc1)c1ccccc1,6.017728766960431,sars2_3cl,coronaviral,IC50,433.55600000000015,0.22972972972972974,False,False,False,False
AJZGJNLAFXISNE-FQEVSTJZSA-N,O=C(NCc1cccs1)[C@@H]1CN(C(=O)c2cncc(O)c2)CCN1c1ccc(Cl)c(Cl)c1,O=C(NCc1cccs1)C1CN(C(=O)c2cccnc2)CCN1c1ccccc1,6.356547323513812,sars2_3cl,coronaviral,IC50,491.4000000000002,0.24705882352941178,False,False,False,False
AKOSAZUQCGCWJD-IWDGFTLQSA-N,COc1ccc(/C=C/C(=O)N2C[C@@H](NC(=O)c3cccnc3)C[C@H]2C(=O)NO)cc1OC,O=C(NC1CCN(C(=O)C=Cc2ccccc2)C1)c1cccnc1,8.045757490560675,sars2_3cl,coronaviral,IC50,440.45600000000013,0.2727272727272727,False,False,False,False
AKWSZAUESGLDTH-UHFFFAOYSA-N,O=c1[nH]cccc1-c1cn(-c2cc(Cl)cc(OCc3ncsc3C(F)(F)F)c2)c(=O)n(-c2cccnc2)c1=O,O=c1[nH]cccc1-c1cn(-c2cccc(OCc3cscn3)c2)c(=O)n(-c2cccnc2)c1=O,7.920818753952375,sars2_3cl,coronaviral,IC50,573.9400000000002,0.15841584158415842,False,False,False,False
AKYGJRDGGYTORB-ZUHDPNGNSA-N,CC1(C)[C@@H]2[C@@H](C(=O)N[C@H](C=O)C[C@@H]3CCNC3=O)N(C(=O)COc3ccc(Br)cc3Cl)C[C@@H]21,O=C1NCCC1CCNC(=O)C1C2CC2CN1C(=O)COc1ccccc1,7.876148359032914,sars2_3cl,coronaviral,IC50,540.8420000000001,0.23711340206185566,False,False,False,False
AKZKTNZCQWEVFQ-DZKIICNBSA-N,COc1cccc2[nH]c(C(=O)N[C@@H](CC(C)(C)C)C(=O)N[C@H](C#N)C[C@@H]3CCNC3=O)c(C(F)(F)F)c12,O=C(CNC(=O)c1cc2ccccc2[nH]1)NCCC1CCNC1=O,6.774690718274137,sars2_3cl,coronaviral,Ki,521.5400000000002,0.21875,False,False,False,False
ALCYYDYSILTTKJ-JENIJYKNSA-N,CNC(=O)C(=O)[C@H](CCC(C)(F)F)NC(=O)[C@@H]1CC2(CCCCC2)CN1C(=O)[C@@H](NC(=O)OC)C(C)(C)C,C1CCC2(CC1)CCNC2,8.05551732784983,sars2_3cl,coronaviral,IC50,544.6400000000004,0.20430107526881722,False,False,False,False
ALHOCOQCEODTIF-UHFFFAOYSA-N,O=C(Cn1sc2cc(F)ccc2c1=O)NCc1ccccc1,O=C(Cn1sc2ccccc2c1=O)NCc1ccccc1,6.638272163982407,sars2_3cl,coronaviral,IC50,316.35699999999997,0.2537313432835821,False,False,False,False
ALKJNCZNEOTEMP-UHFFFAOYSA-N,CC(C)c1cc(CNc2nc(Nc3cc(C4CC4)[nH]n3)cc(N3CCN(C)CC3)n2)on1,c1cc(CNc2nc(Nc3cc(C4CC4)[nH]n3)cc(N3CCNCC3)n2)on1,5.826813731587726,sars2_3cl,coronaviral,IC50,437.55200000000025,0.18181818181818182,False,False,False,False
ALPPKGCBLNQPPI-REOBZTPWSA-N,C=C[C@@H]1C[C@]1(NC(=O)[C@@H]1C[C@@H](Oc2cc(-c3csc(NC(C)C)n3)nc3c(C(C)C)c(OC)ccc23)CN1C(=O)[C@@H](NC(=O)OC1CCCC1)C(C)(C)C)C(=O)O,O=C(NCC(=O)N1CC(Oc2cc(-c3cscn3)nc3ccccc23)CC1C(=O)NC1CC1)OC1CCCC1,7.853871964321762,sars2_3cl,coronaviral,IC50,805.0109999999999,0.20967741935483872,False,False,False,False
ALRCSEFEKBSBIS-UHFFFAOYSA-N,O=c1[nH]cccc1-c1cn(-c2cc(Cl)cc(OCc3scnc3C(F)(F)F)c2)c(=O)n(-c2cccnc2)c1=O,O=c1[nH]cccc1-c1cn(-c2cccc(OCc3cncs3)c2)c(=O)n(-c2cccnc2)c1=O,7.366531544420414,sars2_3cl,coronaviral,IC50,573.9400000000002,0.17,False,False,False,False
ALWLRFLXGMJJOU-ICYQCHPESA-N,C[C@H](NC(=O)C(F)(F)F)C(=O)N(C)[C@@H](CC1CC1)C(=O)N1C[C@]2(C[C@H]1C#N)C(=O)Nc1ccccc12,O=C(CCC1CC1)N1CCC2(C1)C(=O)Nc1ccccc12,7.593630164530732,sars2_3cl,coronaviral,IC50,505.4970000000003,0.22772277227722773,False,False,False,False
AMGLRTIBLMFYRU-MSOLQXFVSA-N,CNC(=O)c1cc(Br)cc([N+](=O)[O-])c1N[C@@H]1CCCC[C@@H]1NC(=O)c1cc(=O)[nH]c2cc(F)ccc12,O=C(NC1CCCCC1Nc1ccccc1)c1cc(=O)[nH]c2ccccc12,6.979638717352293,sars2_3cl,coronaviral,IC50,560.3800000000003,0.25609756097560976,False,False,False,False
AMMUHPXKRBRRPB-UHFFFAOYSA-N,O=c1[nH]c(-c2ccc3ccccc3c2)nc2cc(O)c(O)c(O)c12,O=c1[nH]c(-c2ccc3ccccc3c2)nc2ccccc12,5.447940465812115,sars2_3cl,coronaviral,IC50,320.3040000000001,0.2,False,False,False,False
AMTOIYDAAGLNOG-UHFFFAOYSA-N,CCNC(=O)Cn1sc2cc(F)ccc2c1=O,O=c1[nH]sc2ccccc12,6.42021640338319,sars2_3cl,coronaviral,IC50,254.28599999999997,0.26785714285714285,False,False,False,False
ANSNMWVYTKRPNM-NFBKMPQASA-N,Cc1ccc(NC[C@H]2CCCCN2C)cc1C(=O)N[C@H](C)c1cccc2ccccc12,O=C(NCc1cccc2ccccc12)c1cccc(NCC2CCCCN2)c1,5.823908740944319,sars2_3cl,coronaviral,IC50,415.5810000000001,0.26582278481012656,False,False,False,False
ANSNMWVYTKRPNM-OFNKIYASSA-N,Cc1ccc(NC[C@@H]2CCCCN2C)cc1C(=O)N[C@H](C)c1cccc2ccccc12,O=C(NCc1cccc2ccccc12)c1cccc(NCC2CCCCN2)c1,5.853871964321762,sars2_3cl,coronaviral,IC50,415.5810000000001,0.26582278481012656,False,False,False,False
ANXNWCHQIDQHQX-UHFFFAOYSA-N,CSc1nc2ccc(F)cc2n1C(=O)c1ccc(C)cc1,O=C(c1ccccc1)n1cnc2ccccc21,6.699480900891103,sars2_3cl,coronaviral,IC50,300.358,0.2857142857142857,False,False,False,False
ANZCWPXTVROHNY-UHFFFAOYSA-N,O=C(NCC1CCCCC1)C1CN(c2ccc(Cl)c(Cl)c2)CCN1C(=O)c1cc(=O)[nH]c2ccccc12,O=C(NCC1CCCCC1)C1CN(c2ccccc2)CCN1C(=O)c1cc(=O)[nH]c2ccccc12,6.356547323513812,sars2_3cl,coronaviral,IC50,541.4790000000003,0.2558139534883721,False,False,False,False
AODQVUUSVZHQFH-RZUBCFFCSA-N,CC1(C)[C@H](C(=O)OCc2ccccc2)N2C(=O)[C@@H](NC(=O)COCc3ccccc3)[C@H]2S1(=O)=O,O=C(COCc1ccccc1)NC1C(=O)N2C(C(=O)OCc3ccccc3)CS(=O)(=O)C12,5.638272163982407,sars2_3cl,coronaviral,IC50,486.5460000000003,0.20512820512820512,False,False,False,False
APIGQOKYEQLSCD-FKJUYZFESA-N,COc1cccc2[nH]c(C(=O)N3C[C@@H]4CCC[C@@H]4[C@H]3C(=O)N[C@@H](C[C@@H]3CCNC3=O)C(=O)CCl)cc12,O=C1NCCC1CCNC(=O)C1C2CCCC2CN1C(=O)c1cc2ccccc2[nH]1,6.629818655252878,sars2_3cl,coronaviral,IC50,515.0100000000002,0.30526315789473685,False,False,False,False
APMHTYDRRIVKNO-UHFFFAOYSA-N,Cc1cc(-n2c(Cc3ccccc3)nc3cc(O)c(O)c(O)c3c2=O)ccc1F,O=c1c2ccccc2nc(Cc2ccccc2)n1-c1ccccc1,6.29929628285498,sars2_3cl,coronaviral,IC50,392.38600000000014,0.20270270270270271,False,False,False,False
APTHLSASJXHTAY-WIOPSUGQSA-N,CN(C(=O)[C@H](Cc1cccc(F)c1)NC(=O)[C@@H](NC(=O)c1cccs1)C(C)(C)C)N(C#N)Cc1cccc(Cl)c1F,O=C(CNC(=O)c1cccs1)NC(Cc1ccccc1)C(=O)NNCc1ccccc1,8.397940008672037,sars2_3cl,coronaviral,IC50,602.1070000000003,0.22826086956521738,False,False,False,False
APVUKPBLCFQIPO-UHFFFAOYSA-N,NC(=O)c1ccc2c(c1)C(=O)C(=O)N2Cc1cn(Cc2cccc(Cl)c2)nn1,O=C1C(=O)N(Cc2cn(Cc3ccccc3)nn2)c2ccccc21,6.356547323513812,sars2_3cl,coronaviral,IC50,395.80600000000004,0.24050632911392406,False,False,False,False
AQACCMRPIZQLDS-UHFFFAOYSA-N,CC#CC#CC#CC#CC#CC#CC#CC#CC#CC#CC#CC#CC#CC#CC#CC#CC#CC#CC#CC#CC#CC#CC#CC,,7.769551078621726,sars2_3cl,coronaviral,Ki,582.5760000000002,0.038461538461538464,False,False,False,False
AQKOWVUCDCEMOJ-UHFFFAOYSA-N,O=C(Oc1cncc(Br)c1)c1ccc(OCc2ccccc2)cc1F,O=C(Oc1cccnc1)c1ccc(OCc2ccccc2)cc1,6.634512015109101,sars2_3cl,coronaviral,IC50,402.2190000000001,0.20253164556962025,False,False,False,False
AQMFPNHJWHJZCU-UHFFFAOYSA-N,O=C(Cc1ccccc1)N1CCC(CCCNC(=O)n2cc(F)c(=O)[nH]c2=O)CC1,O=C(Cc1ccccc1)N1CCC(CCCNC(=O)n2ccc(=O)[nH]c2=O)CC1,5.4089353929735005,sars2_3cl,coronaviral,IC50,416.4530000000001,0.2727272727272727,False,False,False,False
AQQORXHYMJKMLT-RZUBCFFCSA-N,COc1ccc(COC(=O)[C@@H]2N3C(=O)[C@@H](NC(=O)COc4ccccc4)[C@H]3S(=O)(=O)C2(C)C)cc1,O=C(COc1ccccc1)NC1C(=O)N2C(C(=O)OCc3ccccc3)CS(=O)(=O)C12,4.507239610973162,sars2_3cl,coronaviral,IC50,502.54500000000024,0.24390243902439024,False,False,False,False
AQVAJXPBIFIHQJ-VIUKOLAESA-N,CCC(C)(C)[C@H](NC(=O)C1(F)CC1)C(=O)N1C[C@@H]2CCC[C@@H]2[C@H]1C(=O)NN(C[C@@H]1CCNC1=O)C(=O)[C@H](F)Cl,O=C(NCC(=O)N1CC2CCCC2C1C(=O)NNCC1CCNC1=O)C1CC1,8.221848749616356,sars2_3cl,coronaviral,IC50,574.0690000000004,0.16216216216216217,False,False,False,False
ARSVVAZBFAERQJ-UHFFFAOYSA-N,O=C(Oc1cncc(Cl)c1)c1cccnc1,O=C(Oc1cccnc1)c1cccnc1,6.120330794367947,sars2_3cl,coronaviral,IC50,234.64200000000002,0.2727272727272727,False,False,False,False
ASQDSDVQRNFZQZ-DEOSSOPVSA-N,CN(C(=O)[C@H](Cc1ccccc1)NC(=O)OCc1ccccc1)N(C#N)Cc1cccc(Cl)c1,O=C(NC(Cc1ccccc1)C(=O)NNCc1ccccc1)OCc1ccccc1,7.055517327849831,sars2_3cl,coronaviral,IC50,476.96400000000017,0.20512820512820512,False,False,False,False
ASXVEBPEZMSPHB-UHFFFAOYSA-N,CC(NC(=O)C(Cc1ccccc1)NC(=O)OCc1ccccc1)C(=O)CF,O=C(NCCc1ccccc1)OCc1ccccc1,4.9434762759209,sars2_3cl,coronaviral,IC50,386.4230000000001,0.22388059701492538,False,False,False,False
ATRSONUKSNNHAP-KBCNZALWSA-N,CC(C)(C)[C@H](NS(C)(=O)=O)C(=O)N1C[C@H]2[C@@H]([C@H]1C(=O)N[C@H](C#N)C[C@@H]1CCNC1=O)C2(C)C,O=C1NCCC1CCNC(=O)C1NCC2CC21,9.0,sars2_3cl,coronaviral,Ki,481.61900000000026,0.17204301075268819,False,False,False,False
ATVOVJHWVGHVRU-UKQCZRCBSA-N,CC(C)C[C@H](NC(=O)OCC(C)(C)S(=O)(=O)c1ccccc1)C(=O)N[C@@H](C[C@@H]1CCNC1=O)C(O)S(=O)(=O)O,O=C(CNC(=O)OCCS(=O)(=O)c1ccccc1)NCCC1CCNC1=O,6.698970004336019,sars2_3cl,coronaviral,IC50,591.7050000000003,0.2,False,False,False,False
ATZYTJQUEMCDKG-UHFFFAOYSA-N,CC(C)(C)c1ccc(-c2nnc([S+]([O-])Cc3cccnc3)o2)cc1,c1ccc(-c2nnc([SH+]Cc3cccnc3)o2)cc1,6.958607314841775,sars2_3cl,coronaviral,IC50,341.436,0.21052631578947367,False,False,False,False
AUDFKQBBLRSAHE-OFKKKTAQSA-N,CC(C)C[C@H](NC(=O)OC[C@@H]1CCC(=O)N1Cc1ccccc1)C(=O)N[C@@H](C[C@@H]1CCNC1=O)C(O)S(=O)(=O)O,O=C(CNC(=O)OCC1CCC(=O)N1Cc1ccccc1)NCCC1CCNC1=O,6.309803919971486,sars2_3cl,coronaviral,IC50,582.6760000000003,0.21875,False,False,False,False
AUGWXDZWHYFCTJ-UHFFFAOYSA-N,C=CCSc1nc2ccccc2n1C(=O)c1ccc(C)cc1,O=C(c1ccccc1)n1cnc2ccccc21,5.262200500306636,sars2_3cl,coronaviral,IC50,308.40600000000006,0.2676056338028169,False,False,False,False
AUIXPEVQDXBTHO-PIJSLZJWSA-N,CC(C)C[C@H](NC(=O)OCCSc1ccccc1)C(=O)N[C@@H](C[C@@H]1CCNC1=O)C(O)S(=O)(=O)O,O=C(CNC(=O)OCCSc1ccccc1)NCCC1CCNC1=O,6.508638306165727,sars2_3cl,coronaviral,IC50,531.6530000000002,0.21875,False,False,False,False
AUNYFNONXIUSKI-UHFFFAOYSA-N,O=c1c2ccccc2[se]n1-c1cccc(C(F)(F)F)c1,O=c1c2ccccc2[se]n1-c1ccccc1,5.557520230935552,sars2_3cl,coronaviral,IC50,342.178,0.19402985074626866,False,False,False,False
AUTDHWCISXZICV-LFBFJMOVSA-N,CC(C)[C@H](NC(=O)OCc1cccc(Cl)c1)C(=O)N[C@@H](CC1CCCCC1)C(=O)N[C@H](C=O)C[C@@H]1CCNC1=O,O=C(CNC(=O)OCc1ccccc1)NC(CC1CCCCC1)C(=O)NCCC1CCNC1=O,6.200659450546418,sars2_3cl,coronaviral,EC50,577.1220000000002,0.20388349514563106,False,False,False,False
AUTDHWCISXZICV-LFBFJMOVSA-N,CC(C)[C@H](NC(=O)OCc1cccc(Cl)c1)C(=O)N[C@@H](CC1CCCCC1)C(=O)N[C@H](C=O)C[C@@H]1CCNC1=O,O=C(CNC(=O)OCc1ccccc1)NC(CC1CCCCC1)C(=O)NCCC1CCNC1=O,6.795880017344075,sars2_3cl,coronaviral,IC50,577.1220000000002,0.20388349514563106,False,False,False,False
AUWNTEWUDNRBCP-UHFFFAOYSA-N,CC(C)(C)Cc1nc2cc(O)c(O)c(O)c2c(=O)[nH]1,O=c1[nH]cnc2ccccc12,6.013228265733755,sars2_3cl,coronaviral,IC50,264.28099999999995,0.17647058823529413,False,False,False,False
AVDRAJLZJDWTIS-UHFFFAOYSA-N,CCC(C(=O)Nc1cc(NC2CCOCC2)ccc1C)n1cc(Br)cc2nc(SCc3ccc(F)cc3)nc1-2,O=C(Cn1cccc2nc(SCc3ccccc3)nc1-2)Nc1cccc(NC2CCOCC2)c1,6.301029995663981,sars2_3cl,coronaviral,IC50,612.5690000000001,0.2127659574468085,False,False,False,False
AVDRAJLZJDWTIS-UHFFFAOYSA-N,CCC(C(=O)Nc1cc(NC2CCOCC2)ccc1C)n1cc(Br)cc2nc(SCc3ccc(F)cc3)nc1-2,O=C(Cn1cccc2nc(SCc3ccccc3)nc1-2)Nc1cccc(NC2CCOCC2)c1,5.721246399047171,sars2_3cl,coronaviral,Kd,612.5690000000001,0.2127659574468085,False,False,False,False
AVOLMBLBETYQHX-UHFFFAOYSA-N,C=C(CC)C(=O)c1ccc(OCC(=O)O)c(Cl)c1Cl,c1ccccc1,5.954677021213342,sars2_3cl,coronaviral,IC50,303.14099999999996,0.19696969696969696,False,True,False,True
AVOLMBLBETYQHX-UHFFFAOYSA-N,C=C(CC)C(=O)c1ccc(OCC(=O)O)c(Cl)c1Cl,c1ccccc1,3.425968732272281,sars2_3cl,coronaviral,Ki,303.14099999999996,0.19696969696969696,False,True,False,True
AVPPWZUMLAYZMH-BEVGCMNFSA-N,CNC(=O)[C@@H]1C/C=C/CCNc2cncc(c2)C(=O)N2CC3(CC3)C[C@@H]2CC(=O)N(C)[C@H](Cc2ccc(Cl)cc2Cl)C(=O)N1,O=C1CC2CC3(CC3)CN2C(=O)c2cncc(c2)NCCC=CCCNC(=O)C(Cc2ccccc2)N1,8.154901959985743,sars2_3cl,coronaviral,IC50,641.6000000000004,0.17117117117117117,False,False,False,False
AVPPWZUMLAYZMH-XHAIXUEKSA-N,CNC(=O)[C@H]1C/C=C/CCNc2cncc(c2)C(=O)N2CC3(CC3)C[C@@H]2CC(=O)N(C)[C@H](Cc2ccc(Cl)cc2Cl)C(=O)N1,O=C1CC2CC3(CC3)CN2C(=O)c2cncc(c2)NCCC=CCCNC(=O)C(Cc2ccccc2)N1,8.154901959985743,sars2_3cl,coronaviral,IC50,641.6000000000004,0.17117117117117117,False,False,False,False
AVXMSJDOTUAXAI-LNIMBWABSA-N,CC(CC(=O)N[C@@H](CC(C)(C)C)C(=O)N[C@H](C#N)C[C@@H]1CCNC1=O)C(F)(F)F,O=C1CCCN1,5.651695136951839,sars2_3cl,coronaviral,Ki,418.46000000000015,0.2876712328767123,False,False,False,False
AWQPMEGCCWPTRI-UHFFFAOYSA-N,Oc1cc2c(cc1C(c1ccc(C(F)(F)F)cc1)N1CCOCC1)OCO2,c1ccc(C(c2ccc3c(c2)OCO3)N2CCOCC2)cc1,6.267606240177031,sars2_3cl,coronaviral,IC50,381.35000000000025,0.2222222222222222,False,False,False,False
AWSVQRMBQAUCTO-UHFFFAOYSA-N,COc1ccc(SSC(=S)N2CCC(O)CC2)cc1,S=C(SSc1ccccc1)N1CCCCC1,6.638272163982407,sars2_3cl,coronaviral,IC50,315.48500000000007,0.34545454545454546,False,False,False,False
AWSZFCNWIVMPPT-IJIOKDDCSA-N,CC(C)(C)[C@H](NC(=O)C(F)(F)F)C(=O)N1C[C@H]2[C@@H]([C@H]1C(=O)N[C@H](C#N)C[C@@H]1CC(O)NC1=O)C2(C)C,O=C1NCCC1CCNC(=O)C1NCC2CC21,8.522878745280337,sars2_3cl,coronaviral,Ki,515.5330000000002,0.16666666666666666,False,False,False,False
AWTPEWRHTMMUCX-OAQYLSRUSA-N,Cc1ccc(OCCN(C)C)cc1C(=O)N[C@H](C)c1cc(-c2cnn(C(C)C)c2)cc(-c2cnn(C(F)F)c2)c1,O=C(NCc1cc(-c2cn[nH]c2)cc(-c2cn[nH]c2)c1)c1ccccc1,6.795880017344075,sars2_3cl,coronaviral,IC50,550.6540000000002,0.19767441860465115,False,False,False,False
AXCLMUQPEFGEEP-HNNXBMFYSA-N,CC(C)C[C@H](NC(=O)c1cc2ccccc2[nH]1)C(=O)NN(CCC(N)=O)C(=O)CCl,c1ccc2[nH]ccc2c1,8.154901959985743,sars2_3cl,coronaviral,IC50,435.91200000000026,0.273972602739726,False,True,False,True
AXGUMTQTMFWQLI-SACCATRYSA-N,O=C1C[C@H]2CC3(CC3)CN2C(=O)c2cncc(c2)/C=C/CCCCCNC(=O)[C@@H](Cc2ccc(Cl)cc2Cl)N1,O=C1CC2CC3(CC3)CN2C(=O)c2cncc(c2)C=CCCCCCNC(=O)C(Cc2ccccc2)N1,8.096910013008056,sars2_3cl,coronaviral,IC50,569.5330000000004,0.19387755102040816,False,False,False,False
AXMZCPVDFWWNIV-QFQXNSOFSA-N,COc1ccc(C(=C[C@@H]2COC[C@H]2S(=O)(=O)c2nnc(-c3ccc(Cl)cc3)o2)c2ccc(OC)cc2)cc1,O=S(=O)(c1nnc(-c2ccccc2)o1)C1COCC1C=C(c1ccccc1)c1ccccc1,6.008773924307505,sars2_3cl,coronaviral,IC50,553.0360000000003,0.2261904761904762,False,False,False,False
AXNKUFYHIIWPJG-JCTONOIOSA-N,Cc1ccc(NC[C@@H](N)CNC[C@H]2CCCN2)cc1C(=O)N[C@H](C)c1cccc2ccccc12,O=C(NCc1cccc2ccccc12)c1cccc(NCCCNCC2CCCN2)c1,5.958607314841775,sars2_3cl,coronaviral,IC50,459.6380000000002,0.25882352941176473,False,False,False,False
AXRYRYVKAWYZBR-GASGPIRDSA-N,COC(=O)N[C@H](C(=O)N[C@@H](Cc1ccccc1)[C@@H](O)CN(Cc1ccc(-c2ccccn2)cc1)NC(=O)[C@@H](NC(=O)OC)C(C)(C)C)C(C)(C)C,c1ccc(CCCCNCc2ccc(-c3ccccn3)cc2)cc1,6.153044674980176,sars2_3cl,coronaviral,Ki,704.869,0.21428571428571427,False,False,False,False
AYBBHAXDSGWIEH-HXISUTTISA-N,[2H][C@](C(=O)N[C@@H](C)c1ccc(F)cc1)(c1ccccc1)N(C(=O)C(C)=O)c1ccc2c(c1)oc1ccccc12,O=C(NCc1ccccc1)C(Nc1ccc2c(c1)oc1ccccc12)c1ccccc1,8.096910013008056,sars2_3cl,coronaviral,IC50,509.5551017780003,0.20238095238095238,False,False,False,False
AYCQZBSSSLAPTK-YVPXXBPTSA-N,CCCCNC(=O)C(=O)[C@H](C[C@@H]1CCNC1=O)NC(=O)[C@@H]1[C@@H]2[C@H](CN1C(=O)[C@@H](NC(=O)NC(C)(C)C)C(C)(C)C)C2(C)C,O=C1NCCC1CCNC(=O)C1NCC2CC21,6.431798275933005,sars2_3cl,coronaviral,IC50,604.793,0.15384615384615385,False,False,False,False
AYRUFUQBDUYAJZ-HPIRHVCASA-N,CN1C[C@@H](c2ccc(F)cc2)[C@@]2(CN(P(=O)(CO)CO)C/C(=C\c3ccccc3)C2=O)[C@@]12C(=O)Nc1ccc(Cl)cc12,O=C1Nc2ccccc2C12NCC(c1ccccc1)C21CNCC(=Cc2ccccc2)C1=O,4.36835333704158,sars2_3cl,coronaviral,IC50,610.0220000000002,0.18181818181818182,False,False,False,False
AZMUHUYPUWGKJR-GMUMSBIHSA-N,CC(C)C[C@H](NC(=O)c1cc2c(F)cccc2[nH]1)C(=O)NN(C[C@@H]1CCNC1=O)C(=O)C(F)Cl,O=C(CNC(=O)c1cc2ccccc2[nH]1)NNCC1CCNC1=O,8.522878745280337,sars2_3cl,coronaviral,IC50,497.9300000000003,0.18947368421052632,False,False,False,False
AZMUHUYPUWGKJR-IWEFOYFVSA-N,CC(C)C[C@H](NC(=O)c1cc2c(F)cccc2[nH]1)C(=O)NN(C[C@@H]1CCNC1=O)C(=O)[C@H](F)Cl,O=C(CNC(=O)c1cc2ccccc2[nH]1)NNCC1CCNC1=O,8.42021640338319,sars2_3cl,coronaviral,IC50,497.9300000000003,0.18947368421052632,False,False,False,False
AZMUHUYPUWGKJR-IWEFOYFVSA-N,CC(C)C[C@H](NC(=O)c1cc2c(F)cccc2[nH]1)C(=O)NN(C[C@@H]1CCNC1=O)C(=O)[C@H](F)Cl,O=C(CNC(=O)c1cc2ccccc2[nH]1)NNCC1CCNC1=O,7.250263684430939,sars2_3cl,coronaviral,Ki,497.9300000000003,0.18947368421052632,False,False,False,False
AZMUHUYPUWGKJR-PUECVXPYSA-N,CC(C)C[C@H](NC(=O)c1cc2c(F)cccc2[nH]1)C(=O)NN(C[C@H]1CCNC1=O)C(=O)[C@H](F)Cl,O=C(CNC(=O)c1cc2ccccc2[nH]1)NNCC1CCNC1=O,8.318758762624412,sars2_3cl,coronaviral,IC50,497.9300000000003,0.18947368421052632,False,False,False,False
AZMUHUYPUWGKJR-PZPSRYQVSA-N,CC(C)C[C@H](NC(=O)c1cc2c(F)cccc2[nH]1)C(=O)NN(C[C@H]1CCNC1=O)C(=O)[C@@H](F)Cl,O=C(CNC(=O)c1cc2ccccc2[nH]1)NNCC1CCNC1=O,6.333482019445119,sars2_3cl,coronaviral,IC50,497.9300000000003,0.18947368421052632,False,False,False,False
AZMUHUYPUWGKJR-ULFGMLNVSA-N,CC(C)C[C@H](NC(=O)c1cc2c(F)cccc2[nH]1)C(=O)NN(C[C@@H]1CCNC1=O)C(=O)[C@@H](F)Cl,O=C(CNC(=O)c1cc2ccccc2[nH]1)NNCC1CCNC1=O,7.552841968657781,sars2_3cl,coronaviral,IC50,497.9300000000003,0.18947368421052632,False,False,False,False
AZMUHUYPUWGKJR-ULFGMLNVSA-N,CC(C)C[C@H](NC(=O)c1cc2c(F)cccc2[nH]1)C(=O)NN(C[C@@H]1CCNC1=O)C(=O)[C@@H](F)Cl,O=C(CNC(=O)c1cc2ccccc2[nH]1)NNCC1CCNC1=O,6.649751981665837,sars2_3cl,coronaviral,Ki,497.9300000000003,0.18947368421052632,False,False,False,False
AZSKMWDSWHSDHV-UHFFFAOYSA-N,CC(C)c1ccc(N(C(=O)c2ccco2)C(C(=O)NC(C)(C)C)c2cccnc2)cc1,O=C(c1ccco1)N(Cc1cccnc1)c1ccccc1,4.55129368009492,sars2_3cl,coronaviral,IC50,419.5250000000001,0.2361111111111111,False,False,False,False
AZTASKRPWMAJOD-VGOFMYFVSA-N,NC(=S)N/N=C/c1ccc(-c2ccc([N+](=O)[O-])cc2)o1,c1ccc(-c2ccco2)cc1,5.013676222949234,sars2_3cl,coronaviral,IC50,290.30400000000003,0.13793103448275862,False,False,False,False
AZZBKLHFPZCCEI-YFNYYOCXSA-N,CC1(C)[C@@H]2[C@@H](C(=O)N[C@H](C#N)C[C@@H]3CCNC3=O)N(C(=O)c3cc4cc(F)cc(F)c4[nH]3)C[C@@H]21,O=C1NCCC1CCNC(=O)C1C2CC2CN1C(=O)c1cc2ccccc2[nH]1,6.259637310505756,sars2_3cl,coronaviral,IC50,469.49200000000013,0.19642857142857142,False,False,False,False
BALSEHZTSULPHM-CAUQANCSSA-N,CCc1cccc2[nH]c(C(=O)N3C[C@H]4[C@@H]([C@H]3C(=O)N[C@H](C=O)C[C@@H]3CCNC3=O)C4(C)C)cc12,O=C1NCCC1CCNC(=O)C1C2CC2CN1C(=O)c1cc2ccccc2[nH]1,7.853871964321762,sars2_3cl,coronaviral,IC50,464.56600000000026,0.2553191489361702,False,False,False,False
BAMYLBBQDOUJBO-UHFFFAOYSA-N,COC(=O)c1ccc2c(c1)NC1=C(C(=O)CCC1)C(c1ccc(C(F)(F)F)cc1)N2C(=O)CCl,O=C1CCCC2=C1C(c1ccccc1)Nc1ccccc1N2,6.7447274948966935,sars2_3cl,coronaviral,IC50,492.8810000000001,0.25555555555555554,False,False,False,False
BAQKKRYLSJORGF-UHFFFAOYSA-N,Cc1nnc(SC(=O)c2ccc(-c3ccccc3)o2)s1,O=C(Sc1nncs1)c1ccc(-c2ccccc2)o1,7.46344155742847,sars2_3cl,coronaviral,IC50,302.38000000000005,0.1891891891891892,False,False,False,False
BAVNQIHLAXIALN-XAQVJFEOSA-N,CC(C)C[C@H](NC(=O)OC1CC2(CCN(C(=O)OC(C)(C)C)CC2)C1)C(=O)N[C@@H](C[C@H]1CCNC1=O)C(=O)C(O)S(=O)(=O)O,O=C(CNC(=O)OC1CC2(CCNCC2)C1)NCCC1CCNC1=O,6.537602002101044,sars2_3cl,coronaviral,IC50,646.7600000000006,0.2018348623853211,False,False,False,False
BBAWEDCPNXPBQM-GDEBMMAJSA-N,CCC[C@H](NC(=O)[C@@H]1[C@H]2CCC[C@H]2CN1C(=O)[C@@H](NC(=O)[C@@H](NC(=O)c1cnccn1)C1CCCCC1)C(C)(C)C)C(=O)C(=O)NC1CC1,O=C(CNC(=O)C1C2CCCC2CN1C(=O)CNC(=O)C(NC(=O)c1cnccn1)C1CCCCC1)C(=O)NC1CC1,4.955526402206761,sars2_3cl,coronaviral,IC50,679.8629999999999,0.2,False,False,False,False
BBERMORUHHQBRF-RDJZCZTQSA-N,CC(=O)NCC(=O)N[C@@H](Cc1ccc(O)cc1)C(=O)N[C@H](C=O)Cc1c[nH]cn1,O=C(CCc1ccccc1)NCCc1c[nH]cn1,3.703927433640165,sars2_3cl,coronaviral,IC50,401.4230000000001,0.22727272727272727,False,False,False,False
BBERMORUHHQBRF-RDJZCZTQSA-N,CC(=O)NCC(=O)N[C@@H](Cc1ccc(O)cc1)C(=O)N[C@H](C=O)Cc1c[nH]cn1,O=C(CCc1ccccc1)NCCc1c[nH]cn1,4.004979393875242,sars2_3cl,coronaviral,Kd,401.4230000000001,0.22727272727272727,False,False,False,False
BBJGRTSVZCXGOO-UHFFFAOYSA-N,CC1CC(=O)C2=C(C1)Nc1cc([N+](=O)[O-])ccc1N(C(=O)CCl)C2c1ccc(OC(F)(F)F)cc1,O=C1CCCC2=C1C(c1ccccc1)Nc1ccccc1N2,5.3819519032879075,sars2_3cl,coronaviral,IC50,509.86800000000017,0.18085106382978725,False,False,False,False
BBXQTXDIZFVHDT-OQLLNIDSSA-N,NC(=S)N/N=C/c1ccc(Cc2ccccc2)o1,c1ccc(Cc2ccco2)cc1,5.809668301829708,sars2_3cl,coronaviral,IC50,259.334,0.17333333333333334,False,False,False,False
BBZQTRIXENSKBK-UHFFFAOYSA-N,CCOc1ccc(C(=O)Nc2ccc(CN3CC(N(C)C)C3)c(C(F)(F)F)c2)cc1[N+](=O)[O-],O=C(Nc1ccc(CN2CCC2)cc1)c1ccccc1,4.767257937279263,sars2_3cl,coronaviral,Kd,466.46000000000015,0.24742268041237114,False,False,False,False
BCBVPTZIDSXEEJ-DHDCSXOGSA-N,O=C1NN(c2ccc(Cl)c(Cl)c2)C(=O)/C1=C\c1ccc(-c2ccc(Br)cc2C(=O)O)o1,O=C1NN(c2ccccc2)C(=O)C1=Cc1ccc(-c2ccccc2)o1,5.036684488613888,sars2_3cl,coronaviral,IC50,522.1380000000001,0.18823529411764706,False,False,False,False
BCFGMOOMADDAQU-UHFFFAOYSA-N,CS(=O)(=O)CCNCc1ccc(-c2ccc3ncnc(Nc4ccc(OCc5cccc(F)c5)c(Cl)c4)c3c2)o1,c1ccc(COc2ccc(Nc3ncnc4ccc(-c5ccco5)cc34)cc2)cc1,4.455931955649724,sars2_3cl,coronaviral,IC50,581.0690000000002,0.1958762886597938,False,False,False,False
BCFGMOOMADDAQU-UHFFFAOYSA-N,CS(=O)(=O)CCNCc1ccc(-c2ccc3ncnc(Nc4ccc(OCc5cccc(F)c5)c(Cl)c4)c3c2)o1,c1ccc(COc2ccc(Nc3ncnc4ccc(-c5ccco5)cc34)cc2)cc1,4.638272163982407,sars2_3cl,coronaviral,Ki,581.0690000000002,0.1958762886597938,False,False,False,False
BDFIPRXCQILSGM-ZUHDPNGNSA-N,CC1(C)[C@@H]2[C@@H](C(=O)N[C@H](C=O)C[C@@H]3CCNC3=O)N(C(=O)COc3ccc(Cl)cc3Cl)C[C@@H]21,O=C1NCCC1CCNC(=O)C1C2CC2CN1C(=O)COc1ccccc1,6.552841968657781,sars2_3cl,coronaviral,EC50,496.3910000000002,0.25,False,False,False,False
BDFIPRXCQILSGM-ZUHDPNGNSA-N,CC1(C)[C@@H]2[C@@H](C(=O)N[C@H](C=O)C[C@@H]3CCNC3=O)N(C(=O)COc3ccc(Cl)cc3Cl)C[C@@H]21,O=C1NCCC1CCNC(=O)C1C2CC2CN1C(=O)COc1ccccc1,7.886056647693163,sars2_3cl,coronaviral,IC50,496.3910000000002,0.25,False,False,False,False
BDHVPCDBFSBZMM-RCTKEMKKSA-N,CC(C)(C)[C@H](NC(=O)OCc1ccccc1)C(=O)N1C[C@H]2[C@@H]([C@H]1C(=O)N[C@H](C=O)C[C@@H]1CCNC1=O)C2(C)C,O=C(NCC(=O)N1CC2CC2C1C(=O)NCCC1CCNC1=O)OCc1ccccc1,6.508638306165727,sars2_3cl,coronaviral,EC50,540.6610000000003,0.22330097087378642,False,False,False,False
BDHVPCDBFSBZMM-RCTKEMKKSA-N,CC(C)(C)[C@H](NC(=O)OCc1ccccc1)C(=O)N1C[C@H]2[C@@H]([C@H]1C(=O)N[C@H](C=O)C[C@@H]1CCNC1=O)C2(C)C,O=C(NCC(=O)N1CC2CC2C1C(=O)NCCC1CCNC1=O)OCc1ccccc1,7.229147988357855,sars2_3cl,coronaviral,IC50,540.6610000000003,0.22330097087378642,False,False,False,False
BDLFBHGHTFECNO-UHFFFAOYSA-N,CC(C)c1nc2cc(O)c(O)c(O)c2c(=O)[nH]1,O=c1[nH]cnc2ccccc12,5.3060093895392235,sars2_3cl,coronaviral,IC50,236.22699999999998,0.17391304347826086,False,False,False,False
BDSQVYWAMBOWIL-NZQKXSOJSA-N,CN(C(=O)[C@H](Cc1cccs1)NC(=O)[C@@H](NC(=O)c1cccs1)C(C)(C)C)N(C#N)Cc1cccc(Cl)c1F,O=C(CNC(=O)c1cccs1)NC(Cc1cccs1)C(=O)NNCc1ccccc1,8.045757490560675,sars2_3cl,coronaviral,IC50,590.1460000000003,0.21739130434782608,False,False,False,False
BDSQVYWAMBOWIL-NZQKXSOJSA-N,CN(C(=O)[C@H](Cc1cccs1)NC(=O)[C@@H](NC(=O)c1cccs1)C(C)(C)C)N(C#N)Cc1cccc(Cl)c1F,O=C(CNC(=O)c1cccs1)NC(Cc1cccs1)C(=O)NNCc1ccccc1,8.190440285364732,sars2_3cl,coronaviral,Ki,590.1460000000003,0.21739130434782608,False,False,False,False
BDZXSHDKBKYQKJ-UHFFFAOYSA-N,COc1cc(O)c2c(=O)c(O)c(-c3cc(O)c(O)c(O)c3)oc2c1,O=c1cc(-c2ccccc2)oc2ccccc12,6.522878745280337,sars2_3cl,coronaviral,IC50,332.26400000000007,0.19402985074626866,False,False,False,False
BEBGYMVAFSLZSM-UHFFFAOYSA-N,COC(=O)CCSSC(=S)N1CCC(O)CC1,C1CCNCC1,6.327902142064282,sars2_3cl,coronaviral,IC50,295.4510000000001,0.30357142857142855,False,True,False,True
BEQZYWMAYHHPTI-NQIIRXRSSA-N,Cc1ccc(NC[C@@H]2CCCN2)cc1C(=O)N[C@H](C)c1cccc2ccccc12,O=C(NCc1cccc2ccccc12)c1cccc(NCC2CCCN2)c1,6.096910013008056,sars2_3cl,coronaviral,IC50,387.52700000000016,0.25316455696202533,False,False,False,False
BEQZYWMAYHHPTI-WIYYLYMNSA-N,Cc1ccc(NC[C@H]2CCCN2)cc1C(=O)N[C@H](C)c1cccc2ccccc12,O=C(NCc1cccc2ccccc12)c1cccc(NCC2CCCN2)c1,6.045757490560675,sars2_3cl,coronaviral,IC50,387.52700000000016,0.25316455696202533,False,False,False,False
BESULOSOTMRSOO-UHFFFAOYSA-N,COc1ccc(-n2[se]c3ccccc3c2=O)c(OC)c1,O=c1c2ccccc2[se]n1-c1ccccc1,7.279840696594043,sars2_3cl,coronaviral,IC50,334.2330000000001,0.25757575757575757,False,False,False,False
BETLSQPEQWSNCA-DEOSSOPVSA-N,CN(C(=O)[C@H](Cc1ccccc1)NC(=O)OCc1ccccc1)N(C#N)Cc1ccccc1Br,O=C(NC(Cc1ccccc1)C(=O)NNCc1ccccc1)OCc1ccccc1,6.7258421507363195,sars2_3cl,coronaviral,IC50,521.4150000000002,0.20270270270270271,False,False,False,False
BFFXBTWXMYGLLP-UHFFFAOYSA-N,O=C(NCc1ccco1)C1CN(C(=O)c2cc(=O)[nH]c(=O)[nH]2)CCN1,O=C(NCc1ccco1)C1CN(C(=O)c2cc(=O)[nH]c(=O)[nH]2)CCN1,8.096910013008056,sars2_3cl,coronaviral,IC50,347.331,0.2894736842105263,False,False,False,False
BFMIBWJNRQASNC-UHFFFAOYSA-N,CC(C)NC(=O)C(c1cccnc1)N(C(=O)c1ccco1)c1ccc(C(C)(C)C)cc1,O=C(c1ccco1)N(Cc1cccnc1)c1ccccc1,5.270025714300445,sars2_3cl,coronaviral,IC50,419.5250000000002,0.24691358024691357,False,False,False,False
BFSVMAKTGXSCKS-RUZDIDTESA-N,Cc1ccc(OCCN(C)C)cc1C(=O)N[C@H](C)c1cc(-c2cnn(CCO)c2)cc(-c2ccc(CN3CCCC3)s2)c1,O=C(NCc1cc(-c2cn[nH]c2)cc(-c2ccc(CN3CCCC3)s2)c1)c1ccccc1,7.154901959985743,sars2_3cl,coronaviral,IC50,601.8170000000001,0.1792452830188679,False,False,False,False
BGDFZXDFZMAZSX-RTWAWAEBSA-N,CNC(=O)c1cc(Br)cc([N+](=O)[O-])c1N[C@@H]1CCCC[C@@H]1NC(=O)c1cccc2ccccc12,O=C(NC1CCCCC1Nc1ccccc1)c1cccc2ccccc12,7.142667503568731,sars2_3cl,coronaviral,IC50,525.4030000000002,0.2647058823529412,False,False,False,False
BGOQGUHWXBGXJW-RHSMWYFYSA-N,Oc1cc2c(cc1O)[C@H]1c3ccccc3CN[C@@H]1CC2,c1ccc2c(c1)CCC1NCc3ccccc3C21,5.978810700930062,sars2_3cl,coronaviral,IC50,267.32800000000003,0.22950819672131148,False,False,False,False
BGRUVUHDSHQRML-JOCHJYFZSA-N,O=C(CCc1ccccc1)N[C@H](Cc1ccccc1)C(=O)C(=O)NCc1ccccn1,O=C(CCc1ccccc1)NC(Cc1ccccc1)C(=O)C(=O)NCc1ccccn1,7.061980902523789,sars2_3cl,coronaviral,IC50,415.49300000000017,0.25396825396825395,False,False,False,False
BHFBHWHFFLOFQF-UHFFFAOYSA-N,CCC(C(=O)Nc1cc(NC2CCOCC2)ccc1C)n1cc(Cl)cc2nc(SCc3ccc(F)cc3)nc1-2,O=C(Cn1cccc2nc(SCc3ccccc3)nc1-2)Nc1cccc(NC2CCOCC2)c1,6.2839966563652006,sars2_3cl,coronaviral,IC50,568.118,0.2127659574468085,False,False,False,False
BHFBHWHFFLOFQF-UHFFFAOYSA-N,CCC(C(=O)Nc1cc(NC2CCOCC2)ccc1C)n1cc(Cl)cc2nc(SCc3ccc(F)cc3)nc1-2,O=C(Cn1cccc2nc(SCc3ccccc3)nc1-2)Nc1cccc(NC2CCOCC2)c1,6.0,sars2_3cl,coronaviral,Kd,568.118,0.2127659574468085,False,False,False,False
BHQBUUBHCKLKLD-UHFFFAOYSA-N,O=c1[nH]cc(-c2cc(-c3cc(Cl)cc(OCCC(F)(F)F)c3)c(=O)n(-c3cccnc3)c2)c(=O)[nH]1,O=c1[nH]cc(-c2cc(-c3ccccc3)c(=O)n(-c3cccnc3)c2)c(=O)[nH]1,6.958607314841775,sars2_3cl,coronaviral,IC50,504.8520000000001,0.17105263157894737,False,False,False,False
BHSWGSHVFIJOMJ-UHFFFAOYSA-N,CC(C)(C)c1ccc(NC(=O)Cn2sc3cc(F)ccc3c2=O)cc1,O=C(Cn1sc2ccccc2c1=O)Nc1ccccc1,6.508638306165727,sars2_3cl,coronaviral,IC50,358.43800000000005,0.24193548387096775,False,False,False,False
BHWMAUKLNIYZJN-UQHJYHGZSA-N,C=CC[C@H](NC(=O)/C=C/c1ccccc1)C(=O)N[C@H](C=O)C[C@@H]1CCCNC1=O,O=C(C=Cc1ccccc1)NCC(=O)NCCC1CCCNC1=O,5.8735438865681955,sars2_3cl,coronaviral,IC50,397.47500000000025,0.19318181818181818,False,False,False,False
BHZBRFONZANPNK-ZYHFAYPJSA-N,CC(C)C[C@H](NC(=O)OCC1CCC(F)(F)CC1)C(=O)N[C@@H](C[C@@H]1CCNC1=O)C(O)S(=O)(=O)O,O=C(CNC(=O)OCC1CCCCC1)NCCC1CCNC1=O,6.673393743112328,sars2_3cl,coronaviral,IC50,527.5870000000002,0.17346938775510204,False,False,False,False
BJCDFQFXAIJBFI-BBRMVZONSA-N,COc1cccc2[nH]c(C(=O)N[C@@H](CC(C)C)C(=O)N[C@H](C#N)CCC(N)=O)cc12,c1ccc2[nH]ccc2c1,4.5376020021010435,sars2_3cl,coronaviral,IC50,413.4780000000002,0.26666666666666666,False,True,False,True
BJHDQQOYCTVAQB-OYMXNHCXSA-N,COc1ccccc1[C@@H]1C[C@H]1COC(=O)N[C@@H](CC(C)C)C(=O)N[C@@H](CC1CCNC1=O)C(O)S(=O)(=O)O,O=C(CNC(=O)OCC1CC1c1ccccc1)NCCC1CCNC1=O,6.853871964321762,sars2_3cl,coronaviral,IC50,555.6500000000003,0.23404255319148937,False,False,False,False
BJYPWZAKWFJVEZ-UHFFFAOYSA-N,CC1(C)CC(=O)C2=C(C1)Nc1cc([N+](=O)[O-])ccc1N(C(=O)CCl)C2c1ccccc1,O=C1CCCC2=C1C(c1ccccc1)Nc1ccccc1N2,5.3448615651886175,sars2_3cl,coronaviral,IC50,439.89900000000017,0.1951219512195122,False,False,False,False
BKCDKWJRHGJSRF-UHFFFAOYSA-N,O=c1c2ccccc2sn1CCO,O=c1[nH]sc2ccccc12,6.3872161432802645,sars2_3cl,coronaviral,IC50,195.24299999999997,0.2391304347826087,False,False,False,False
BKPZSQQCEBQRKU-HSZRJFAPSA-N,O=C(CCCc1ccccc1)N[C@H](Cc1ccccc1)C(=O)C(=O)NCc1ccccn1,O=C(CCCc1ccccc1)NC(Cc1ccccc1)C(=O)C(=O)NCc1ccccn1,7.471083299722345,sars2_3cl,coronaviral,IC50,429.5200000000002,0.24615384615384617,False,False,False,False
BKSKKULLKDHSDE-AHWVRZQESA-N,O=C(O)C1=C(C(=O)NCc2ccncc2)CN2C[C@H](NC(=O)[C@H](Cc3ccccc3)NC(=O)c3cc4ccccc4[nH]3)C(=O)N12,O=C(NCc1ccncc1)C1=CN2C(=O)C(NC(=O)C(Cc3ccccc3)NC(=O)c3cc4ccccc4[nH]3)CN2C1,3.6968039425795114,sars2_3cl,coronaviral,IC50,607.6270000000002,0.19,False,False,False,False
BLHVXYJNCGYOAT-ZDUSSCGKSA-N,Cc1ccncc1N1C(=O)N[C@@H](CC2CCCCC2)C1=O,O=C1NC(CC2CCCCC2)C(=O)N1c1cccnc1,4.7447274948966935,sars2_3cl,coronaviral,IC50,287.36300000000006,0.2753623188405797,False,False,False,False
BLRXIMOQRQCCQJ-LJQANCHMSA-N,Cc1ccc(NC(=O)CN2CCCC2)cc1C(=O)N[C@H](C)c1cccc2ccccc12,O=C(CN1CCCC1)Nc1cccc(C(=O)NCc2cccc3ccccc23)c1,5.958607314841775,sars2_3cl,coronaviral,IC50,415.53700000000003,0.2753623188405797,False,False,False,False
BLVWIUIAWUKQQH-UHFFFAOYSA-N,Cc1ccccc1C(=O)N(C)c1ccccc1,O=C(Nc1ccccc1)c1ccccc1,6.173925197299173,sars2_3cl,coronaviral,IC50,225.291,0.30434782608695654,False,True,False,True
BLZXYDNCPITFHC-JPLJXNOCSA-N,CC(C)C[C@H](NC(=O)[C@@H](NC(=O)c1ccco1)C(C)C)C(=O)N[C@H](C=O)C[C@@H]1CCCNC1=O,O=C(CNC(=O)CNC(=O)c1ccco1)NCCC1CCCNC1=O,6.630784142589857,sars2_3cl,coronaviral,IC50,476.5740000000003,0.19387755102040816,False,False,False,False
BMEMCXAAHJTJOT-QFIPXVFZSA-N,COc1ccc(NC(=O)[C@@H]2CN(C(=O)c3cccnc3)CCN2c2ccc(Cl)c(Cl)c2)cc1,O=C(Nc1ccccc1)C1CN(C(=O)c2cccnc2)CCN1c1ccccc1,6.698970004336019,sars2_3cl,coronaviral,IC50,485.3710000000002,0.2804878048780488,False,False,False,False
BMGLKHIACFLVAZ-JPLJXNOCSA-N,CC(C)C[C@H](NC(=O)OC[C@@H]1CCC(=O)N1Cc1ccco1)C(=O)N[C@H](C=O)C[C@@H]1CCNC1=O,O=C(CNC(=O)OCC1CCC(=O)N1Cc1ccco1)NCCC1CCNC1=O,6.481486060122112,sars2_3cl,coronaviral,IC50,490.5570000000002,0.22549019607843138,False,False,False,False
BMKDZUISNHGIBY-UHFFFAOYSA-N,CC(CN1CC(=O)NC(=O)C1)N1CC(=O)NC(=O)C1,O=C1CN(CCN2CC(=O)NC(=O)C2)CC(=O)N1,5.496209316942819,sars2_3cl,coronaviral,IC50,268.27299999999997,0.19298245614035087,False,False,False,False
BMKPVDQDJQWBPD-UHFFFAOYSA-N,O=C1C(Cl)=C(NCCN2CCOCC2)C(=O)c2ncccc21,O=C1C=C(NCCN2CCOCC2)C(=O)c2ncccc21,7.113509274827518,sars2_3cl,coronaviral,IC50,321.764,0.22666666666666666,False,False,False,False
BMMSHFZZXQMOMR-STNJGYHGSA-N,CN(C(=O)[C@@H](NC(=O)C(F)(F)F)C1CC1)[C@@H](CSCc1ccccc1)C(=O)N1C[C@]2(C[C@H]1C#N)C(=O)Nc1ccccc12,O=C(CC1CC1)NC(CSCc1ccccc1)C(=O)N1CCC2(C1)C(=O)Nc1ccccc12,7.3979400086720375,sars2_3cl,coronaviral,IC50,613.6620000000001,0.2018348623853211,False,False,False,False
BMWBZSVMPUUEBE-XCEWUWCFSA-N,N#C[C@H](C[C@@H]1CCNC1=O)NC(=O)[C@@H]1[C@H]2CCC[C@H]2CN1C(=O)c1cc2c(F)cc(F)cc2[nH]1,O=C1NCCC1CCNC(=O)C1C2CCCC2CN1C(=O)c1cc2ccccc2[nH]1,6.259637310505756,sars2_3cl,coronaviral,IC50,469.4920000000002,0.1875,False,False,False,False
BMXUYKHPBOFWRQ-NRFANRHFSA-N,C=CC(=O)N(CCC)[C@H](C(=O)NCc1ccc2c(c1)OCO2)c1cccc(O)c1,O=C(Cc1ccccc1)NCc1ccc2c(c1)OCO2,6.0,sars2_3cl,coronaviral,IC50,396.44300000000015,0.21176470588235294,False,False,False,False
BMYIQCZRIXSAPL-MXCXMMFYSA-N,C[C@H](NC(=O)C(c1cccnc1)N(C(=O)/C=C/c1ccco1)c1ccc(-c2ccccc2)cc1)c1ccccc1,O=C(NCc1ccccc1)C(c1cccnc1)N(C(=O)C=Cc1ccco1)c1ccc(-c2ccccc2)cc1,4.811915626285062,sars2_3cl,coronaviral,IC50,527.6240000000003,0.23376623376623376,False,False,False,False
BNQDCRGUHNALGH-UHFFFAOYSA-N,NC(CO)C(=O)NNCc1ccc(O)c(O)c1O,c1ccccc1,6.853871964321762,sars2_3cl,coronaviral,IC50,257.246,0.1774193548387097,False,True,False,True
BOFNXKSZJGVFQC-UHFFFAOYSA-N,Cc1cn(C(=O)NCCCNC(=O)c2cc3cc(F)ccc3n2CC(C)C)c(=O)[nH]c1=O,O=C(NCCCNC(=O)n1ccc(=O)[nH]c1=O)c1cc2ccccc2[nH]1,6.154901959985743,sars2_3cl,coronaviral,IC50,443.4790000000002,0.24050632911392406,False,False,False,False
BOJKULTULYSRAS-OTESTREVSA-N,C=C1CC[C@@H]2[C@](C)(CO)[C@H](O)CC[C@@]2(C)[C@@H]1C/C=C1/C(=O)OC[C@H]1O,C=C1CCC2CCCCC2C1CC=C1CCOC1=O,4.823908740944319,sars2_3cl,coronaviral,IC50,350.4550000000001,0.14285714285714285,False,False,False,False
BOJLJKMUGYYKCZ-UHFFFAOYSA-N,Sc1nnc(Nc2ccccc2)s1,c1ccc(Nc2nncs2)cc1,6.4089353929735005,sars2_3cl,coronaviral,IC50,209.299,0.19047619047619047,False,False,False,False
BOSZJNSICHFHMA-UHFFFAOYSA-N,O=C(Oc1cncc(Cl)c1)c1cccc2[nH]ccc12,O=C(Oc1cccnc1)c1cccc2[nH]ccc12,6.553257826890757,sars2_3cl,coronaviral,IC50,272.69100000000003,0.1917808219178082,False,False,False,False
BOUXGXBQKDLEFW-WNBKYALVSA-N,CC(OC(C)(C)C)[C@H](NC(=O)OC(C)(C)C)C(=O)N1CCC[C@H]1C(=O)N[C@H](C=O)C[C@@H]1CCNC1=O,O=C1NCCC1CCNC(=O)C1CCCN1,8.275724130399212,sars2_3cl,coronaviral,IC50,510.63200000000035,0.27472527472527475,False,False,False,False
BPBZXVWMUKRXHT-UHFFFAOYSA-N,O=C(Oc1cncc(Cl)c1)c1cccc(Cl)c1Cl,O=C(Oc1cccnc1)c1ccccc1,6.899629454882437,sars2_3cl,coronaviral,IC50,302.544,0.22950819672131148,False,False,False,False
BPLNOSFMIIASSJ-UXHICEINSA-N,CNC(=O)c1cc(Br)cc([N+](=O)[O-])c1N[C@@H]1CCCC[C@@H]1NC(=O)c1cncc2ccccc12,O=C(NC1CCCCC1Nc1ccccc1)c1cncc2ccccc12,7.443697499232712,sars2_3cl,coronaviral,EC50,526.3910000000003,0.2535211267605634,False,False,False,False
BPLNOSFMIIASSJ-UXHICEINSA-N,CNC(=O)c1cc(Br)cc([N+](=O)[O-])c1N[C@@H]1CCCC[C@@H]1NC(=O)c1cncc2ccccc12,O=C(NC1CCCCC1Nc1ccccc1)c1cncc2ccccc12,7.142667503568731,sars2_3cl,coronaviral,IC50,526.3910000000003,0.2535211267605634,False,False,False,False
BPLNOSFMIIASSJ-VQTJNVASSA-N,CNC(=O)c1cc(Br)cc([N+](=O)[O-])c1N[C@H]1CCCC[C@H]1NC(=O)c1cncc2ccccc12,O=C(NC1CCCCC1Nc1ccccc1)c1cncc2ccccc12,4.189767482004916,sars2_3cl,coronaviral,IC50,526.3910000000003,0.2535211267605634,False,False,False,False
BPXAJHXCDHFFEC-JWSDNSILSA-N,CNS(=O)(=O)/C=C/[C@H](CCC(N)=O)NC(=O)[C@H](CC(C)C)NC(=O)OCc1ccccc1,c1ccccc1,4.4089353929735005,sars2_3cl,coronaviral,IC50,468.5760000000002,0.23863636363636365,False,True,False,True
BQDMDNNSBOIETP-UHFFFAOYSA-N,O=c1[nH]c(C2CCCC2)nc2cc(O)c(O)c(O)c12,O=c1[nH]c(C2CCCC2)nc2ccccc12,6.268411234813261,sars2_3cl,coronaviral,IC50,262.265,0.21212121212121213,False,False,False,False
BQGBCGKBHRXAPH-PBSKCCSASA-N,CC(C)C[C@H](NC(=O)OCC(C)(C)[S+]([O-])c1ccccc1)C(=O)N[C@H](C=O)C[C@@H]1CCNC1=O,O=C(CNC(=O)OCC[SH+]c1ccccc1)NCCC1CCNC1=O,6.481486060122112,sars2_3cl,coronaviral,IC50,493.6260000000002,0.20202020202020202,False,False,False,False
BQHNOSUNTGCFNQ-CMOCDZPBSA-N,CC(C)C[C@H](NC(=O)OC[C@@H]1CCC(=O)N1CC1CCCCC1)C(=O)N[C@H](C=O)C[C@@H]1CCNC1=O,O=C(CNC(=O)OCC1CCC(=O)N1CC1CCCCC1)NCCC1CCNC1=O,6.6020599913279625,sars2_3cl,coronaviral,IC50,506.6440000000004,0.18811881188118812,False,False,False,False
BQHNOSUNTGCFNQ-KJJMTIBFSA-N,CC(C)C[C@H](NC(=O)OC[C@H]1CCC(=O)N1CC1CCCCC1)C(=O)N[C@H](C=O)C[C@@H]1CCNC1=O,O=C(CNC(=O)OCC1CCC(=O)N1CC1CCCCC1)NCCC1CCNC1=O,6.301029995663981,sars2_3cl,coronaviral,IC50,506.6440000000004,0.18811881188118812,False,False,False,False
BQIPDFGLUICWQR-UHFFFAOYSA-N,NS(=O)(=O)c1ccc(C(=O)N2CCC(n3[se]c4ccccc4c3=O)CC2)cc1,O=C(c1ccccc1)N1CCC(n2[se]c3ccccc3c2=O)CC1,6.259637310505756,sars2_3cl,coronaviral,IC50,464.40500000000014,0.3076923076923077,False,False,False,False
BQUNMDJWBDDWMW-UHFFFAOYSA-N,O=c1c2ccccc2[se]n1-c1cc(Cl)cc(Cl)c1,O=c1c2ccccc2[se]n1-c1ccccc1,6.193911654337597,sars2_3cl,coronaviral,IC50,343.071,0.1836734693877551,False,False,False,False
BQXDWZQXORQBLV-HLUWLTKXSA-N,C=C[C@@H]1C[C@]1(NC(=O)[C@@H]1C[C@@H](Oc2cc(-c3csc(NC(C)C)n3)nc3cc(OC)ccc23)CN1C(=O)[C@@H](NC(=O)OC1CCCC1)C(C)(C)C)P(=O)(O)O,O=C(NCC(=O)N1CC(Oc2cc(-c3cscn3)nc3ccccc23)CC1C(=O)NC1CC1)OC1CCCC1,9.045757490560675,sars2_3cl,coronaviral,IC50,798.9000000000001,0.20161290322580644,False,False,False,False
BRFDPJYHCJVJEP-ZJOUEHCJSA-N,O=C[C@H](C[C@@H]1CCNC1=O)NC(=O)[C@H](Cc1ccccc1)NC(=O)c1cc2ccccc2[nH]1,O=C(NC(Cc1ccccc1)C(=O)NCCC1CCNC1=O)c1cc2ccccc2[nH]1,7.522878745280337,sars2_3cl,coronaviral,IC50,446.5070000000001,0.19101123595505617,False,False,False,False
BRIFXLOFHLLUBS-YDWJEQILSA-N,CC(C)C[C@H](NC(=O)[C@@H](NC(=O)c1cc2ccccc2[nH]1)C(C)C)C(=O)N[C@H](C=O)C[C@@H]1CCNC1=O,O=C(CNC(=O)CNC(=O)c1cc2ccccc2[nH]1)NCCC1CCNC1=O,7.2839966563652006,sars2_3cl,coronaviral,IC50,511.6230000000003,0.18947368421052632,False,False,False,False
BRIYHFCOLHSXFB-AHTKWCMKSA-N,N#C[C@H](C[C@@H]1CCNC1=O)NC(=O)C1CC2(CCCCC2)CN1C(=O)OCc1ccccc1,O=C1NCCC1CCNC(=O)C1CC2(CCCCC2)CN1C(=O)OCc1ccccc1,5.853871964321762,sars2_3cl,coronaviral,IC50,452.5550000000003,0.2127659574468085,False,False,False,False
BROLJTKQRJMMHO-KDYSTLNUSA-N,C[C@H](NC(=O)[C@@H](c1cccnc1)N(C(=O)c1ccco1)c1ccc(C(C)(C)C)cc1)c1ccccc1,O=C(NCc1ccccc1)C(c1cccnc1)N(C(=O)c1ccco1)c1ccccc1,5.2441251443275085,sars2_3cl,coronaviral,IC50,481.59600000000023,0.24,False,False,False,False
BROLJTKQRJMMHO-LWAJAQLZSA-N,C[C@H](NC(=O)C(c1cccnc1)N(C(=O)c1ccco1)c1ccc(C(C)(C)C)cc1)c1ccccc1,O=C(NCc1ccccc1)C(c1cccnc1)N(C(=O)c1ccco1)c1ccccc1,5.2441251443275085,sars2_3cl,coronaviral,IC50,481.59600000000023,0.24,False,False,False,False
BRRFTKVQMJBDFI-DJNXLDHESA-N,CC(C)C[C@H](NC(=O)OCc1ccccc1)C(=O)NN(CC1CCNC1=O)C(=O)CCl,O=C(CNC(=O)OCc1ccccc1)NNCC1CCNC1=O,7.769551078621726,sars2_3cl,coronaviral,IC50,452.9390000000002,0.22580645161290322,False,False,False,False
BSFWLBHHPMJDFU-OJKQOYALSA-N,CC(C)C[C@H](NC(=O)[C@@H](NC(=O)/C=C/c1cccc(F)c1)C(C)C)C(=O)N[C@H](C=O)C[C@@H]1CCCNC1=O,O=C(C=Cc1ccccc1)NCC(=O)NCC(=O)NCCC1CCCNC1=O,6.5934598195660445,sars2_3cl,coronaviral,IC50,530.6410000000003,0.21348314606741572,False,False,False,False
BSPZFJDYQHDZNR-HTCLRFROSA-N,CC(C)C[C@H](NC(=O)OCc1ccccc1)C(=O)N[C@@H](C[C@@H]1CCNC1=O)C(O)S(=O)(=O)O,O=C(CNC(=O)OCc1ccccc1)NCCC1CCNC1=O,7.1243604480083285,sars2_3cl,coronaviral,Ki,485.5590000000002,0.2127659574468085,False,False,False,False
BSPZFJDYQHDZNR-MUZJZNNISA-N,CC(C)C[C@@H](NC(=O)OCc1ccccc1)C(=O)N[C@H](CC1CCNC1=O)C(O)S(=O)(=O)O,O=C(CNC(=O)OCc1ccccc1)NCCC1CCNC1=O,7.522878745280337,sars2_3cl,coronaviral,IC50,485.5590000000002,0.2127659574468085,False,False,False,False
BSPZFJDYQHDZNR-SVLLOIFHSA-N,[2H]C([2H])(OC(=O)N[C@H](CC(C)C)C(=O)N[C@H](C[C@@H]1CCNC1=O)C(O)S(=O)(=O)O)c1ccccc1,O=C(CNC(=O)OCc1ccccc1)NCCC1CCNC1=O,6.7447274948966935,sars2_3cl,coronaviral,IC50,487.5712035560001,0.21052631578947367,False,False,False,False
BTGKFKYLDHABSO-UHFFFAOYSA-N,CCC(C(=O)Nc1ccccc1C)n1cc(F)cc2nc(SCc3ccc(F)cc3)nc1-2,O=C(Cn1cccc2nc(SCc3ccccc3)nc1-2)Nc1ccccc1,5.293282217663242,sars2_3cl,coronaviral,IC50,452.53000000000014,0.273972602739726,False,False,False,False
BTOVWCZBXBSAQA-UHFFFAOYSA-N,Cn1c(C(=O)NCCCNC(=O)n2cc(F)c(=O)[nH]c2=O)cc2ccccc21,O=C(NCCCNC(=O)n1ccc(=O)[nH]c1=O)c1cc2ccccc2[nH]1,5.823908740944319,sars2_3cl,coronaviral,IC50,387.3710000000001,0.2631578947368421,False,False,False,False
BTWIXZVPMBLAQW-OWOJBTEDSA-N,O=C(/C=C/c1c(Cl)c(O)c(O)c(O)c1Cl)c1c(Cl)cc(F)cc1Cl,O=C(C=Cc1ccccc1)c1ccccc1,6.394479476562531,sars2_3cl,coronaviral,IC50,412.02700000000016,0.18518518518518517,False,False,False,False
BULBGBIUVMOQMK-SVFBPWRDSA-N,CC1(C)[C@H](C(=O)OCc2ccc(F)cc2)N2C(=O)[C@@H](NC(=O)COc3ccccc3)[C@H]2S1(=O)=O,O=C(COc1ccccc1)NC1C(=O)N2C(C(=O)OCc3ccccc3)CS(=O)(=O)C12,5.130768280269024,sars2_3cl,coronaviral,IC50,490.5090000000002,0.2235294117647059,False,False,False,False
BUQJUCVPPUJQBJ-UHFFFAOYSA-N,C=CCn1sc2ccccc2c1=O,O=c1[nH]sc2ccccc12,6.200659450546418,sars2_3cl,coronaviral,IC50,191.25499999999997,0.19047619047619047,False,False,False,False
BUWNIFLXDQDUPP-UIOOFZCWSA-N,O=C(CCl)N[C@@H](Cc1ccc(O)cc1)C(=O)N[C@@H](Cc1c[nH]c2ccccc12)C(=O)NCc1ccccc1,O=C(CCc1ccccc1)NC(Cc1c[nH]c2ccccc12)C(=O)NCc1ccccc1,5.0782859593941545,sars2_3cl,coronaviral,IC50,533.0280000000004,0.21839080459770116,False,False,False,False
BVARPHUXDCRCTR-UHFFFAOYSA-N,O=c1c2c(O)c(O)c(O)cc2nc(-c2ccccc2)n1C1CCCCC1,O=c1c2ccccc2nc(-c2ccccc2)n1C1CCCCC1,6.562249437179612,sars2_3cl,coronaviral,IC50,352.3900000000002,0.24,False,False,False,False
BWBPGOKJGLWQEA-UHFFFAOYSA-N,O=C1NC2(CC(c3ccccc3)C2)C(=O)N1c1cncc2ccccc12,O=C1NC2(CC(c3ccccc3)C2)C(=O)N1c1cncc2ccccc12,6.4089353929735005,sars2_3cl,coronaviral,IC50,343.386,0.2261904761904762,False,False,False,False
BWJPRMXKIWYPAB-UHFFFAOYSA-N,N#CSCC(=O)N1c2ccccc2CCc2ccccc21,c1ccc2c(c1)CCc1ccccc1N2,5.6548223834572955,sars2_3cl,coronaviral,IC50,294.379,0.3050847457627119,False,False,False,False
BWJPRMXKIWYPAB-UHFFFAOYSA-N,N#CSCC(=O)N1c2ccccc2CCc2ccccc21,c1ccc2c(c1)CCc1ccccc1N2,4.360115258083696,sars2_3cl,coronaviral,Ki,294.379,0.3050847457627119,False,False,False,False
BWJUPKBEYMLIAQ-UHFFFAOYSA-N,COc1ccccc1NC(=O)Cn1sc2cc(F)ccc2c1=O,O=C(Cn1sc2ccccc2c1=O)Nc1ccccc1,6.7447274948966935,sars2_3cl,coronaviral,IC50,332.35600000000005,0.3387096774193548,False,False,False,False
BXBLULQCYFLIBI-UHFFFAOYSA-N,COc1ccc(C(=O)Oc2cncc(Br)c2)cc1,O=C(Oc1cccnc1)c1ccccc1,7.016373712875465,sars2_3cl,coronaviral,IC50,308.131,0.23880597014925373,False,False,False,False
BXYHUTCLXNNXEV-UHFFFAOYSA-N,CSc1nc2cc(C#N)ccc2n1C(=O)c1ccc(C)c(F)c1,O=C(c1ccccc1)n1cnc2ccccc21,6.050305225247582,sars2_3cl,coronaviral,IC50,325.36800000000005,0.21978021978021978,False,False,False,False
BYANSSVDPKLCON-DROSFRCNSA-N,Cc1cc(C(=O)N[C@@H](Cc2cccc3ccccc23)C(=O)N[C@@H](CC(C)C)C(=O)N[C@H](C=O)C[C@@H]2CCCNC2=O)no1,O=C(CNC(=O)C(Cc1cccc2ccccc12)NC(=O)c1ccon1)NCCC1CCCNC1=O,6.780677491580663,sars2_3cl,coronaviral,IC50,589.6930000000002,0.21212121212121213,False,False,False,False
BYDOTJMKOMWDQU-UHFFFAOYSA-N,O=c1c2ccccc2[se]n1-c1ncccc1O,O=c1c2ccccc2[se]n1-c1ccccn1,7.3049563411787055,sars2_3cl,coronaviral,IC50,291.168,0.2153846153846154,False,False,False,False
BYGXXTSBJDGVES-UHFFFAOYSA-N,O=C(c1cc(=O)[nH]c(=O)[nH]1)N1CCN(c2cc(Cl)c(Cl)c(Cl)c2)CC1,O=C(c1cc(=O)[nH]c(=O)[nH]1)N1CCN(c2ccccc2)CC1,6.050609993355087,sars2_3cl,coronaviral,Ki,403.65300000000013,0.20588235294117646,False,False,False,False
BYIZTMVPLDETRV-YADHBBJMSA-N,CN1CCN(C(=O)c2cc(Br)cc([N+](=O)[O-])c2N[C@@H]2CCC[C@@H]2NC(=O)c2cc(=O)[nH]c3ccccc23)CC1,O=C(NC1CCCC1Nc1ccccc1C(=O)N1CCNCC1)c1cc(=O)[nH]c2ccccc12,7.6401645176601125,sars2_3cl,coronaviral,IC50,597.4700000000001,0.2413793103448276,False,False,False,False
BYKZUJNNGOVUDB-UHFFFAOYSA-O,CCOc1ccc(NC(=O)C2c3cccc[n+]3CC(=O)N2c2ccccc2)cc1,O=C(Nc1ccccc1)C1c2cccc[n+]2CC(=O)N1c1ccccc1,5.301029995663981,sars2_3cl,coronaviral,IC50,388.44700000000006,0.24358974358974358,False,False,False,False
BYSYERDCOJUINP-OAQYLSRUSA-N,O=C(CNC(=O)c1ccc(Cl)cc1)N[C@H](Cc1ccccc1)C(=O)C(=O)NCc1ccccn1,O=C(CNC(=O)c1ccccc1)NC(Cc1ccccc1)C(=O)C(=O)NCc1ccccn1,7.335358024443875,sars2_3cl,coronaviral,IC50,478.9360000000002,0.27941176470588236,False,False,False,False
BYUMSWBYARXABD-XMMPIXPASA-N,CC(C)(C)NC(=O)[C@@H](c1cccnc1)N(C(=O)c1ccno1)c1ccc(-c2ccccc2)cc1,O=C(c1ccno1)N(Cc1cccnc1)c1ccc(-c2ccccc2)cc1,5.607303046740334,sars2_3cl,coronaviral,IC50,454.53000000000014,0.25,False,False,False,False
BYWXQKBXORVZIJ-UHFFFAOYSA-N,CC(C)(C)c1ccc(N(C(=O)c2ccco2)C(C(=O)NCn2nnc3ccccc32)c2cccnc2)cc1,O=C(NCn1nnc2ccccc21)C(c1cccnc1)N(C(=O)c1ccco1)c1ccccc1,5.089909454405932,sars2_3cl,coronaviral,IC50,508.58200000000016,0.2235294117647059,False,False,False,False
BZAHPTZPXFVQDG-CLLHQPRTSA-N,O[C@@H]([C@H](O)[C@H](Cc1c[nH]c2ccccc12)NCc1ccccc1)[C@H](Cc1c[nH]c2ccccc12)NCc1ccccc1,c1ccc(CNC(CCC(Cc2c[nH]c3ccccc23)NCc2ccccc2)Cc2c[nH]c3ccccc23)cc1,6.468521082957745,sars2_3cl,coronaviral,Ki,558.7260000000002,0.17142857142857143,False,False,False,False
CAHFMJDKDNHTNG-AHKZPQOWSA-N,CN(C(=O)[C@H](Cc1ccccc1)NC(=O)[C@@H](Nc1ccc([N+](=O)[O-])cc1[N+](=O)[O-])C(C)(C)C)N(C#N)Cc1ccc(Cl)cc1,O=C(CNc1ccccc1)NC(Cc1ccccc1)C(=O)NNCc1ccccc1,5.647817481888637,sars2_3cl,coronaviral,IC50,622.0820000000003,0.17,False,False,False,False
CAIYDGGKZIOZJS-UHFFFAOYSA-N,O=S(=O)(Cc1ccccc1)c1nnc(-c2ccc(Cl)cc2)o1,O=S(=O)(Cc1ccccc1)c1nnc(-c2ccccc2)o1,6.154901959985743,sars2_3cl,coronaviral,IC50,334.7840000000001,0.20634920634920634,False,False,False,False
CBMKJQIFXWIZDC-SDHOMARFSA-N,CSCC[C@@H](C=O)NC(=O)[C@H](CC(C)C)NC(=O)[C@H](Cc1ccc(F)cc1)NC(=O)OCc1ccccc1,O=C(NCCc1ccccc1)OCc1ccccc1,8.199970640755865,sars2_3cl,coronaviral,IC50,545.6770000000004,0.24705882352941178,False,False,False,False
CBNZTDULZKZFFM-KQRRRSJSSA-N,O=C[C@H](Cc1ccccc1)NC(=O)[C@H](Cc1ccccc1)NC(=O)/C=C/c1ccccc1,O=C(C=Cc1ccccc1)NC(Cc1ccccc1)C(=O)NCCc1ccccc1,5.649751981665837,sars2_3cl,coronaviral,Ki,426.5160000000001,0.19444444444444445,False,False,False,False
CCXRYRUAUVPQMH-UHFFFAOYSA-N,O=C(Nn1cnc2c(F)cc(F)cc21)C1COc2cc(Cl)c(Cl)cc21,O=C(Nn1cnc2ccccc21)C1COc2ccccc21,4.645891560852599,sars2_3cl,coronaviral,IC50,384.16900000000004,0.2191780821917808,False,False,False,False
CCXRYRUAUVPQMH-UHFFFAOYSA-N,O=C(Nn1cnc2c(F)cc(F)cc21)C1COc2cc(Cl)c(Cl)cc21,O=C(Nn1cnc2ccccc21)C1COc2ccccc21,4.484126156288321,sars2_3cl,coronaviral,Kd,384.16900000000004,0.2191780821917808,False,False,False,False
CCZRTVFIPPLCSL-GIJQJNRQSA-N,NC(=S)N/N=C/c1ccc(-c2ccc3cccnc3c2)o1,c1coc(-c2ccc3cccnc3c2)c1,4.982966660701219,sars2_3cl,coronaviral,IC50,296.3550000000001,0.18518518518518517,False,False,False,False
CDEICDIJDMTLMS-IIMRUNLGSA-N,CC(C)C[C@H](NC(=O)OCC1CC2CCC1C2)C(=O)N[C@@H](C[C@H]1CCNC1=O)C(O)S(=O)(=O)O,O=C(CNC(=O)OCC1CC2CCC1C2)NCCC1CCNC1=O,7.0,sars2_3cl,coronaviral,IC50,503.61800000000017,0.16,False,False,False,False
CDSRLESBKLWXKC-UHFFFAOYSA-N,CC(=O)OCC1Cc2c(-c3ccc4ccccc4n3)cccc2-c2c(O)ccc(C)c21,c1ccc2c(c1)CCc1c(-c3ccc4ccccc4n3)cccc1-2,4.85949195696182,sars2_3cl,coronaviral,IC50,409.4850000000002,0.2125,False,False,False,False
CEPDINKBBXBPJN-RABCQHRBSA-N,CC(C)(C)NC(=O)C(=O)[C@H](C[C@@H]1CCNC1=O)NC(=O)[C@@H]1[C@H]2CCC[C@H]2CN1C(=O)[C@@H](NC(=O)C(F)(F)F)C1CCC1,O=C1NCCC1CCNC(=O)C1C2CCCC2CN1C(=O)CC1CCC1,6.982966660701219,sars2_3cl,coronaviral,IC50,599.6510000000002,0.17475728155339806,False,False,False,False
CESCHWCTTNAICA-INIZCTEOSA-N,O=C1N[C@@H](CC2CCCCC2)C(=O)N1c1cncc2ccccc12,O=C1NC(CC2CCCCC2)C(=O)N1c1cncc2ccccc12,5.886056647693163,sars2_3cl,coronaviral,IC50,323.3960000000001,0.2962962962962963,False,False,False,False
CFHDKPIYROJEMW-VDWVSCKXSA-N,CC(=O)/C=C/[C@H](C[C@@H]1CCNC1=O)NC(=O)[C@H](CC1CCCCC1)NC(=O)OCc1ccccc1,O=C(NC(CC1CCCCC1)C(=O)NCCC1CCNC1=O)OCc1ccccc1,6.735182176990463,sars2_3cl,coronaviral,Ki,483.6090000000003,0.25274725274725274,False,False,False,False
CFKCGTBYICEFKW-TUHVGIAZSA-N,Cc1ccc(NC(=O)C2CN(C(C)C)CCN2)cc1C(=O)N[C@H](C)c1cccc2ccccc12,O=C(NCc1cccc2ccccc12)c1cccc(NC(=O)C2CNCCN2)c1,5.853871964321762,sars2_3cl,coronaviral,IC50,458.60600000000017,0.26666666666666666,False,False,False,False
CFLPDEMDXINBKA-OHTAKOAQSA-N,O=C[C@H](C[C@@H]1CCNC1=O)NC(=O)[C@@H]1[C@H]2CCC[C@H]2CN1C(=O)c1cc2ccccn2n1,O=C1NCCC1CCNC(=O)C1C2CCCC2CN1C(=O)c1cc2ccccn2n1,6.5246194068566385,sars2_3cl,coronaviral,IC50,437.50000000000017,0.21052631578947367,False,False,False,False
CFSUUGFQMDKAMH-JNMBUGSCSA-N,CC(C)(C)OC[C@H](NC(=O)OCc1ccccc1)C(=O)N1C[C@]2(C[C@H]1C#N)C(=O)Nc1ccccc12,O=C(NCC(=O)N1CCC2(C1)C(=O)Nc1ccccc12)OCc1ccccc1,6.259637310505756,sars2_3cl,coronaviral,IC50,490.5600000000003,0.21428571428571427,False,False,False,False
CGIGDMFJXJATDK-UHFFFAOYSA-N,COc1ccc2c(c1)c(CC(=O)O)c(C)n2C(=O)c1ccc(Cl)cc1,O=C(c1ccccc1)n1ccc2ccccc21,3.8892419911201124,sars2_3cl,coronaviral,Kd,357.793,0.2465753424657534,False,False,False,False
CGQDOEQQAVXZIJ-UHFFFAOYSA-N,Nc1cccc2c(=O)n(CC(=O)Nc3ccccc3)sc12,O=C(Cn1sc2ccccc2c1=O)Nc1ccccc1,4.95951633579373,sars2_3cl,coronaviral,IC50,299.355,0.25,False,False,False,False
CGZOWHSZDGSPOZ-VGMFXRGYSA-N,CC(C)C[C@H](NC(=O)OCC1CCN(C[C@H]2C[C@H]3C=C[C@@H]2C3)C1=O)C(=O)N[C@H](C=O)C[C@@H]1CCNC1=O,O=C(CNC(=O)OCC1CCN(CC2CC3C=CC2C3)C1=O)NCCC1CCNC1=O,6.337242168318426,sars2_3cl,coronaviral,IC50,516.6390000000002,0.1792452830188679,False,False,False,False
CHNVTDRYCNJBAF-OEUJLIAZSA-N,CC1(C)[C@@H]2[C@@H](C(=O)N[C@H](C=O)C[C@@H]3CCNC3=O)N(C(=O)CCC3CCCCC3)C[C@@H]21,O=C1NCCC1CCNC(=O)C1C2CC2CN1C(=O)CCC1CCCCC1,6.251811972993799,sars2_3cl,coronaviral,EC50,431.57700000000034,0.1935483870967742,False,False,False,False
CHNVTDRYCNJBAF-OEUJLIAZSA-N,CC1(C)[C@@H]2[C@@H](C(=O)N[C@H](C=O)C[C@@H]3CCNC3=O)N(C(=O)CCC3CCCCC3)C[C@@H]21,O=C1NCCC1CCNC(=O)C1C2CC2CN1C(=O)CCC1CCCCC1,7.3872161432802645,sars2_3cl,coronaviral,IC50,431.57700000000034,0.1935483870967742,False,False,False,False
CHRXGLBKPPPZDY-AVGNSLFASA-N,Cc1nc(C(F)(F)F)sc1C(=O)N[C@@H](CC(C)(C)C)C(=O)N[C@H](C#N)C[C@@H]1CCNC1=O,O=C(CNC(=O)c1cncs1)NCCC1CCNC1=O,6.5951662833800615,sars2_3cl,coronaviral,Ki,473.5210000000003,0.17525773195876287,False,False,False,False
CHUNIVGJJZPJMX-DEOSSOPVSA-N,CN(C(=O)[C@H](Cc1ccccc1)NC(=O)OCc1ccccc1)N(C#N)Cc1ccc(Br)cc1,O=C(NC(Cc1ccccc1)C(=O)NNCc1ccccc1)OCc1ccccc1,6.698970004336019,sars2_3cl,coronaviral,IC50,521.4150000000002,0.21052631578947367,False,False,False,False
CINWAXSBFXIFBO-KOUJMVCDSA-N,CC(C)(C)OC(=O)N[C@H](C(=O)N1C[C@H]2[C@@H]([C@H]1C(=O)N[C@H](C#N)C[C@@H]1CCNC1=O)C2(C)C)C(C)(C)C,O=C1NCCC1CCNC(=O)C1NCC2CC21,8.113509274827518,sars2_3cl,coronaviral,Ki,503.64400000000035,0.24242424242424243,False,False,False,False
CIONIIWSVPYOSP-UHFFFAOYSA-N,O=C(NCCCNC(=O)n1cc(F)c(=O)[nH]c1=O)c1cc2ccccc2n1Cc1ccccc1,O=C(NCCCNC(=O)n1ccc(=O)[nH]c1=O)c1cc2ccccc2n1Cc1ccccc1,5.292429823902063,sars2_3cl,coronaviral,IC50,463.4690000000002,0.21951219512195122,False,False,False,False
CIRLSXXITHQIMD-RBQQCVMASA-N,C[C@H](NC(=O)C(c1cccnc1)N(C(=O)c1ccno1)c1ccc(-c2ccccc2)cc1)c1ccccc1,O=C(NCc1ccccc1)C(c1cccnc1)N(C(=O)c1ccno1)c1ccc(-c2ccccc2)cc1,5.607303046740334,sars2_3cl,coronaviral,IC50,502.5740000000002,0.25,False,False,False,False
CIXWCNHUNLSBNN-UHFFFAOYSA-N,O=c1c2c(O)c(O)c(O)cc2nc(-c2ccccc2)n1-c1cccnc1,O=c1c2ccccc2nc(-c2ccccc2)n1-c1cccnc1,6.673664139071249,sars2_3cl,coronaviral,IC50,347.33000000000004,0.21212121212121213,False,False,False,False
CIZCWSJDCWBINO-UHFFFAOYSA-N,CCCn1sc2ccccc2c1=O,O=c1[nH]sc2ccccc12,6.136677139879544,sars2_3cl,coronaviral,IC50,193.27099999999996,0.2391304347826087,False,False,False,False
CJCGFSUQDWYZCH-JLISXIFJSA-N,CC(C)C[C@H](NC(=O)OCC(C)(O)c1cccc(Cl)c1)C(=O)N[C@H](C=O)C[C@@H]1CCNC1=O,O=C(CNC(=O)OCCc1ccccc1)NCCC1CCNC1=O,6.537602002101044,sars2_3cl,coronaviral,IC50,481.9770000000002,0.1875,False,False,False,False
CJDAPCDGESTEPR-XCZPVHLTSA-N,CN(C(=O)[C@H](Cc1ccccc1)NC(=O)[C@@H](NC(=O)c1cccs1)C1CCCCC1)N(C#N)Cc1ccc(Cl)cc1,O=C(NC(C(=O)NC(Cc1ccccc1)C(=O)NNCc1ccccc1)C1CCCCC1)c1cccs1,7.7447274948966935,sars2_3cl,coronaviral,IC50,592.1650000000004,0.23076923076923078,False,False,False,False
CJDAPCDGESTEPR-XCZPVHLTSA-N,CN(C(=O)[C@H](Cc1ccccc1)NC(=O)[C@@H](NC(=O)c1cccs1)C1CCCCC1)N(C#N)Cc1ccc(Cl)cc1,O=C(NC(C(=O)NC(Cc1ccccc1)C(=O)NNCc1ccccc1)C1CCCCC1)c1cccs1,7.886056647693163,sars2_3cl,coronaviral,Ki,592.1650000000004,0.23076923076923078,False,False,False,False
CJGCUCGCFMTOGI-CQSZACIVSA-N,Cc1ccc(NC(N)=O)cc1C(=O)N[C@H](C)c1cccc2ccccc12,O=C(NCc1cccc2ccccc12)c1ccccc1,5.42021640338319,sars2_3cl,coronaviral,IC50,347.4180000000001,0.37254901960784315,False,False,False,False
CJPGDPFECLRJBX-QLAGNHFFSA-N,COC(=O)N[C@H](C(=O)N1C[C@@H]2CCC[C@@H]2[C@H]1C(=O)N[C@@H](CCC(C)(C)F)C(=O)C(=O)NC1CC1)C(C)(C)C,O=C(CNC(=O)C1NCC2CCCC21)C(=O)NC1CC1,7.585026652029182,sars2_3cl,coronaviral,IC50,538.6610000000003,0.20212765957446807,False,False,False,False
CJXNCBSSADROTD-DEYYWGMASA-N,COc1ccc(F)c2[nH]c(C(=O)N[C@@H](CC(C)(C)C)C(=O)N[C@H](C#N)C[C@@H]3CCNC3=O)cc12,O=C(CNC(=O)c1cc2ccccc2[nH]1)NCCC1CCNC1=O,8.301029995663981,sars2_3cl,coronaviral,Ki,471.53300000000024,0.21052631578947367,False,False,False,False
CJYIGUCFLFKBJC-UHFFFAOYSA-N,NCCc1ccc(C(F)F)cc1,c1ccccc1,7.301029995663981,sars2_3cl,coronaviral,IC50,171.18999999999997,0.17543859649122806,False,True,False,True
CKAROBJLFOHZQI-UHFFFAOYSA-N,O=C(Sc1ncccn1)c1ccc(-c2ccc(Br)cc2)s1,O=C(Sc1ncccn1)c1ccc(-c2ccccc2)s1,7.84163750790475,sars2_3cl,coronaviral,IC50,377.288,0.189873417721519,False,False,False,False
CKLPUUUDQOULDZ-AIEDFZFUSA-N,CC(C)C[C@@H](O)C(=O)N1C[C@H](C(F)(F)F)C[C@H]1C(=O)N[C@@H](C[C@@H]1CCNC1=O)C(=O)COC(F)(F)F,O=C1NCCC1CCNC(=O)C1CCCN1,7.657577319177793,sars2_3cl,coronaviral,IC50,533.4660000000003,0.18,False,False,False,False
CKMLMXGIKGMFOC-UHFFFAOYSA-N,CC(C)(C)c1ccc2c(c1)nc(SCC(=O)N1CCOC1=O)n2Cc1ccccc1,O=C(CSc1nc2ccccc2n1Cc1ccccc1)N1CCOC1=O,4.454692883534176,sars2_3cl,coronaviral,IC50,423.53800000000024,0.23809523809523808,False,False,False,False
CKNAQFVBEHDJQV-UHFFFAOYSA-N,Cc1c(-c2cnccn2)ssc1=S,S=c1cc(-c2cnccn2)ss1,6.442694507883913,sars2_3cl,coronaviral,IC50,226.351,0.17777777777777778,False,False,False,False
CLVRPAZDBOBROH-ZVZYQTTQSA-N,CC(C)C[C@H](NC(=O)c1cc2ccc(C(F)(F)F)cc2[nH]1)C(=O)N[C@H](C#N)C[C@@H]1CCNC1=O,O=C(CNC(=O)c1cc2ccccc2[nH]1)NCCC1CCNC1=O,6.51999305704285,sars2_3cl,coronaviral,Ki,477.48700000000025,0.2358490566037736,False,False,False,False
CLXRADSDVGMMCK-PGUFJCEWSA-N,CCN(C[C@]1(C)CN(C(=O)c2nn(C)c3c2CCc2ccccc2-3)CCC1=O)C(=O)c1nn(C)c2c1CCc1ccccc1-2,O=C(NCC1CN(C(=O)c2n[nH]c3c2CCc2ccccc2-3)CCC1=O)c1n[nH]c2c1CCc1ccccc1-2,6.1249387366083,sars2_3cl,coronaviral,IC50,590.7280000000003,0.25882352941176473,False,False,False,False
CMIGAQUBRPEFDM-UHFFFAOYSA-N,O=c1c2ccccc2[se]n1-c1ccc(F)cc1,O=c1c2ccccc2[se]n1-c1ccccc1,5.555977857313813,sars2_3cl,coronaviral,IC50,292.171,0.19607843137254902,False,False,False,False
CMJRJYFESNUQSC-OAQYLSRUSA-N,COCCn1cc(-c2cc(-c3cnn(C(F)F)c3)cc([C@@H](C)NC(=O)c3cc(OCCN(C)C)ccc3C)c2)cn1,O=C(NCc1cc(-c2cn[nH]c2)cc(-c2cn[nH]c2)c1)c1ccccc1,6.958607314841775,sars2_3cl,coronaviral,IC50,566.6530000000002,0.2247191011235955,False,False,False,False
CMKBTEMLFSRRKK-VMXMFDLUSA-N,CC(C)C[C@H](NC(=O)[C@@H](NC(=O)c1cccnc1)C(C)C)C(=O)N[C@H](C=O)C[C@@H]1CCCNC1=O,O=C(CNC(=O)CNC(=O)c1cccnc1)NCCC1CCCNC1=O,6.1938200260161125,sars2_3cl,coronaviral,IC50,487.60100000000034,0.23076923076923078,False,False,False,False
CMRWVTBJAYUAFO-UHFFFAOYSA-N,CC(=O)OCC1Cc2c(-c3cc(-c4ccccc4)ccn3)cccc2-c2c(O)ccc(C3CCCCC3)c21,c1ccc(-c2ccnc(-c3cccc4c3CCc3c-4cccc3C3CCCCC3)c2)cc1,5.068542129310995,sars2_3cl,coronaviral,IC50,503.6420000000004,0.22826086956521738,False,False,False,False
CMWTZPSULFXXJA-VIFPVBQESA-N,COc1ccc2cc([C@H](C)C(=O)O)ccc2c1,c1ccc2ccccc2c1,5.462180904926726,sars2_3cl,coronaviral,IC50,230.26299999999998,0.25,False,False,False,False
CNIYVBIDLPCYPG-OFPMQSLHSA-N,COc1cccc2[nH]c(C(=O)N[C@H](C(=O)N3C[C@]4(C[C@H]3C#N)C(=O)Nc3ccccc34)C(C)OC(C)(C)C)cc12,O=C(NCC(=O)N1CCC2(C1)C(=O)Nc1ccccc12)c1cc2ccccc2[nH]1,6.259637310505756,sars2_3cl,coronaviral,IC50,543.6240000000003,0.2403846153846154,False,False,False,False
COEKDSCPTZOWRJ-RGZWJVDOSA-N,O=C(O)C1=C(Cl)CS[C@@H]2[C@H](NC(=O)[C@H](Cc3ccccc3)NC(=O)c3cc4ccccc4[nH]3)C(=O)N12,O=C(NC(Cc1ccccc1)C(=O)NC1C(=O)N2C=CCSC12)c1cc2ccccc2[nH]1,4.045757490560675,sars2_3cl,coronaviral,IC50,524.9860000000002,0.1827956989247312,False,False,False,False
COHPZJWIUCBXEW-DEOSSOPVSA-N,CN1C(=O)[C@H](Cc2ccccc2)N(C(=O)COc2ccc(Cl)cc2Cl)CCCOc2ccc(Cl)c(F)c2CN1C#N,O=C1NNCc2ccccc2OCCCN(C(=O)COc2ccccc2)C1Cc1ccccc1,7.2441251443275085,sars2_3cl,coronaviral,IC50,619.908,0.23232323232323232,False,False,False,False
COXVPYKZDDKVRF-IKGGRYGDSA-N,CC(C)C[C@H](NC(=O)OCC1CCC(F)(F)CC1)C(=O)N[C@H](C=O)C[C@H]1CCNC1=O,O=C(CNC(=O)OCC1CCCCC1)NCCC1CCNC1=O,7.096910013008056,sars2_3cl,coronaviral,IC50,445.5070000000002,0.18085106382978725,False,False,False,False
COXVTLYNGOIATD-HVMBLDELSA-N,Cc1cc(-c2ccc(/N=N/c3ccc4c(S(=O)(=O)O)cc(S(=O)(=O)O)c(N)c4c3O)c(C)c2)ccc1/N=N/c1ccc2c(S(=O)(=O)O)cc(S(=O)(=O)O)c(N)c2c1O,c1ccc2cc(N=Nc3ccc(-c4ccc(N=Nc5ccc6ccccc6c5)cc4)cc3)ccc2c1,6.698970004336019,sars2_3cl,coronaviral,IC50,872.8940000000001,0.16279069767441862,False,False,False,False
COZHWXLQRALJBE-LJQANCHMSA-N,CNC(=O)c1ccc([C@H]2CCCCN2Cc2cccc(C(=O)N(C)C)c2)n1C,c1ccc(CN2CCCCC2c2ccc[nH]2)cc1,6.161150909262744,sars2_3cl,coronaviral,IC50,382.5080000000001,0.30120481927710846,False,False,False,False
CPUFPRBAMCCQRH-UHFFFAOYSA-N,O=C(Nc1ccc(-n2[se]c3ccccc3c2=O)cc1)C1CC1,O=C(Nc1ccc(-n2[se]c3ccccc3c2=O)cc1)C1CC1,6.309803919971486,sars2_3cl,coronaviral,IC50,357.27100000000013,0.26153846153846155,False,False,False,False
CPZXNZDMAPZSGH-NTLASXOJSA-N,CC(=O)/C=C/C(=O)N(c1ccc(-c2ccccc2)cc1)C(C(=O)N[C@@H](C)c1ccccc1)c1cccnc1,O=C(NCc1ccccc1)C(Nc1ccc(-c2ccccc2)cc1)c1cccnc1,4.768275616671484,sars2_3cl,coronaviral,IC50,503.6020000000002,0.2571428571428571,False,False,False,False
CQBHSRLUQDYPBU-UHFFFAOYSA-N,NS(=O)(=O)c1cccc2c1C(=O)c1cccc(O)c1C2=O,O=C1c2ccccc2C(=O)c2ccccc21,5.007004901568658,sars2_3cl,coronaviral,IC50,303.295,0.21951219512195122,False,False,False,False
CQEDMQPDZCSOSS-UHFFFAOYSA-N,CCS(=O)(=O)c1nnc(-c2ccc(Cl)cc2)o1,c1ccc(-c2nnco2)cc1,6.619788758288394,sars2_3cl,coronaviral,IC50,272.713,0.2,False,False,False,False
CQJSKAGXVLXHCR-UHFFFAOYSA-N,CC(=O)OCC1Cc2c(-c3cc(Cl)ccn3)cccc2-c2c(O)ccc(-c3ccc(Br)cc3)c21,c1ccc(-c2cccc3c2CCc2c(-c4ccccn4)cccc2-3)cc1,5.292032793443628,sars2_3cl,coronaviral,IC50,534.8370000000002,0.1941747572815534,False,False,False,False
CQSQEGJIYNNZQB-OWOJBTEDSA-N,O=C(O)/C=C/c1c(Cl)c(O)c(O)c(O)c1Br,c1ccccc1,5.461426266193144,sars2_3cl,coronaviral,IC50,309.499,0.16129032258064516,False,True,False,True
CQTRENMCUBMCPU-AEQZNLLOSA-N,CC(C)(COCCCCCCOc1cccc2c1C(=O)N(C1CCC(=O)NC1=O)C2=O)NC(=O)N[C@H](C(=O)N1C[C@H]2[C@@H]([C@H]1C(=O)N[C@H](C=O)C[C@@H]1CCNC1=O)C2(C)C)C(C)(C)C,O=C1CCC(N2C(=O)c3cccc(OCCCCCCOCCNC(=O)NCC(=O)N4CC5CC5C4C(=O)NCCC4CCNC4=O)c3C2=O)C(=O)N1,7.455931955649724,sars2_3cl,coronaviral,IC50,878.0369999999997,0.17886178861788618,False,False,False,False
CRBDQYOAPUVIFG-DYESRHJHSA-N,C[C@@H](NC(=O)C1CCC(F)(F)CC1)C(=O)N[C@H](Cc1ccccc1)C(=O)C(=O)NCc1ccccn1,O=C(CNC(=O)C1CCCCC1)NC(Cc1ccccc1)C(=O)C(=O)NCc1ccccn1,7.795880017344075,sars2_3cl,coronaviral,IC50,500.5460000000002,0.2268041237113402,False,False,False,False
CRBDQYOAPUVIFG-LAUBAEHRSA-N,C[C@H](NC(=O)C1CCC(F)(F)CC1)C(=O)N[C@H](Cc1ccccc1)C(=O)C(=O)NCc1ccccn1,O=C(CNC(=O)C1CCCCC1)NC(Cc1ccccc1)C(=O)C(=O)NCc1ccccn1,7.1791420105603,sars2_3cl,coronaviral,IC50,500.5460000000002,0.2268041237113402,False,False,False,False
CRMVLABSVOGPHX-UHFFFAOYSA-N,CC1(C)C2CN(C(=O)C3CN(c4ccc(Cl)c(Cl)c4)CCN3C(=O)c3cc(=O)[nH]c4ccccc34)CC21,O=C(C1CN(c2ccccc2)CCN1C(=O)c1cc(=O)[nH]c2ccccc12)N1CC2CC2C1,5.345823458122039,sars2_3cl,coronaviral,IC50,539.4630000000002,0.23529411764705882,False,False,False,False
CRMVRCNTYGUGPI-UHFFFAOYSA-N,OC1CCN(C(=S)SSc2ccc(C(F)(F)F)cc2)CC1,S=C(SSc1ccccc1)N1CCCCC1,6.853871964321762,sars2_3cl,coronaviral,IC50,353.4560000000001,0.3064516129032258,False,False,False,False
CSPJPLIQFUNNNU-UHFFFAOYSA-N,O=c1c2ccccc2[se]n1-c1ccc(C(F)(F)F)cc1,O=c1c2ccccc2[se]n1-c1ccccc1,6.049878720793501,sars2_3cl,coronaviral,IC50,342.178,0.18461538461538463,False,False,False,False
CSRGTYBEJPCJDH-UHFFFAOYSA-N,COc1ccc(Cn2[se]c3ccccc3c2=O)c(OC)c1,O=c1c2ccccc2[se]n1Cc1ccccc1,6.214833977140659,sars2_3cl,coronaviral,IC50,348.26000000000016,0.3230769230769231,False,False,False,False
CTESNTDBHXHCDT-QHRBKQDCSA-N,CC(C)C[C@H](NC(=O)OC1CC2(CCN(C(=O)OC(C)(C)C)C2)C1)C(=O)N[C@H](C=O)C[C@H]1CCNC1=O,O=C(CNC(=O)OC1CC2(CCNC2)C1)NCCC1CCNC1=O,6.346787486224656,sars2_3cl,coronaviral,IC50,522.6430000000004,0.20754716981132076,False,False,False,False
CTRMCFIGTSSDGV-IWTZUJOESA-N,CC(C)C[C@H](NC(=O)OCC1CCN(C[C@H]2C[C@H]3C=C[C@@H]2C3)C1=O)C(=O)N[C@@H](C[C@@H]1CCNC1=O)C(O)S(=O)(=O)O,O=C(CNC(=O)OCC1CCN(CC2CC3C=CC2C3)C1=O)NCCC1CCNC1=O,6.259637310505756,sars2_3cl,coronaviral,IC50,598.7190000000004,0.17272727272727273,False,False,False,False
CUEGVRNFVNRCFT-YSTFHITLSA-N,CC(C)(C)[C@H](NC(=O)C(F)(F)F)C(=O)N1C[C@H]2[C@@H]([C@H]1C(=O)N[C@H](C#N)C[C@@H]1CCNC1=O)[C@]2(C)CO,O=C1NCCC1CCNC(=O)C1NCC2CC21,6.856985199745905,sars2_3cl,coronaviral,Ki,515.5330000000004,0.17307692307692307,False,False,False,False
CUEGVRNFVNRCFT-ZMGIYNICSA-N,CC(C)(C)[C@H](NC(=O)C(F)(F)F)C(=O)N1C[C@H]2[C@@H]([C@H]1C(=O)N[C@H](C#N)C[C@@H]1CCNC1=O)[C@@]2(C)CO,O=C1NCCC1CCNC(=O)C1NCC2CC21,7.036212172654444,sars2_3cl,coronaviral,Ki,515.5330000000004,0.17307692307692307,False,False,False,False
CUQHHZLDQFEPBI-UHFFFAOYSA-N,CC(=O)OCC1Cc2c(-c3ccc(Cl)cn3)cccc2-c2c(O)ccc(-c3ccc(Br)cc3)c21,c1ccc(-c2cccc3c2CCc2c(-c4ccccn4)cccc2-3)cc1,5.4784525311943035,sars2_3cl,coronaviral,IC50,534.8370000000002,0.18446601941747573,False,False,False,False
CUXWLTMPUUGHLP-VQTJNVASSA-N,CNC(=O)c1cc(Br)cc([N+](=O)[O-])c1N[C@H]1CCCC[C@H]1NC(=O)c1cncc2cc(O)ccc12,O=C(NC1CCCCC1Nc1ccccc1)c1cncc2ccccc12,3.9197343726601552,sars2_3cl,coronaviral,IC50,542.3900000000003,0.2,False,False,False,False
CVECNTVPEIMDPR-HXUWFJFHSA-N,O=C(CNC(=O)C1CCC(F)(F)CC1)N[C@H](Cc1ccc(Cl)cc1)C(=O)C(=O)NCc1ccccn1,O=C(CNC(=O)C1CCCCC1)NC(Cc1ccccc1)C(=O)C(=O)NCc1ccccn1,6.727462222624762,sars2_3cl,coronaviral,IC50,520.9640000000002,0.22105263157894736,False,False,False,False
CVVCEUBTNYCUBJ-UHFFFAOYSA-N,CCOc1ccc(C(=O)Oc2cncc(Cl)c2)cc1,O=C(Oc1cccnc1)c1ccccc1,6.482804102050025,sars2_3cl,coronaviral,IC50,277.707,0.22033898305084745,False,False,False,False
CVYNSTUALRIRLA-HSZRJFAPSA-N,CCn1ccc(-c2cc(-c3cnn(CCOC)c3)cc([C@@H](C)NC(=O)c3cc(OCCN(C)C)ccc3C)c2)n1,O=C(NCc1cc(-c2cn[nH]c2)cc(-c2cc[nH]n2)c1)c1ccccc1,7.522878745280337,sars2_3cl,coronaviral,Ki,544.7000000000003,0.23076923076923078,False,False,False,False
CVZJBSVIOIQXES-UHFFFAOYSA-N,O=C(Cn1sc2cccc(F)c2c1=O)Nc1ccccc1,O=C(Cn1sc2ccccc2c1=O)Nc1ccccc1,6.93255715722362,sars2_3cl,coronaviral,IC50,302.33,0.23076923076923078,False,False,False,False
CWAHMAWZJYIHRF-UHFFFAOYSA-N,COc1cc(C(NC2=NC(=O)C(CC(=O)Nc3ccc(C(=O)O)cc3)S2)c2c(O)[nH]c(=O)[nH]c2=O)ccc1O,O=C(CC1SC(NC(c2ccccc2)c2c[nH]c(=O)[nH]c2=O)=NC1=O)Nc1ccccc1,6.346787486224656,sars2_3cl,coronaviral,IC50,555.5250000000003,0.18,False,False,False,False
CWDLNXCPHONKBG-PYBRZXMUSA-N,CC(C)C[C@H](NC(=O)OC1CC2(C1)CN(C(=O)Cc1ccccc1)C2)C(=O)N[C@@H](C[C@H]1CCNC1=O)C(=O)C(O)S(=O)(=O)O,O=C(CNC(=O)OC1CC2(C1)CN(C(=O)Cc1ccccc1)C2)NCCC1CCNC1=O,6.585026652029182,sars2_3cl,coronaviral,IC50,636.7240000000004,0.22857142857142856,False,False,False,False
CWJVKMSUJSZDGA-MCMNCZFGSA-N,CC(C)(C)OC(=O)N[C@H](C(=O)N1[C@@H]2CC[C@@H](C2)[C@H]1C(=O)N[C@@H](C[C@@H]1CCNC1=O)C(=O)c1nc2ccccc2s1)C(C)(C)C,O=C1NCCC1CC(NC(=O)C1NC2CCC1C2)C(=O)c1nc2ccccc2s1,5.30076949711659,sars2_3cl,coronaviral,IC50,625.7920000000001,0.25961538461538464,False,False,False,False
CWPIWHLLXLLRRC-DEOSSOPVSA-N,CN(C(=O)[C@H](Cc1ccccc1)NC(=O)OCc1ccccc1)N(C#N)Cc1c(F)cc(Br)cc1F,O=C(NC(Cc1ccccc1)C(=O)NNCc1ccccc1)OCc1ccccc1,7.0915149811213505,sars2_3cl,coronaviral,IC50,557.3950000000002,0.19767441860465115,False,False,False,False
CWUNSVLEFNNGLK-QFIPXVFZSA-N,CN(C(=O)[C@H](Cc1ccccc1)NC(=O)COc1cccc(F)c1Br)N(C#N)Cc1ccc(Cl)cc1,O=C(COc1ccccc1)NC(Cc1ccccc1)C(=O)NNCc1ccccc1,5.991399828238082,sars2_3cl,coronaviral,IC50,573.8500000000001,0.20430107526881722,False,False,False,False
CWUQSFBFZRKOOX-KOUJMVCDSA-N,CC(C)(C)NC(=O)N[C@H](C(=O)N1C[C@H]2[C@@H]([C@H]1C(=O)N[C@H](C=O)C[C@@H]1CCNC1=O)C2(C)C)C(C)(C)C,O=C1NCCC1CCNC(=O)C1NCC2CC21,5.301029995663981,sars2_3cl,coronaviral,EC50,505.6600000000003,0.17346938775510204,False,False,False,False
CWUQSFBFZRKOOX-KOUJMVCDSA-N,CC(C)(C)NC(=O)N[C@H](C(=O)N1C[C@H]2[C@@H]([C@H]1C(=O)N[C@H](C=O)C[C@@H]1CCNC1=O)C2(C)C)C(C)(C)C,O=C1NCCC1CCNC(=O)C1NCC2CC21,8.031517051446064,sars2_3cl,coronaviral,IC50,505.6600000000003,0.17346938775510204,False,False,False,False
CXPAMFILYHWWOH-UHFFFAOYSA-N,CC(C)c1cccc(-c2nc3cc(O)c(O)c(O)c3c(=O)[nH]2)c1,O=c1[nH]c(-c2ccccc2)nc2ccccc12,5.11719095860756,sars2_3cl,coronaviral,IC50,312.325,0.1917808219178082,False,False,False,False
CXVGDFOBROJVGJ-GIDUJCDVSA-N,NC(=S)N/N=C/c1ccc(-c2ccc(O)c(C(=O)O)c2)o1,c1ccc(-c2ccco2)cc1,5.041436116778033,sars2_3cl,coronaviral,IC50,305.31500000000005,0.1694915254237288,False,False,False,False
CYEUKAQPQWGZPP-UIOOFZCWSA-N,O=C(CCl)N[C@@H](Cc1ccccc1)C(=O)N[C@@H](Cc1c[nH]c2ccccc12)C(=O)NCc1ccccc1,O=C(CCc1ccccc1)NC(Cc1c[nH]c2ccccc12)C(=O)NCc1ccccc1,6.136605754872907,sars2_3cl,coronaviral,IC50,517.0290000000003,0.23170731707317074,False,False,False,False
CYRDCAMECXSHES-UHFFFAOYSA-N,O=Cc1ccnc(-c2cccc3c2CC(CO)c2c(-c4ccc(Br)cc4)ccc(O)c2-3)c1,c1ccc(-c2cccc3c2CCc2c(-c4ccccn4)cccc2-3)cc1,5.7423214251308154,sars2_3cl,coronaviral,IC50,486.36500000000007,0.1744186046511628,False,False,False,False
CYRDCAMECXSHES-UHFFFAOYSA-N,O=Cc1ccnc(-c2cccc3c2CC(CO)c2c(-c4ccc(Br)cc4)ccc(O)c2-3)c1,c1ccc(-c2cccc3c2CCc2c(-c4ccccn4)cccc2-3)cc1,5.11690664142431,sars2_3cl,coronaviral,Ki,486.36500000000007,0.1744186046511628,False,False,False,False
CYRUHAHDZRPFIU-NSBVLCQTSA-N,O=C[C@H](C[C@@H]1CCNC1=O)NC(=O)[C@@H]1[C@H]2CCC[C@H]2CN1C(=O)CCc1ccc(F)c(F)c1,O=C1NCCC1CCNC(=O)C1C2CCCC2CN1C(=O)CCc1ccccc1,7.7594507517174005,sars2_3cl,coronaviral,IC50,461.50900000000024,0.2,False,False,False,False
CYTPRNIHBQBONF-DQIRPTDVSA-N,COc1cccc2cc(C(=O)N3C[C@H]4[C@@H]([C@H]3C(=O)N[C@H](C=O)C[C@@H]3CCNC3=O)C4(C)C)[nH]c12,O=C1NCCC1CCNC(=O)C1C2CC2CN1C(=O)c1cc2ccccc2[nH]1,7.356547323513812,sars2_3cl,coronaviral,IC50,466.53800000000024,0.25263157894736843,False,False,False,False
CZFNHMDDLQKLAQ-MPGHIAIKSA-N,CC(C)(C)C[C@H](NC(=O)c1cc2cccc(C(F)(F)F)c2[nH]1)C(=O)N[C@H](C#N)C[C@@H]1CCNC1=O,O=C(CNC(=O)c1cc2ccccc2[nH]1)NCCC1CCNC1=O,7.2839966563652006,sars2_3cl,coronaviral,Ki,491.51400000000024,0.20618556701030927,False,False,False,False
CZQNFNRMHSDJSB-RPWUZVMVSA-N,O=C(N[C@H]1CCC[C@H]1Nc1c(C(=O)N2CCOCC2)cc(C2CC2)cc1[N+](=O)[O-])c1cc(=O)[nH]c2ccccc12,O=C(NC1CCCC1Nc1ccc(C2CC2)cc1C(=O)N1CCOCC1)c1cc(=O)[nH]c2ccccc12,7.628932137728263,sars2_3cl,coronaviral,IC50,545.5960000000003,0.24719101123595505,False,False,False,False
CZZILQYTMHTMTC-UHFFFAOYSA-N,Nc1ccc2c(=O)n(-c3ccccc3)[se]c2c1,O=c1c2ccccc2[se]n1-c1ccccc1,6.492144128304169,sars2_3cl,coronaviral,IC50,289.1960000000001,0.2,False,False,False,False
DABXPLMLZXRFGM-HVURCESRSA-N,C[C@@H](OC(C)(C)C)[C@H](NC(=O)OCc1ccccc1)C(=O)N[C@@H](CC1CC1)C(=O)N[C@H](C=O)C[C@@H]1CCNC1=O,O=C(CNC(=O)OCc1ccccc1)NC(CC1CC1)C(=O)NCCC1CCNC1=O,7.013228265733755,sars2_3cl,coronaviral,EC50,558.6760000000003,0.21212121212121213,False,False,False,False
DABXPLMLZXRFGM-HVURCESRSA-N,C[C@@H](OC(C)(C)C)[C@H](NC(=O)OCc1ccccc1)C(=O)N[C@@H](CC1CC1)C(=O)N[C@H](C=O)C[C@@H]1CCNC1=O,O=C(CNC(=O)OCc1ccccc1)NC(CC1CC1)C(=O)NCCC1CCNC1=O,7.221848749616356,sars2_3cl,coronaviral,IC50,558.6760000000003,0.21212121212121213,False,False,False,False
DAESEQNBUAFJRE-GIFXNVAJSA-N,CC1(C)[C@H](C(=O)OCc2ccccc2)N2C(=O)[C@@H](NC(=O)COc3cccc4ccccc34)[C@H]2S1(=O)=O,O=C(COc1cccc2ccccc12)NC1C(=O)N2C(C(=O)OCc3ccccc3)CS(=O)(=O)C12,4.375717904164332,sars2_3cl,coronaviral,IC50,522.5790000000003,0.20481927710843373,False,False,False,False
DAVWSCGJIBGBHZ-IQWQSGHPSA-N,CNC(=O)C(=O)[C@H](CCC(C)(F)F)NC(=O)[C@@H]1[C@H]2CCC[C@H]2CN1C(=O)[C@@H](NC(=O)OC)C(C)(C)C,C1CC2CNCC2C1,8.060480747381382,sars2_3cl,coronaviral,IC50,516.5860000000004,0.2087912087912088,False,False,False,False
DBKURSLDNAKNLU-INIZCTEOSA-N,O=C(NCc1cccs1)[C@@H]1CN(C(=O)CCl)CCN1c1ccc(Cl)c(Cl)c1,O=C(NCc1cccs1)C1CNCCN1c1ccccc1,6.7447274948966935,sars2_3cl,coronaviral,IC50,446.78700000000015,0.2898550724637681,False,False,False,False
DBKUVNSQKRRMGW-UHFFFAOYSA-N,O=c1c2c(O)c(O)c(O)cc2nc(-c2ccccc2)n1C1CCCC1,O=c1c2ccccc2nc(-c2ccccc2)n1C1CCCC1,6.906578314837764,sars2_3cl,coronaviral,IC50,338.36300000000017,0.22666666666666666,False,False,False,False
DBMJZOMNXBSRED-OQLLNIDSSA-N,CC(C)=CCC/C(C)=C/COc1c2ccoc2cc2oc(=O)ccc12,O=c1ccc2cc3ccoc3cc2o1,5.015922966097169,sars2_3cl,coronaviral,IC50,338.4030000000001,0.1794871794871795,False,False,False,False
DBPWSSGDRRHUNT-CEGNMAFCSA-N,CC(=O)[C@@]1(O)CC[C@H]2[C@@H]3CCC4=CC(=O)CC[C@]4(C)[C@H]3CC[C@@]21C,O=C1C=C2CCC3C4CCCC4CCC3C2CC1,5.607303046740334,sars2_3cl,coronaviral,IC50,330.4680000000001,0.17567567567567569,False,False,False,False
DBRXOUCRJQVYJQ-CKNDUULBSA-N,CC1=C(CO)C(=O)O[C@@H]([C@@H](C)[C@H]2CC[C@H]3[C@@H]4C[C@H]5O[C@]56[C@@H](O)C=CC(=O)[C@]6(C)[C@H]4CC[C@]23C)C1,O=C1C=CCC(CC2CCC3C2CCC2C3CC3OC34CC=CC(=O)C24)O1,6.234132845361724,sars2_3cl,coronaviral,IC50,470.6060000000003,0.14893617021276595,False,False,False,False
DBSGFTPGMRLXJV-RBQQCVMASA-N,C[C@H](NC(=O)C(c1cccnc1)N(C(=O)c1ccco1)c1ccc(-c2ccccn2)cc1)c1ccccc1,O=C(NCc1ccccc1)C(c1cccnc1)N(C(=O)c1ccco1)c1ccc(-c2ccccn2)cc1,5.7423214251308154,sars2_3cl,coronaviral,IC50,502.5740000000002,0.23376623376623376,False,False,False,False
DBUNRZUFILGKHP-UHFFFAOYSA-N,CC(C)=CCc1c(-c2ccc(O)c3c2OC(C)(C)C=C3)oc2cc(O)cc(O)c2c1=O,O=c1cc(-c2cccc3c2OCC=C3)oc2ccccc12,4.453457336521869,sars2_3cl,coronaviral,IC50,420.4610000000002,0.14285714285714285,False,False,False,False
DCGMIMCTLFNTNS-UHFFFAOYSA-N,CCc1ccc(O)c2c1C(COC(C)=O)Cc1c(-c3ccccn3)cccc1-2,c1ccc(-c2cccc3c2CCc2ccccc2-3)nc1,4.480697150764572,sars2_3cl,coronaviral,IC50,373.452,0.2247191011235955,False,False,False,False
DCYOADKBABEMIQ-FLCVNNLFSA-N,C[C@@H]1O[C@@H](Oc2c(-c3cc(O)c(O)c(O)c3)oc3cc(O)cc(O)c3c2=O)[C@@H](O)[C@H](O)[C@H]1O,O=c1c(OC2CCCCO2)c(-c2ccccc2)oc2ccccc12,5.436518914605589,sars2_3cl,coronaviral,IC50,464.37900000000013,0.13636363636363635,False,False,False,False
DDNKJVYYJPDFOE-OWJBEEKMSA-N,COC(=O)N[C@H](C(=O)N1CCC2(CCCC2)CC1C(=O)N[C@@H](CCC(C)(F)F)C(=O)C(=O)NC1CC1)C(C)(C)C,O=C(CNC(=O)C1CC2(CCCC2)CCN1)C(=O)NC1CC1,8.130768280269024,sars2_3cl,coronaviral,IC50,570.678,0.20833333333333334,False,False,False,False
DDRIHQACJFDJDK-UHFFFAOYSA-N,CC1(C)CC(=O)C2=C(C1)Nc1cc([N+](=O)[O-])ccc1N(C(=O)CCl)C2,O=C1CCCC2=C1CNc1ccccc1N2,4.6129662987176365,sars2_3cl,coronaviral,IC50,363.80100000000016,0.18181818181818182,False,False,False,False
DEDRUGJGFIWQLF-QRTARXTBSA-N,O=C[C@H](C[C@@H]1CCNC1=O)NC(=O)[C@@H]1CC2(CC2)CN1C(=O)COc1ccc(Cl)cc1Cl,O=C1NCCC1CCNC(=O)C1CC2(CC2)CN1C(=O)COc1ccccc1,5.537602002101044,sars2_3cl,coronaviral,EC50,482.36400000000026,0.22580645161290322,False,False,False,False
DEDRUGJGFIWQLF-QRTARXTBSA-N,O=C[C@H](C[C@@H]1CCNC1=O)NC(=O)[C@@H]1CC2(CC2)CN1C(=O)COc1ccc(Cl)cc1Cl,O=C1NCCC1CCNC(=O)C1CC2(CC2)CN1C(=O)COc1ccccc1,7.4089353929735005,sars2_3cl,coronaviral,IC50,482.36400000000026,0.22580645161290322,False,False,False,False
DEQZTKGFXNUBJL-UHFFFAOYSA-N,c1ccc2sc(SNC3CCCCC3)nc2c1,c1ccc2sc(SNC3CCCCC3)nc2c1,6.113509274827518,sars2_3cl,coronaviral,IC50,264.4189999999999,0.208955223880597,False,False,False,False
DFRWJNPTXOHWGQ-FFXRMZKPSA-N,C[C@@H](OC(C)(C)C)[C@H](NC(=O)OCc1ccccc1)C(=O)N[C@@H](Cc1ccccc1)C(=O)N[C@H](C=O)C[C@@H]1CCNC1=O,O=C(CNC(=O)OCc1ccccc1)NC(Cc1ccccc1)C(=O)NCCC1CCNC1=O,6.721246399047171,sars2_3cl,coronaviral,EC50,594.7090000000001,0.2,False,False,False,False
DFRWJNPTXOHWGQ-FFXRMZKPSA-N,C[C@@H](OC(C)(C)C)[C@H](NC(=O)OCc1ccccc1)C(=O)N[C@@H](Cc1ccccc1)C(=O)N[C@H](C=O)C[C@@H]1CCNC1=O,O=C(CNC(=O)OCc1ccccc1)NC(Cc1ccccc1)C(=O)NCCC1CCNC1=O,7.327902142064282,sars2_3cl,coronaviral,IC50,594.7090000000001,0.2,False,False,False,False
DFVGZQDJMLDBKD-IHOKFDBFSA-N,CC#CC(=O)N(c1ccc(-c2ccccc2)cc1)C(C(=O)N[C@@H](C)c1ccccc1)c1cccnc1,O=C(NCc1ccccc1)C(Nc1ccc(-c2ccccc2)cc1)c1cccnc1,5.939302159646388,sars2_3cl,coronaviral,IC50,473.5760000000002,0.2608695652173913,False,False,False,False
DFVOOMGEUDYSTE-RBQQCVMASA-N,C[C@H](NC(=O)C(c1cccnc1)N(C(=O)c1ccno1)c1ccc(C2CCCCC2)cc1)c1ccccc1,O=C(NCc1ccccc1)C(c1cccnc1)N(C(=O)c1ccno1)c1ccc(C2CCCCC2)cc1,6.09151498112135,sars2_3cl,coronaviral,IC50,508.62200000000036,0.2823529411764706,False,False,False,False
DGBMYODXDXSYJO-UHFFFAOYSA-N,CCn1cc2cc(Nc3nc(=O)n(-c4cncc(Cl)c4)c(=O)n3Cc3cc(C#N)ccc3C)ccc2n1,O=c1nc(Nc2ccc3n[nH]cc3c2)n(Cc2ccccc2)c(=O)n1-c1cccnc1,6.630784142589857,sars2_3cl,coronaviral,IC50,512.9610000000002,0.1523809523809524,False,False,False,False
DGKXGAKPFBEMDN-SUNKJNBWSA-N,CC(C)C[C@H](NC(=O)OCC1CN(S(C)(=O)=O)C1)C(=O)N[C@@H](C[C@H]1CCNC1=O)C(=O)C(O)S(=O)(=O)O,O=C(CNC(=O)OCC1CNC1)NCCC1CCNC1=O,5.392544976785331,sars2_3cl,coronaviral,IC50,570.6430000000004,0.19387755102040816,False,False,False,False
DGUMLLVQDSVGSC-DJYDHGTFSA-N,CC(C)(C)[C@H](NC(=O)C(F)(F)F)C(=O)N1C[C@H]2[C@@H]([C@H]1C(=O)N1C[C@]3(CC1C#N)C(=O)Nc1ccccc13)C2(C)C,O=C(C1NCC2CC21)N1CCC2(C1)C(=O)Nc1ccccc12,6.605548319173783,sars2_3cl,coronaviral,IC50,559.5890000000002,0.1958762886597938,False,False,False,False
DGVNIEAIBBZBMO-KBCNZALWSA-N,CC(C)(C)[C@H](NC(=O)C(F)(F)F)C(=O)N1C[C@H]2[C@@H]([C@H]1C(=O)N[C@H](C#N)C[C@@H]1CCCNC1=O)C2(C)C,O=C1NCCCC1CCNC(=O)C1NCC2CC21,10.397940008672037,sars2_3cl,coronaviral,Ki,513.5610000000003,0.18556701030927836,False,False,False,False
DGVUQOIRXYABFV-QGZVFWFLSA-N,O=C(CCl)N1N=C(c2ccccc2)C[C@@H]1c1cccc2nccnc12,c1ccc(C2=NNC(c3cccc4nccnc34)C2)cc1,6.275724130399211,sars2_3cl,coronaviral,IC50,350.8090000000001,0.23684210526315788,False,False,False,False
DGZUMJXQUNLVNS-DGKSNZQVSA-N,CC(C)C[C@H](NC(=O)OCC1CC(=O)N(Cc2ccco2)C1)C(=O)N[C@@H](C[C@@H]1CCNC1=O)C(O)S(=O)(=O)O,O=C(CNC(=O)OCC1CC(=O)N(Cc2ccco2)C1)NCCC1CCNC1=O,6.251811972993799,sars2_3cl,coronaviral,IC50,572.6370000000003,0.21649484536082475,False,False,False,False
DHBIOTHYZUQBSL-OYDLWJJNSA-N,COc1cccc2[nH]c(C(=O)N[C@@H](CC(C)C)C(=O)N[C@@H](C[C@@H]3CCCNC3=O)C(=O)COC(=O)c3ccncc3)cc12,O=C(CNC(=O)c1cc2ccccc2[nH]1)NC(CC1CCCNC1=O)C(=O)COC(=O)c1ccncc1,7.482804102050026,sars2_3cl,coronaviral,IC50,591.6650000000003,0.21212121212121213,False,False,False,False
DHXRAUQHAHLJHH-MVWJYJSVSA-N,COc1cccc2[nH]c(C(=O)N3CC4(CCCC4)CC3C(=O)N[C@H](C=O)C[C@@H]3CCNC3=O)cc12,O=C1NCCC1CCNC(=O)C1CC2(CCCC2)CN1C(=O)c1cc2ccccc2[nH]1,5.823908740944319,sars2_3cl,coronaviral,IC50,480.5650000000002,0.2717391304347826,False,False,False,False
DHZBCLRVFPNENT-XXPVTVGNSA-N,CC(C)C[C@H](NC(=O)OCC1CC(=O)N(Cc2ccco2)C1)C(=O)N[C@H](C=O)C[C@@H]1CCNC1=O,O=C(CNC(=O)OCC1CC(=O)N(Cc2ccco2)C1)NCCC1CCNC1=O,6.259637310505756,sars2_3cl,coronaviral,IC50,490.55700000000024,0.22826086956521738,False,False,False,False
DIEYNIFGMNOMED-BJYRRAHNSA-N,CC(C)(C)NC(=O)C(=O)[C@H](C[C@@H]1CCNC1=O)NC(=O)[C@@H]1[C@H]2CCC[C@H]2CN1C(=O)[C@@H](NC(=O)C(F)(F)F)C1CC2(CCC2)C1,O=C1NCCC1CCNC(=O)C1C2CCCC2CN1C(=O)CC1CC2(CCC2)C1,7.113509274827518,sars2_3cl,coronaviral,IC50,639.716,0.16363636363636364,False,False,False,False
DIGLFHOHTJYEQB-UHFFFAOYSA-N,O=c1[nH]c(-c2ccc(F)c(F)c2)nc2cc(O)c(O)c(O)c12,O=c1[nH]c(-c2ccccc2)nc2ccccc12,5.566070234391535,sars2_3cl,coronaviral,IC50,306.22400000000005,0.16666666666666666,False,False,False,False
DJBJOZYEGIDUBV-XWGVYQGASA-N,CC(C)(C)OC(=O)Nc1ccn([C@@H](CC2CC2)C(=O)N[C@@H](C[C@@H]2CCNC2=O)C(=O)C(=O)NCc2ccccc2)c(=O)c1,O=C(NCc1ccccc1)C(=O)C(CC1CCNC1=O)NC(=O)C(CC1CC1)n1ccccc1=O,6.173925197299173,sars2_3cl,coronaviral,IC50,593.6810000000004,0.24509803921568626,False,False,False,False
DJLHXLUVOWEECB-UHFFFAOYSA-N,CCC(C(=O)Nc1cc(NC2COC2)ccc1C)n1cc(F)cc2nc(SCc3ccc(F)cc3)nc1-2,O=C(Cn1cccc2nc(SCc3ccccc3)nc1-2)Nc1cccc(NC2COC2)c1,6.3979400086720375,sars2_3cl,coronaviral,IC50,523.6090000000002,0.2111111111111111,False,False,False,False
DJLHXLUVOWEECB-UHFFFAOYSA-N,CCC(C(=O)Nc1cc(NC2COC2)ccc1C)n1cc(F)cc2nc(SCc3ccc(F)cc3)nc1-2,O=C(Cn1cccc2nc(SCc3ccccc3)nc1-2)Nc1cccc(NC2COC2)c1,6.3979400086720375,sars2_3cl,coronaviral,Kd,523.6090000000002,0.2111111111111111,False,False,False,False
DJZVHUQSNLBGJL-FQEVSTJZSA-N,O=C(NCc1cccs1)[C@@H]1CN(C(=O)c2cnccc2Cl)CCN1c1ccc(Cl)c(Cl)c1,O=C(NCc1cccs1)C1CN(C(=O)c2cccnc2)CCN1c1ccccc1,6.494850021680094,sars2_3cl,coronaviral,IC50,509.84600000000023,0.26506024096385544,False,False,False,False
DKECJEAQTQKSRK-FMMSGZDDSA-N,CC(C)C[C@H](NC(=O)[C@@H](NC(=O)/C=C/c1ccc(N(C)C)cc1)C(C)C)C(=O)N[C@H](C=O)C[C@@H]1CCCNC1=O,O=C(C=Cc1ccccc1)NCC(=O)NCC(=O)NCCC1CCCNC1=O,6.22767829327708,sars2_3cl,coronaviral,IC50,555.7200000000003,0.16161616161616163,False,False,False,False
DLSOILHAKCBARI-UHFFFAOYSA-N,CC(C)(C)NCc1ccccc1,c1ccccc1,6.00788851221305,sars2_3cl,coronaviral,IC50,163.264,0.22857142857142856,False,True,False,True
DLSUMJQULRJMMY-LJQANCHMSA-N,Cc1ccc(OCCN(C)C)cc1C(=O)N[C@H](C)c1cc(-c2cnn(C(F)F)c2)cc(-c2ccn(C)n2)c1,O=C(NCc1cc(-c2cn[nH]c2)cc(-c2cc[nH]n2)c1)c1ccccc1,7.045757490560675,sars2_3cl,coronaviral,IC50,522.6000000000003,0.2087912087912088,False,False,False,False
DMHYAQLYAFULCU-VXKWHMMOSA-N,C=CC[C@H](NC(=O)CCl)C(=O)N[C@@H](Cc1c[nH]c2ccccc12)C(=O)NCc1ccccc1,O=C(CCc1c[nH]c2ccccc12)NCc1ccccc1,5.764360468711919,sars2_3cl,coronaviral,IC50,466.96900000000016,0.2159090909090909,False,False,False,False
DMLSPSPKWAHPHH-SVFBPWRDSA-N,CC1(C)[C@H](C(=O)OCc2ccccc2)N2C(=O)[C@@H](NC(=O)COC3CCCCC3)[C@H]2S1(=O)=O,O=C(COC1CCCCC1)NC1C(=O)N2C(C(=O)OCc3ccccc3)CS(=O)(=O)C12,5.3872161432802645,sars2_3cl,coronaviral,IC50,478.5670000000004,0.2235294117647059,False,False,False,False
DMSIYGDOGYYDES-HXUWFJFHSA-N,Cc1ccc(OCCN(C)C)cc1C(=O)N[C@H](C)c1cc(-c2cnn(C)c2)cc(-c2cnn(CC(N)=O)c2)c1,O=C(NCc1cc(-c2cn[nH]c2)cc(-c2cn[nH]c2)c1)c1ccccc1,7.154901959985743,sars2_3cl,coronaviral,IC50,529.6450000000003,0.20238095238095238,False,False,False,False
DMSMPAJRVJJAGA-UHFFFAOYSA-N,O=c1[nH]sc2ccccc12,O=c1[nH]sc2ccccc12,6.180456064458131,sars2_3cl,coronaviral,IC50,151.18999999999997,0.19047619047619047,False,False,False,False
DNGBNUDXYXOUJG-UHFFFAOYSA-N,CC(C)Cn1c(C(=O)NCCCNC(=O)n2ccc(=O)[nH]c2=O)cc2cc(Cl)ccc21,O=C(NCCCNC(=O)n1ccc(=O)[nH]c1=O)c1cc2ccccc2[nH]1,5.795880017344075,sars2_3cl,coronaviral,IC50,445.9070000000001,0.19318181818181818,False,False,False,False
DNGGWSKNVQDVLA-UHFFFAOYSA-N,Cc1ccnc(SC(=O)c2cc3ccccc3[nH]2)n1,O=C(Sc1ncccn1)c1cc2ccccc2[nH]1,7.057495893831919,sars2_3cl,coronaviral,IC50,269.329,0.2028985507246377,False,False,False,False
DNGGWSKNVQDVLA-UHFFFAOYSA-N,Cc1ccnc(SC(=O)c2cc3ccccc3[nH]2)n1,O=C(Sc1ncccn1)c1cc2ccccc2[nH]1,7.478861916295964,sars2_3cl,coronaviral,Ki,269.329,0.2028985507246377,False,False,False,False
DNJPRWUWXCQZFI-UHFFFAOYSA-N,CCCCCCNC(=O)n1cc(Br)c(=O)[nH]c1=O,O=c1cc[nH]c(=O)[nH]1,5.130768280269024,sars2_3cl,coronaviral,IC50,318.17100000000005,0.18840579710144928,False,False,False,False
DNLWSECBHFPTDL-UHFFFAOYSA-N,O=C(NCCC1CCOCC1)C1CN(c2ccc(Cl)c(Cl)c2)CCN1C(=O)c1cc(=O)[nH]c2ccccc12,O=C(NCCC1CCOCC1)C1CN(c2ccccc2)CCN1C(=O)c1cc(=O)[nH]c2ccccc12,5.943095148663527,sars2_3cl,coronaviral,IC50,557.4780000000003,0.23333333333333334,False,False,False,False
DNUOOXQKGWPVRL-YYWHXJBOSA-N,COc1cccc2[nH]c(C(=O)N[C@@H](CC(C)C)C(=O)N[C@@H](C[C@@H]3CCCNC3=O)C(=O)COC(=O)C(C)(C)C(F)(F)F)cc12,O=C(CNC(=O)c1cc2ccccc2[nH]1)NCCC1CCCNC1=O,7.698970004336019,sars2_3cl,coronaviral,IC50,624.6570000000004,0.21495327102803738,False,False,False,False
DOEWDSDBFRHVAP-KRXBUXKQSA-N,Cc1ccc(S(=O)(=O)/C=C/C#N)cc1,c1ccccc1,6.086186147616283,sars2_3cl,coronaviral,IC50,207.25400000000002,0.18604651162790697,False,True,False,True
DOIOFQFSBFPIHY-UHFFFAOYSA-N,CC(C)Cc1nc2cc(O)c(O)c(O)c2c(=O)[nH]1,O=c1[nH]cnc2ccccc12,6.414539270491499,sars2_3cl,coronaviral,IC50,250.254,0.18840579710144928,False,False,False,False
DOJDAYNLZHPBRS-DVHLYRJSSA-N,COC(=O)N[C@H](C(=O)N1C[C@@H]2CCC[C@@H]2[C@H]1C(=O)N[C@@H](CC[C@H](C)F)C(=O)C(=O)NC1CC1)C(C)(C)C,O=C(CNC(=O)C1NCC2CCCC21)C(=O)NC1CC1,7.638272163982407,sars2_3cl,coronaviral,IC50,524.6340000000002,0.20212765957446807,False,False,False,False
DOJDAYNLZHPBRS-HIOQMPKLSA-N,COC(=O)N[C@H](C(=O)N1C[C@@H]2CCC[C@@H]2[C@H]1C(=O)N[C@@H](CC[C@@H](C)F)C(=O)C(=O)NC1CC1)C(C)(C)C,O=C(CNC(=O)C1NCC2CCCC21)C(=O)NC1CC1,7.958607314841775,sars2_3cl,coronaviral,IC50,524.6340000000002,0.20212765957446807,False,False,False,False
DOUMFZQKYFQNTF-WUTVXBCWSA-N,O=C(/C=C/c1ccc(O)c(O)c1)O[C@H](Cc1ccc(O)c(O)c1)C(=O)O,O=C(C=Cc1ccccc1)OCCc1ccccc1,5.413412695328245,sars2_3cl,coronaviral,IC50,360.3180000000001,0.1643835616438356,False,False,False,False
DPPNJVAWFLHUGI-UHFFFAOYSA-N,O=C(Oc1cncc(Cl)c1)c1ccncc1,O=C(Oc1cccnc1)c1ccncc1,6.139661993429007,sars2_3cl,coronaviral,IC50,234.64200000000002,0.2222222222222222,False,False,False,False
DPSKIDAOGUZTPG-UHFFFAOYSA-N,Cc1cc(Cn2c(Nc3cc4cn(C)nc4cc3Cl)cc(=O)n(Cc3ncn(C)n3)c2=O)c(F)cc1F,O=c1cc(Nc2ccc3n[nH]cc3c2)n(Cc2ccccc2)c(=O)n1Cc1nc[nH]n1,7.920818753952375,sars2_3cl,coronaviral,IC50,526.9350000000003,0.18681318681318682,False,False,False,False
DPWDQMVREJKZHD-UHFFFAOYSA-N,N#Cc1ccc(-c2nnc([S+]([O-])Cc3cccnc3)o2)cc1,c1ccc(-c2nnc([SH+]Cc3cccnc3)o2)cc1,6.853871964321762,sars2_3cl,coronaviral,IC50,310.338,0.19298245614035087,False,False,False,False
DPXFELONCIFRJD-UHFFFAOYSA-N,COc1cc2c(cc1Cl)nc(SC(Cc1ccco1)C(=O)N1CCOC1=O)n2Cc1ccccc1,O=C1OCCN1C(=O)C(Cc1ccco1)Sc1nc2ccccc2n1Cc1ccccc1,4.557520230935552,sars2_3cl,coronaviral,IC50,511.9870000000003,0.22826086956521738,False,False,False,False
DQABYHMQIZTQLO-KRWDZBQOSA-N,C#CC(=O)N1CCN(c2ccc(Cl)c(Cl)c2)[C@H](C(=O)NCc2cccs2)C1,O=C(NCc1cccs1)C1CNCCN1c1ccccc1,5.552841968657781,sars2_3cl,coronaviral,IC50,422.33700000000016,0.2692307692307692,False,False,False,False
DQRRSUMFACPNKT-UHFFFAOYSA-N,COc1ccc2nc(SC(Cc3ccco3)C(=O)N3CCOC3=O)n(Cc3ccccc3)c2c1,O=C1OCCN1C(=O)C(Cc1ccco1)Sc1nc2ccccc2n1Cc1ccccc1,4.268411234813262,sars2_3cl,coronaviral,IC50,477.5420000000003,0.24444444444444444,False,False,False,False
DRBZQQGAEOYYJO-ONEGZZNKSA-N,O=C(/C=C/c1c(Cl)c(O)c(O)c(O)c1Cl)c1ccc(F)cc1F,O=C(C=Cc1ccccc1)c1ccccc1,6.883060353449244,sars2_3cl,coronaviral,IC50,361.12700000000007,0.24074074074074073,False,False,False,False
DRKNDOYKIIKKGF-UHFFFAOYSA-N,Cn1ccc2ccc(C(=O)NCCCNC(=O)n3cc(F)c(=O)[nH]c3=O)cc21,O=C(NCCCNC(=O)n1ccc(=O)[nH]c1=O)c1ccc2cc[nH]c2c1,5.42021640338319,sars2_3cl,coronaviral,IC50,387.3710000000001,0.27848101265822783,False,False,False,False
DRWFTJQFNJPAAY-YQASGENESA-N,O=C(N[C@@H](CC1CC1)C(=O)N[C@@H](C[C@@H]1CCNC1=O)C(O)S(=O)(=O)O)OCc1cccc(F)c1,O=C(NC(CC1CC1)C(=O)NCCC1CCNC1=O)OCc1ccccc1,7.154901959985743,sars2_3cl,coronaviral,IC50,501.5330000000002,0.26506024096385544,False,False,False,False
DRYFIPSDNWBOCV-UHFFFAOYSA-N,O=C1NCCN1C(=O)C(Cc1ccccc1)Sc1nc2cc(Cl)ccc2n1Cc1ccccc1,O=C1NCCN1C(=O)C(Cc1ccccc1)Sc1nc2ccccc2n1Cc1ccccc1,4.52432881167557,sars2_3cl,coronaviral,IC50,491.01600000000025,0.22784810126582278,False,False,False,False
DSEBBDGBFYEDFV-UHFFFAOYSA-N,S=C(SSc1ccccc1)N1CCCC1,S=C(SSc1ccccc1)N1CCCC1,6.3979400086720375,sars2_3cl,coronaviral,IC50,255.433,0.3018867924528302,False,False,False,False
DSGQJONUGQUQMN-MOKQZDJKSA-N,CC(=O)/C=C/[C@H](CCc1ccccc1)NC(=O)[C@H](CC1CCCCC1)NC(=O)c1ccc(F)cc1,O=C(NC(CC1CCCCC1)C(=O)NCCCc1ccccc1)c1ccccc1,4.3260580013659125,sars2_3cl,coronaviral,IC50,478.60800000000035,0.3037974683544304,False,False,False,False
DSOHFKRTRWCACX-UHFFFAOYSA-N,CSc1nc2ccccc2n1C(=O)c1ccc(F)cc1,O=C(c1ccccc1)n1cnc2ccccc21,5.420108428052356,sars2_3cl,coronaviral,IC50,286.331,0.2545454545454545,False,False,False,False
DSUBFFNBYTVOGB-RTWAWAEBSA-N,CN1CCN(C(=O)c2cc(Br)cc([N+](=O)[O-])c2N[C@@H]2CCC[C@@H]2NC(=O)c2cc(=O)[nH]c3c(F)cccc23)CC1,O=C(NC1CCCC1Nc1ccccc1C(=O)N1CCNCC1)c1cc(=O)[nH]c2ccccc12,7.543633966870956,sars2_3cl,coronaviral,IC50,615.4600000000002,0.2222222222222222,False,False,False,False
DSWYJPIJMLKEKX-UHFFFAOYSA-N,CC1(C)CC(=O)C2=C(C1)Nc1cc([N+](=O)[O-])ccc1N(C(=O)CCl)C2C1CCCC1,O=C1CCCC2=C1C(C1CCCC1)Nc1ccccc1N2,5.0400051616715835,sars2_3cl,coronaviral,IC50,431.9200000000003,0.20224719101123595,False,False,False,False
DTTNEDBRSCCYES-MEFUKOJESA-N,CC(C)[C@H](NC(=O)/C=C/c1ccccc1)C(=O)N[C@H](C=O)C[C@@H]1CCCNC1=O,O=C(C=Cc1ccccc1)NCC(=O)NCCC1CCCNC1=O,5.159392120990709,sars2_3cl,coronaviral,IC50,399.4910000000002,0.21176470588235294,False,False,False,False
DULMUIKFSYXIGY-UHFFFAOYSA-N,COc1ccc(F)cc1-n1[se]c2ccccc2c1=O,O=c1c2ccccc2[se]n1-c1ccccc1,5.481242728391235,sars2_3cl,coronaviral,IC50,322.19700000000006,0.2727272727272727,False,False,False,False
DUPSGOFCMVWCKS-UHFFFAOYSA-N,N#Cc1ccc(-c2cccc3c2CC(CO)c2c(-c4ccc(Br)cc4)ccc(O)c2-3)nc1,c1ccc(-c2cccc3c2CCc2c(-c4ccccn4)cccc2-3)cc1,4.9714287473074625,sars2_3cl,coronaviral,IC50,483.365,0.1782178217821782,False,False,False,False
DUXQKCCELUKXOE-CBBZIXHGSA-N,COc1ccc(-c2cc(=O)c3c(O)c(OC)c(O[C@@H]4O[C@H](CO[C@@H]5O[C@@H](C)[C@H](O)[C@@H](O)[C@H]5O)[C@@H](O)[C@H](O)[C@H]4O)cc3o2)cc1,O=c1cc(-c2ccccc2)oc2cc(OC3CCCC(COC4CCCCO4)O3)ccc12,4.42021640338319,sars2_3cl,coronaviral,IC50,622.5760000000002,0.17391304347826086,False,False,False,False
DUXWXGQOMNHTOZ-UHFFFAOYSA-N,N#Cc1ccccc1-c1cc(-c2cccc(Cl)c2)c(=O)n(-c2cccnc2)c1,O=c1c(-c2ccccc2)cc(-c2ccccc2)cn1-c1cccnc1,5.000434511774017,sars2_3cl,coronaviral,IC50,383.8380000000001,0.20253164556962025,False,False,False,False
DVCCOMHGZJHYKJ-ZVZYQTTQSA-N,CC(C)C[C@H](NC(=O)c1cc2ccc(Cl)cc2[nH]1)C(=O)N[C@H](C#N)C[C@@H]1CCNC1=O,O=C(CNC(=O)c1cc2ccccc2[nH]1)NCCC1CCNC1=O,6.913640169325252,sars2_3cl,coronaviral,Ki,443.93500000000023,0.1956521739130435,False,False,False,False
DVFMRMSQBLLRFB-HRNNMHKYSA-N,COc1cccc2[nH]c(C(=O)N[C@@H](CC(C)C)C(=O)N[C@@H](C[C@@H]3CCCNC3=O)C(=O)COC(=O)c3c(C)cc(C)nc3C)cc12,O=C(CNC(=O)c1cc2ccccc2[nH]1)NC(CC1CCCNC1=O)C(=O)COC(=O)c1cccnc1,7.721246399047171,sars2_3cl,coronaviral,IC50,633.7460000000001,0.21153846153846154,False,False,False,False
DVGBCHDWXHKMEN-IGMYYROVSA-N,CC(C)[C@H](NC(=O)C(F)(F)F)C(=O)N1C[C@H]2[C@@H]([C@H]1C(=O)N[C@@H](C[C@@H]1CCNC1=O)C(=O)c1nc3ccccc3s1)C2(C)C,O=C1NCCC1CC(NC(=O)C1NCC2CC21)C(=O)c1nc2ccccc2s1,7.928117992693874,sars2_3cl,coronaviral,Ki,621.6820000000001,0.20952380952380953,False,False,False,False
DVHDLRUJXOVRRY-UHFFFAOYSA-N,O=c1c(O)c(-c2cc(O)c(O)c(O)c2)oc2cc(OCC3CCCC3)cc(O)c12,O=c1cc(-c2ccccc2)oc2cc(OCC3CCCC3)ccc12,5.610833915635467,sars2_3cl,coronaviral,IC50,400.38300000000027,0.19736842105263158,False,False,False,False
DVOIRUUXQXOBPL-UHFFFAOYSA-N,COc1ccc(C2C3=C(CCCC3=O)Nc3cc([N+](=O)[O-])ccc3N2C(=O)CCl)cc1,O=C1CCCC2=C1C(c1ccccc1)Nc1ccccc1N2,5.688246138944246,sars2_3cl,coronaviral,IC50,441.8710000000001,0.22727272727272727,False,False,False,False
DVORPRGGJIITEP-UHFFFAOYSA-N,CC(=O)OCC1Cc2c(-c3cc(-c4ccccc4)ccn3)cccc2-c2c(O)ccc(-c3ccc(Br)cc3)c21,c1ccc(-c2ccnc(-c3cccc4c3CCc3c(-c5ccccc5)cccc3-4)c2)cc1,5.181037096827536,sars2_3cl,coronaviral,IC50,576.4900000000002,0.20212765957446807,False,False,False,False
DVPQFYOIADKREJ-UHFFFAOYSA-N,CSc1nc2cc(F)ccc2n1C(=O)c1ccc(C)c(F)c1,O=C(c1ccccc1)n1cnc2ccccc21,7.0,sars2_3cl,coronaviral,IC50,318.34800000000007,0.2982456140350877,False,False,False,False
DVWMRBUDFBEIPF-UHFFFAOYSA-N,CCc1ccc(C(=O)n2c(SC)nc3ccccc32)cc1,O=C(c1ccccc1)n1cnc2ccccc21,5.7473636754076995,sars2_3cl,coronaviral,IC50,296.39500000000004,0.2647058823529412,False,False,False,False
DWDPTWNRDSEZQH-UHFFFAOYSA-N,CSc1ccc2c(c1)NC(=O)C(F)(F)C2=O,O=C1CC(=O)c2ccccc2N1,6.080921907623926,sars2_3cl,coronaviral,IC50,243.23399999999992,0.20967741935483872,False,False,False,False
DWJOEJDGHVXXEB-UHFFFAOYSA-N,O=C(Oc1cncc(Cl)c1)c1ccco1,O=C(Oc1cccnc1)c1ccco1,7.221848749616356,sars2_3cl,coronaviral,IC50,223.615,0.21052631578947367,False,False,False,False
DWTUDPUXXBGYRD-SFHVURJKSA-N,O=C(NCc1cccs1)[C@@H]1CN(C(=O)c2cc(=O)[nH]c(=O)[nH]2)CCN1Cc1ccc(Cl)cc1Cl,O=C(NCc1cccs1)C1CN(C(=O)c2cc(=O)[nH]c(=O)[nH]2)CCN1Cc1ccccc1,9.356547323513812,sars2_3cl,coronaviral,IC50,522.4140000000002,0.23076923076923078,False,False,False,False
DWUQOKKZLORGIB-UHFFFAOYSA-N,Nc1ccc2c(=O)n(CC(=O)Nc3ccccc3)sc2c1,O=C(Cn1sc2ccccc2c1=O)Nc1ccccc1,6.353498249968387,sars2_3cl,coronaviral,IC50,299.3550000000001,0.24528301886792453,False,False,False,False
DWXFGSGSTBCBLK-SDLYEFDCSA-N,CN1C(=O)C[C@H]2CC3(CC3)CN2C(=O)c2cncc(c2)/C=C/CCCCCNC(=O)[C@H]1Cc1ccc(Cl)cc1Cl,O=C1CC2CC3(CC3)CN2C(=O)c2cncc(c2)C=CCCCCCNC(=O)C(Cc2ccccc2)N1,8.045757490560675,sars2_3cl,coronaviral,IC50,583.5600000000003,0.1941747572815534,False,False,False,False
DWZDMMRMGGCZKB-UHFFFAOYSA-N,O=c1[nH]c(-c2ccncc2)nc2cc(O)c(O)c(O)c12,O=c1[nH]c(-c2ccncc2)nc2ccccc12,4.818442226137214,sars2_3cl,coronaviral,IC50,271.232,0.1917808219178082,False,False,False,False
DXPPEGVRWQPFID-XSLAGTTESA-N,CC(C)C[C@H](NC(=O)[C@@H](NC(=O)OC(C)(C)C)C(C)C)C(=O)N[C@H](C=O)C[C@@H]1CCNC1=O,O=C1CCCN1,9.154901959985743,sars2_3cl,coronaviral,IC50,468.59500000000025,0.2247191011235955,False,False,False,False
DYEFUKCXAQOFHX-UHFFFAOYSA-N,O=c1c2ccccc2[se]n1-c1ccccc1,O=c1c2ccccc2[se]n1-c1ccccc1,6.173925197299173,sars2_3cl,coronaviral,Ki,274.181,0.2,False,False,False,False
DYFNBXYDHVULGM-UHFFFAOYSA-N,O=c1[nH]c(C2CCCCC2)nc2cc(O)c(O)c(O)c12,O=c1[nH]c(C2CCCCC2)nc2ccccc12,5.863279432843593,sars2_3cl,coronaviral,IC50,276.29200000000003,0.22727272727272727,False,False,False,False
DYILZIVXCPNHGX-KUNJKIHDSA-N,CC1(C)[C@H](C(=O)OCc2ccc([N+](=O)[O-])cc2)C2C(=O)C(Br)(Br)[C@H]2S1(=O)=O,O=C(OCc1ccccc1)C1CS(=O)(=O)C2CC(=O)C12,6.221848749616356,sars2_3cl,coronaviral,IC50,525.171,0.18518518518518517,False,False,False,False
DZJVWZBSQHWMAS-BMRADRMJSA-N,C/N=c1\nc(-c2ccc(Cl)cc2)n(-c2ccccc2)s1,N=c1nc(-c2ccccc2)n(-c2ccccc2)s1,6.866461091629782,sars2_3cl,coronaviral,IC50,301.802,0.16363636363636364,False,False,False,False
DZWIJESAJPXJIB-CILHURLQSA-N,CC(C)C[C@H](NC(=O)OC[C@@H]1CCC(=O)N1C[C@H]1C[C@@H]2C=C[C@H]1C2)C(=O)N[C@@H](C[C@@H]1CCNC1=O)C(O)S(=O)(=O)O,O=C(CNC(=O)OCC1CCC(=O)N1CC1CC2C=CC1C2)NCCC1CCNC1=O,6.346787486224656,sars2_3cl,coronaviral,IC50,598.7190000000004,0.17307692307692307,False,False,False,False
DZYBRGUNKNPEKM-BBIVZNJYSA-N,CC1(C)[C@H](C(=O)O)N2C(=O)C(Br)(Br)[C@H]2S1(=O)=O,O=C1CC2N1CCS2(=O)=O,4.616184634019569,sars2_3cl,coronaviral,IC50,391.03700000000003,0.16417910447761194,False,False,False,False
FABLWKKWGOKHDC-REZHCTFOSA-N,[2H][C@](C(=O)N[C@@H](C)c1ccc(F)cc1)(c1cccnc1)N(C(=O)C(C)=O)c1ccc2c(c1)oc1ccccc12,O=C(NCc1ccccc1)C(Nc1ccc2c(c1)oc1ccccc12)c1cccnc1,8.09151498112135,sars2_3cl,coronaviral,IC50,510.5431017780003,0.2345679012345679,False,False,False,False
FADGCYJKHNQXQV-LVQRBCKOSA-N,CN1C(=O)C[C@H]2C[C@@H](C(F)(F)F)CN2C(=O)c2cncc(c2)/C=C/CCCCCNC(=O)[C@H]1Cc1ccc(Cl)cc1Cl,O=C1CC2CCCN2C(=O)c2cncc(c2)C=CCCCCCNC(=O)C(Cc2ccccc2)N1,7.958607314841775,sars2_3cl,coronaviral,IC50,625.5190000000002,0.20192307692307693,False,False,False,False
FAZIYUIDUNHZRG-PCTWTJKKSA-N,CC1=C(C)C(=O)O[C@@H]([C@@H](C)[C@@]2(O)CC[C@H]3[C@@H]4[C@@H]5O[C@@H]5[C@@]5(O)CC=CC(=O)[C@]5(C)[C@H]4CC[C@@]32C)C1,O=C1C=CCC(CC2CCC3C2CCC2C4C(=O)C=CCC4C4OC4C32)O1,5.7447274948966935,sars2_3cl,coronaviral,IC50,470.60600000000034,0.14444444444444443,False,False,False,False
FBDZPOPZZIODCH-DXGJXXFVSA-N,Cc1ccc(CC(=O)N[C@H](C(=O)N2C[C@H](C(F)(F)F)C[C@H]2C(=O)N[C@H](C#N)C[C@@H]2CCNC2=O)C(C)(C)C)cc1,O=C(Cc1ccccc1)NCC(=O)N1CCCC1C(=O)NCCC1CCNC1=O,8.397940008672037,sars2_3cl,coronaviral,Ki,563.6210000000003,0.22549019607843138,False,False,False,False
FBEGWWZAAAJJTM-UHFFFAOYSA-N,N#Cc1ccc(C(=O)Oc2cncc(Cl)c2)c(F)c1,O=C(Oc1cccnc1)c1ccccc1,7.327902142064282,sars2_3cl,coronaviral,IC50,276.654,0.2112676056338028,False,False,False,False
FBKNNNHAOMQEAH-UHFFFAOYSA-N,CC(=O)OCC1Cc2c(-c3ccc(Br)cn3)cccc2-c2c(O)ccc(C)c21,c1ccc(-c2cccc3c2CCc2ccccc2-3)nc1,4.732828271596986,sars2_3cl,coronaviral,IC50,438.3210000000002,0.19540229885057472,False,False,False,False
FBSKJMQYURKNSU-ZLSOWSIRSA-N,C[C@@H]1O[C@@H](O[C@@H]2[C@@H](O)[C@H](OCCc3ccc(O)c(O)c3)O[C@H](CO)[C@H]2OC(=O)/C=C/c2ccc(O)c(O)c2)[C@H](O)[C@H](O)[C@H]1O,O=C(C=Cc1ccccc1)OC1COC(OCCc2ccccc2)CC1OC1CCCCO1,5.342944147142896,sars2_3cl,coronaviral,IC50,624.5920000000004,0.13861386138613863,False,False,False,False
FBYZCSUBKCAJAK-UHFFFAOYSA-N,O=c1[nH]cc(-c2cc(-c3cc(Cl)c(F)c(OCc4ccccc4Cl)c3)c(=O)n(-c3cccnc3)c2)c(=O)[nH]1,O=c1[nH]cc(-c2cc(-c3cccc(OCc4ccccc4)c3)c(=O)n(-c3cccnc3)c2)c(=O)[nH]1,7.552841968657781,sars2_3cl,coronaviral,IC50,551.3610000000001,0.1941747572815534,False,False,False,False
FCALQYOEHVUZLN-OMCISZLKSA-N,NC(=S)N/N=C/c1ccc(-c2cccc(C(=O)O)c2Cl)o1,c1ccc(-c2ccco2)cc1,4.391580948682715,sars2_3cl,coronaviral,IC50,323.7610000000001,0.19540229885057472,False,False,False,False
FCDZYLKQOXGNEL-MPGHIAIKSA-N,CC(C)C[C@H](NC(=O)c1cc2c(OC(F)(F)F)cccc2[nH]1)C(=O)N[C@H](C#N)C[C@@H]1CCCNC1=O,O=C(CNC(=O)c1cc2ccccc2[nH]1)NCCC1CCCNC1=O,7.863279432843593,sars2_3cl,coronaviral,IC50,507.51300000000026,0.20175438596491227,False,False,False,False
FCFMTMNGFMVGGP-GOTSBHOMSA-N,CC(C)C[C@H](NC(=O)[C@H](Cc1c[nH]c2ccccc12)NC(=O)CCl)C(=O)NCc1ccccc1,O=C(CCc1c[nH]c2ccccc12)NCC(=O)NCc1ccccc1,5.07986310221877,sars2_3cl,coronaviral,IC50,483.01200000000017,0.23255813953488372,False,False,False,False
FDFFHVIIAFUKTL-DEOSSOPVSA-N,CN(C(=O)[C@H](Cc1ccccc1)NC(=O)COc1cccc(Cl)c1)N(C#N)Cc1ccc(Cl)cc1,O=C(COc1ccccc1)NC(Cc1ccccc1)C(=O)NNCc1ccccc1,5.97469413473523,sars2_3cl,coronaviral,IC50,511.4090000000002,0.23255813953488372,False,False,False,False
FDKWZOZDJIADAD-UHFFFAOYSA-N,O=C(Sc1nc2ccccc2s1)c1ccc(-c2ccccc2)o1,O=C(Sc1nc2ccccc2s1)c1ccc(-c2ccccc2)o1,6.779891911959945,sars2_3cl,coronaviral,IC50,337.42500000000007,0.1774193548387097,False,False,False,False
FDKWZOZDJIADAD-UHFFFAOYSA-N,O=C(Sc1nc2ccccc2s1)c1ccc(-c2ccccc2)o1,O=C(Sc1nc2ccccc2s1)c1ccc(-c2ccccc2)o1,6.213248577854438,sars2_3cl,coronaviral,Ki,337.42500000000007,0.1774193548387097,False,False,False,False
FDODUQVFBIGMCE-RFUJYTFVSA-N,CC(C)C[C@H](NC(=O)OC[C@@H]1CCC(=O)N1CCc1ccccc1)C(=O)N[C@@H](C[C@@H]1CCNC1=O)C(O)S(=O)(=O)O,O=C(CNC(=O)OCC1CCC(=O)N1CCc1ccccc1)NCCC1CCNC1=O,6.259637310505756,sars2_3cl,coronaviral,IC50,596.7030000000003,0.21212121212121213,False,False,False,False
FDPMNGSSFLFBSI-UHFFFAOYSA-N,O=C(Oc1cncc(Cl)c1)c1cccc2cc[nH]c12,O=C(Oc1cccnc1)c1cccc2cc[nH]c12,7.259637310505756,sars2_3cl,coronaviral,IC50,272.69100000000003,0.2,False,False,False,False
FEBBJZIRZCWBBW-UHFFFAOYSA-N,Cn1cc2cc(/N=c3\[nH]c(=O)n(Cc4cnn[nH]4)c(=O)n3Cc3cc(F)c(F)cc3F)c(Cl)cc2n1,O=c1[nH]c(=Nc2ccc3n[nH]cc3c2)n(Cc2ccccc2)c(=O)n1Cc1cnn[nH]1,7.033389013318065,sars2_3cl,coronaviral,IC50,517.8590000000003,0.15789473684210525,False,False,False,False
FEBVAUSHDQINRQ-UHFFFAOYSA-N,O=C(Cn1sc2cc(F)ccc2c1=O)Nc1ccc(Cl)cc1,O=C(Cn1sc2ccccc2c1=O)Nc1ccccc1,6.823908740944319,sars2_3cl,coronaviral,IC50,336.775,0.22972972972972974,False,False,False,False
FEQPJEVEOQQEES-UHFFFAOYSA-N,CC(=O)OCC1Cc2c(-c3ccc(C(C)=O)cn3)cccc2-c2c(O)ccc(-c3ccc(Br)cc3)c21,c1ccc(-c2cccc3c2CCc2c(-c4ccccn4)cccc2-3)cc1,5.234331445240986,sars2_3cl,coronaviral,IC50,542.4290000000002,0.18446601941747573,False,False,False,False
FERJOBBPSYQFLY-UHFFFAOYSA-N,O=c1c2ccccc2sn1-c1ccccn1,O=c1c2ccccc2sn1-c1ccccn1,6.657577319177793,sars2_3cl,coronaviral,IC50,228.276,0.22950819672131148,False,False,False,False
FFPNJVZOWXLPOB-QRJUGERDSA-N,COC(=O)N[C@H](C(=O)N1C[C@H](C(F)(F)F)C[C@H]1C(=O)N[C@H](C#N)C[C@@H]1CCCNC1=O)C(C)C,O=C1NCCCC1CCNC(=O)C1CCCN1,8.94692155651658,sars2_3cl,coronaviral,Ki,489.49500000000023,0.1919191919191919,False,False,False,False
FFTSIVFHLPBOHB-QFIPXVFZSA-N,CN(C(=O)[C@H](Cc1ccccc1)NC(=O)OCc1ccccc1)N(C#N)Cc1ccsc1,O=C(NC(Cc1ccccc1)C(=O)NNCc1ccsc1)OCc1ccccc1,6.380906669373257,sars2_3cl,coronaviral,IC50,448.5480000000001,0.2236842105263158,False,False,False,False
FFUBTEITUNMMOK-FOCLMDBBSA-N,C/N=c1\nc(-c2ccccc2)n(-c2ccccc2)s1,N=c1nc(-c2ccccc2)n(-c2ccccc2)s1,6.686132779630847,sars2_3cl,coronaviral,IC50,267.357,0.18,False,False,False,False
FFUBTEITUNMMOK-FOCLMDBBSA-N,C/N=c1\nc(-c2ccccc2)n(-c2ccccc2)s1,N=c1nc(-c2ccccc2)n(-c2ccccc2)s1,6.09799710864927,sars2_3cl,coronaviral,Kd,267.357,0.18,False,False,False,False
FFUBTEITUNMMOK-NXVVXOECSA-N,C/N=c1/nc(-c2ccccc2)n(-c2ccccc2)s1,N=c1nc(-c2ccccc2)n(-c2ccccc2)s1,6.008773924307505,sars2_3cl,coronaviral,IC50,267.357,0.18,False,False,False,False
FGBDXMNZFABBFR-WREXDLNZSA-N,CC(C)(C)C(=O)N[C@@H]1C(=O)N2C[C@H]3[C@@H]([C@H]2C(=O)N[C@H](C#N)C[C@@H]2C[C@H](NC2=O)C(=O)NCC1(C)C)C3(C)C,O=C1NC2CC1CCNC(=O)C1C3CC3CN1C(=O)CCCNC2=O,6.512861624522813,sars2_3cl,coronaviral,IC50,528.6540000000003,0.15789473684210525,False,False,False,False
FGELQLYSYCCROF-UHFFFAOYSA-N,O=C(NCc1ccc(O)c(F)c1)N1CCC(CN2CCc3ccccc32)CC1,O=C(NCc1ccccc1)N1CCC(CN2CCc3ccccc32)CC1,6.136677139879544,sars2_3cl,coronaviral,IC50,383.46700000000016,0.32432432432432434,False,False,False,False
FGTIUPCPWAYEGE-RCTKEMKKSA-N,CC(C)(C)[C@H](NC(=O)OCc1ccncc1)C(=O)N1C[C@H]2[C@@H]([C@H]1C(=O)N[C@H](C#N)C[C@@H]1CCCNC1=O)C2(C)C,O=C(NCC(=O)N1CC2CC2C1C(=O)NCCC1CCCNC1=O)OCc1ccncc1,8.10790539730952,sars2_3cl,coronaviral,Ki,552.6760000000003,0.20588235294117646,False,False,False,False
FHFPADUAPDUOHJ-UHFFFAOYSA-N,O=c1[nH]c(-c2cccc(Br)c2)nc2cc(O)c(O)c(O)c12,O=c1[nH]c(-c2ccccc2)nc2ccccc12,5.095988116402612,sars2_3cl,coronaviral,IC50,349.14000000000004,0.16176470588235295,False,False,False,False
FHIFVYKWPHPFEV-UKILVPOCSA-N,CN(C(=O)[C@H](Cc1ccccc1)NC(=O)[C@@H](NC(=O)c1cccs1)C(C)(C)C)N(C#N)Cc1ccc(Cl)cc1,O=C(CNC(=O)c1cccs1)NC(Cc1ccccc1)C(=O)NNCc1ccccc1,7.721246399047171,sars2_3cl,coronaviral,IC50,566.1270000000003,0.19767441860465115,False,False,False,False
FHIFVYKWPHPFEV-UKILVPOCSA-N,CN(C(=O)[C@H](Cc1ccccc1)NC(=O)[C@@H](NC(=O)c1cccs1)C(C)(C)C)N(C#N)Cc1ccc(Cl)cc1,O=C(CNC(=O)c1cccs1)NC(Cc1ccccc1)C(=O)NNCc1ccccc1,7.876148359032914,sars2_3cl,coronaviral,Ki,566.1270000000003,0.19767441860465115,False,False,False,False
FIKWFNMSLXSBKM-ROQCDXFCSA-N,CC(C)C[C@H](NC(=O)[C@@H](NC(=O)[C@H](C)NC(=O)OCc1ccccc1)C(C)C)C(=O)N[C@H](C#N)CCC(N)=O,c1ccccc1,5.337242168318426,sars2_3cl,coronaviral,IC50,544.6530000000002,0.21505376344086022,False,True,False,True
FIOKKXQKMFIASF-DFPMAUPISA-N,O=C[C@H](C[C@@H]1CCNC1=O)NC(=O)[C@@H]1[C@H]2CCC[C@H]2CN1C(=O)CCc1cccc(F)c1,O=C1NCCC1CCNC(=O)C1C2CCCC2CN1C(=O)CCc1ccccc1,8.119186407719209,sars2_3cl,coronaviral,IC50,443.51900000000023,0.2823529411764706,False,False,False,False
FIPAAZKBGLEFFX-RIYZIHGNSA-N,NC(=S)N/N=C/c1ccc(-c2ccccc2)o1,c1ccc(-c2ccco2)cc1,5.392544976785331,sars2_3cl,coronaviral,IC50,245.30700000000002,0.1568627450980392,False,False,False,False
FIPFNIFTFHQBDR-UHFFFAOYSA-N,O=C(c1ccc(-c2ccc(Cl)cc2)o1)C(F)(F)c1cncc(Br)c1,O=C(Cc1cccnc1)c1ccc(-c2ccccc2)o1,4.2441251443275085,sars2_3cl,coronaviral,IC50,412.617,0.1791044776119403,False,False,False,False
FIUMZUXZKZLXSW-LWAJAQLZSA-N,C[C@H](NC(=O)C(c1cccnc1)N(C(=O)c1ccco1)c1ccc([Si](C)(C)C)cc1)c1ccccc1,O=C(NCc1ccccc1)C(c1cccnc1)N(C(=O)c1ccco1)c1ccccc1,5.7055337738384075,sars2_3cl,coronaviral,IC50,497.6710000000002,0.25,False,False,False,False
FJDPRIAVXQJFHN-CVORFGCJSA-N,CC(=O)N[C@H](C(=O)N[C@H](C(=O)N[C@@H](CC(C)C)C(=O)N[C@@H](CCC(=O)N(C)C)C(=O)Cn1[nH]c(=O)c2ccccc2c1=O)C(C)O)C(C)C,O=c1[nH][nH]c(=O)c2ccccc12,4.552841968657781,sars2_3cl,coronaviral,IC50,687.7950000000003,0.18947368421052632,False,False,False,False
FJQHGHKOECGCAM-UHFFFAOYSA-N,CC1CC(=O)C2=C(C1)Nc1cc([N+](=O)[O-])ccc1N(C(=O)CCl)C2C1CCC1,O=C1CCCC2=C1C(C1CCC1)Nc1ccccc1N2,5.135488918941608,sars2_3cl,coronaviral,IC50,403.8660000000002,0.2,False,False,False,False
FJRYAEMINOCDAB-OIDVLUPKSA-N,CC(C)(C)CCC(=O)N1C[C@H]2[C@@H]([C@H]1C(=O)N[C@H](C=O)C[C@@H]1CCNC1=O)C2(C)C,O=C1NCCC1CCNC(=O)C1NCC2CC21,7.494850021680094,sars2_3cl,coronaviral,IC50,405.53900000000027,0.1797752808988764,False,False,False,False
FJUIGGAFQMBOTQ-SFHVURJKSA-N,O=C(NCc1ccco1)[C@@H]1CN(C(=O)c2cc(=O)[nH]c(=O)[nH]2)CCN1Cc1ccc(Cl)cc1Cl,O=C(NCc1ccco1)C1CN(C(=O)c2cc(=O)[nH]c(=O)[nH]2)CCN1Cc1ccccc1,9.318758762624412,sars2_3cl,coronaviral,IC50,506.34600000000023,0.23076923076923078,False,False,False,False
FJUIGGAFQMBOTQ-UHFFFAOYSA-N,O=C(NCc1ccco1)C1CN(C(=O)c2cc(=O)[nH]c(=O)[nH]2)CCN1Cc1ccc(Cl)cc1Cl,O=C(NCc1ccco1)C1CN(C(=O)c2cc(=O)[nH]c(=O)[nH]2)CCN1Cc1ccccc1,9.229147988357855,sars2_3cl,coronaviral,IC50,506.34600000000023,0.23076923076923078,False,False,False,False
FJXFLEXNSOCNTF-CMDGGOBGSA-N,CC(=O)Oc1c(Cl)c(/C=C/C(=O)c2ccc(F)cc2)c(Cl)c(OC(C)=O)c1OC(C)=O,O=C(C=Cc1ccccc1)c1ccccc1,6.6074789100680675,sars2_3cl,coronaviral,IC50,469.2480000000003,0.1896551724137931,False,False,False,False
FKZMAIDYJFRCFK-XNYGAFSLSA-N,COc1ccccc1[C@@H]1C[C@H]1COC(=O)N[C@@H](CC(C)C)C(=O)N[C@H](C=O)CC1CCNC1=O,O=C(CNC(=O)OCC1CC1c1ccccc1)NCCC1CCNC1=O,6.853871964321762,sars2_3cl,coronaviral,IC50,473.5700000000002,0.23863636363636365,False,False,False,False
FLQLIKMSUKKSEA-TUFLPTIASA-N,CC(C)C[C@H](NC(=O)OC[C@@H]1CCC(=O)N1CC1CCC(F)(F)CC1)C(=O)N[C@H](C=O)C[C@@H]1CCNC1=O,O=C(CNC(=O)OCC1CCC(=O)N1CC1CCCCC1)NCCC1CCNC1=O,6.259637310505756,sars2_3cl,coronaviral,IC50,542.6240000000004,0.17142857142857143,False,False,False,False
FLTNKKXTRWCMJC-OAHLLOKOSA-N,N#Cc1cc(C(=O)N2CCOCC2)c(N2CC[C@@H](NC(=O)c3c(F)c(=O)[nH]c4c(F)cccc34)C2)c(C(F)(F)F)c1,O=C(NC1CCN(c2ccccc2C(=O)N2CCOCC2)C1)c1cc(=O)[nH]c2ccccc12,9.318758762624412,sars2_3cl,coronaviral,EC50,575.4940000000004,0.23469387755102042,False,False,False,False
FMBPORSTYBRWAD-UHFFFAOYSA-N,CC(C)(C)c1ccc(N(C(=O)CCl)C(C(=O)NC2CCCCC2)c2cccnc2)cc1,O=C(NC1CCCCC1)C(Nc1ccccc1)c1cccnc1,6.3872161432802645,sars2_3cl,coronaviral,IC50,442.00300000000027,0.3037974683544304,False,False,False,False
FMCILOCHZOPJFK-WAHAHPIVSA-N,CC(C)(C)[C@H](NS(=O)(=O)C(F)(F)F)C(=O)N1[C@@H]2CC[C@@H](C2)[C@H]1C(=O)N[C@@H](C[C@@H]1CCNC1=O)C(=O)c1nc2ccccc2s1,O=C1NCCC1CC(NC(=O)C1NC2CCC1C2)C(=O)c1nc2ccccc2s1,6.0614802748235075,sars2_3cl,coronaviral,IC50,657.7370000000002,0.1981981981981982,False,False,False,False
FMDZMBGNKJHYLG-SVFBPWRDSA-N,CC1(C)[C@H](C(=O)OCc2cccc([N+](=O)[O-])c2)N2C(=O)[C@@H](NC(=O)COc3ccccc3)[C@H]2S1(=O)=O,O=C(COc1ccccc1)NC1C(=O)N2C(C(=O)OCc3ccccc3)CS(=O)(=O)C12,4.876148359032914,sars2_3cl,coronaviral,IC50,517.5160000000002,0.2413793103448276,False,False,False,False
FMGDNEJLMDODCY-OAQYLSRUSA-N,O=C(CNC(=O)c1ccc(Cl)c(F)c1)N[C@H](Cc1ccccc1)C(=O)C(=O)NCc1ccccn1,O=C(CNC(=O)c1ccccc1)NC(Cc1ccccc1)C(=O)C(=O)NCc1ccccn1,7.732828271596986,sars2_3cl,coronaviral,IC50,496.9260000000002,0.2602739726027397,False,False,False,False
FMGXNJCBIWEVBB-LBPRGKRZSA-N,COc1ccc2cc([C@H](C)C(=O)Sc3ncccn3)ccc2c1,O=C(Cc1ccc2ccccc2c1)Sc1ncccn1,6.2588484011482155,sars2_3cl,coronaviral,IC50,324.40500000000003,0.22972972972972974,False,False,False,False
FMGXNJCBIWEVBB-LBPRGKRZSA-N,COc1ccc2cc([C@H](C)C(=O)Sc3ncccn3)ccc2c1,O=C(Cc1ccc2ccccc2c1)Sc1ncccn1,7.6777807052660805,sars2_3cl,coronaviral,Ki,324.40500000000003,0.22972972972972974,False,False,False,False
FMPIYAZEXUXZGS-UHFFFAOYSA-N,O=C1CCCN1CN1C(=O)N(c2cncc3ccccc23)C(=O)C12CC(C1CCC1)C2,O=C1CCCN1CN1C(=O)N(c2cncc3ccccc23)C(=O)C12CC(C1CCC1)C2,5.514278573518419,sars2_3cl,coronaviral,IC50,418.49700000000036,0.24468085106382978,False,False,False,False
FMYKJLXRRQTBOR-BZSNNMDCSA-N,CCCC[C@@H](C=O)NC(=O)[C@H](CC(C)C)NC(=O)[C@H](CC(C)C)NC(C)=O,,5.06599975808587,sars2_3cl,coronaviral,IC50,383.53300000000013,0.1527777777777778,False,False,False,False
FNAQJIAJGRQINU-BMRADRMJSA-N,C/N=c1\nc(-c2ccccc2)n(-c2ccc(F)cc2)s1,N=c1nc(-c2ccccc2)n(-c2ccccc2)s1,6.906578314837764,sars2_3cl,coronaviral,IC50,285.347,0.2,False,False,False,False
FNFUNQBJZWWNMC-WQCSGOKRSA-N,CC(C)C[C@H](NC(=O)[C@@H](NC(=O)/C=C/c1ccccc1)C(C)C)C(=O)N[C@H](C=O)C[C@@H]1CCCNC1=O,O=C(C=Cc1ccccc1)NCC(=O)NCC(=O)NCCC1CCCNC1=O,6.55129368009492,sars2_3cl,coronaviral,IC50,512.6510000000003,0.1935483870967742,False,False,False,False
FNJONCBIZWZCLO-UZUQRXQVSA-N,Cc1ccc(NC(=O)[C@H]2CCCN2)cc1C(=O)N[C@H](C)c1cccc2ccccc12,O=C(NCc1cccc2ccccc12)c1cccc(NC(=O)C2CCCN2)c1,5.853871964321762,sars2_3cl,coronaviral,IC50,401.5100000000001,0.2676056338028169,False,False,False,False
FNMVXLLBGRHAGL-KKUMJFAQSA-N,CC(C)(C)C[C@H](NC(=O)CC1CC(F)(F)C1)C(=O)N[C@H](C#N)C[C@@H]1CCNC1=O,O=C(CNC(=O)CC1CCC1)NCCC1CCNC1=O,6.268411234813261,sars2_3cl,coronaviral,Ki,412.4810000000001,0.2,False,False,False,False
FNUGNBZCRZJEFX-LIXIDFRTSA-N,Cc1ccc(NC(=O)C2CNCCN2)cc1C(=O)N[C@H](C)c1cccc2ccccc12,O=C(NCc1cccc2ccccc12)c1cccc(NC(=O)C2CNCCN2)c1,5.823908740944319,sars2_3cl,coronaviral,IC50,416.5250000000001,0.2638888888888889,False,False,False,False
FOBNQZDIGLBSMH-UHFFFAOYSA-N,CC1C2=C(CCCC2=O)Nc2cc([N+](=O)[O-])ccc2N1C(=O)CCl,O=C1CCCC2=C1CNc1ccccc1N2,5.432973633840939,sars2_3cl,coronaviral,IC50,349.7740000000001,0.21428571428571427,False,False,False,False
FOCDZSKFLONADN-UHFFFAOYSA-N,CC(C)(C)NC(=O)Cn1c(-c2ccccc2)nc2cc(O)c(O)c(O)c2c1=O,O=c1[nH]c(-c2ccccc2)nc2ccccc12,6.022733787572707,sars2_3cl,coronaviral,IC50,383.40400000000017,0.21951219512195122,False,False,False,False
FOEPTYDLLXMPLJ-UHFFFAOYSA-N,O=C(O)c1ccc(-n2[se]c3ccccc3c2=O)cc1,O=c1c2ccccc2[se]n1-c1ccccc1,6.886056647693163,sars2_3cl,coronaviral,IC50,318.19000000000005,0.22,False,False,False,False
FOIMPAZRZOEHDI-STZFKDTASA-N,CC1=C(C#N)C(=O)N(CCCO)C(=O)/C1=N\Nc1ccc(Br)cc1C(=O)O,O=C1C=CC(=NNc2ccccc2)C(=O)N1,4.719194071606333,sars2_3cl,coronaviral,IC50,435.2340000000001,0.2289156626506024,False,False,False,False
FOLDBAVMYDFVHK-PDWCTOEPSA-N,CC(C)(C)[C@H](NC(=O)C(F)(F)F)C(=O)N1C[C@H](OC(F)F)C[C@H]1C(=O)N[C@H](C#N)C[C@@H]1CCNC1=O,O=C1NCCC1CCNC(=O)C1CCCN1,8.54821356447571,sars2_3cl,coronaviral,Ki,525.4750000000003,0.18691588785046728,False,False,False,False
FOMHDMJRMFEGMV-UHFFFAOYSA-N,CCC(C(=O)Nc1cc(NC2CCNC2)ccc1C)n1cc(Cl)cc2nc(SCc3ccc(F)cc3)nc1-2,O=C(Cn1cccc2nc(SCc3ccccc3)nc1-2)Nc1cccc(NC2CCNC2)c1,7.154901959985743,sars2_3cl,coronaviral,IC50,553.1070000000001,0.20833333333333334,False,False,False,False
FOMHDMJRMFEGMV-UHFFFAOYSA-N,CCC(C(=O)Nc1cc(NC2CCNC2)ccc1C)n1cc(Cl)cc2nc(SCc3ccc(F)cc3)nc1-2,O=C(Cn1cccc2nc(SCc3ccccc3)nc1-2)Nc1cccc(NC2CCNC2)c1,7.0,sars2_3cl,coronaviral,Kd,553.1070000000001,0.20833333333333334,False,False,False,False
FOTCGZPFSUWZBN-UHFFFAOYSA-N,C=CC(=O)c1ccc2ccccc2c1,c1ccc2ccccc2c1,5.906578314837764,sars2_3cl,coronaviral,IC50,182.22199999999998,0.22916666666666666,False,False,False,False
FOZLXSUKKDDCIZ-UHFFFAOYSA-N,O=C1NC2(CC(C3CCC3)C2)C(=O)N1c1cncc(F)c1,O=C1NC2(CC(C3CCC3)C2)C(=O)N1c1cccnc1,5.161150909262744,sars2_3cl,coronaviral,IC50,289.31,0.22535211267605634,False,False,False,False
FOZZLPLXHFNHET-ZDUSSCGKSA-N,Cc1c(Br)cncc1NC[C@@H](N)CC1CCCCC1,c1cncc(NCCCC2CCCCC2)c1,5.1249387366083,sars2_3cl,coronaviral,IC50,326.2820000000002,0.2125,False,False,False,False
FPKBPHYZHFUQTD-UHFFFAOYSA-N,Cc1cccc(COc2cccc(C(=O)Nc3ccc4c(c3)B(O)OC4)c2)c1,O=C(Nc1ccc2c(c1)BOC2)c1cccc(OCc2ccccc2)c1,4.223298816011589,sars2_3cl,coronaviral,IC50,373.21700000000016,0.25609756097560976,False,False,False,False
FPOLHIZQTIKNGP-PQSFEVJCSA-N,CC(C)C[C@H](NC(=O)[C@@H](NC(=O)OCc1cccc(Cl)c1)[C@@H](C)OC(C)(C)C)C(=O)N[C@H](C=O)C[C@@H]1CCNC1=O,O=C(CNC(=O)CNC(=O)OCc1ccccc1)NCCC1CCNC1=O,6.638272163982407,sars2_3cl,coronaviral,EC50,595.1370000000001,0.1782178217821782,False,False,False,False
FPOLHIZQTIKNGP-PQSFEVJCSA-N,CC(C)C[C@H](NC(=O)[C@@H](NC(=O)OCc1cccc(Cl)c1)[C@@H](C)OC(C)(C)C)C(=O)N[C@H](C=O)C[C@@H]1CCNC1=O,O=C(CNC(=O)CNC(=O)OCc1ccccc1)NCCC1CCNC1=O,6.275724130399211,sars2_3cl,coronaviral,IC50,595.1370000000001,0.1782178217821782,False,False,False,False
FPOUHYIBNRERGL-BVVYRRMQSA-N,CC(=O)N[C@H](C(=O)N[C@H](C(=O)N[C@@H](CC(C)C)C(=O)N[C@@H](CCC(=O)N(C)C)C(=O)Cn1[nH]c(=O)c2c([N+](=O)[O-])cccc2c1=O)[C@@H](C)OCc1ccccc1)C(C)C,O=C(CNC(=O)CNC(=O)CCOCc1ccccc1)Cn1[nH]c(=O)c2ccccc2c1=O,6.221848749616356,sars2_3cl,coronaviral,IC50,822.9170000000001,0.16666666666666666,False,False,False,False
FPOUHYIBNRERGL-NUSJOUCTSA-N,CC(=O)N[C@H](C(=O)N[C@H](C(=O)N[C@@H](CC(C)C)C(=O)N[C@@H](CCC(=O)N(C)C)C(=O)Cn1[nH]c(=O)c2c([N+](=O)[O-])cccc2c1=O)C(C)OCc1ccccc1)C(C)C,O=C(CNC(=O)CNC(=O)CCOCc1ccccc1)Cn1[nH]c(=O)c2ccccc2c1=O,4.154901959985743,sars2_3cl,coronaviral,IC50,822.9170000000001,0.16666666666666666,False,False,False,False
FPOXUIMVWSZAIA-KOUJMVCDSA-N,CC(C)(C)OC(=O)N[C@H](C(=O)N1C[C@H]2[C@@H]([C@H]1C(=O)N[C@H](C=O)C[C@@H]1CCNC1=O)C2(C)C)C(C)(C)C,O=C1NCCC1CCNC(=O)C1NCC2CC21,6.431798275933005,sars2_3cl,coronaviral,EC50,506.64400000000035,0.24468085106382978,False,False,False,False
FPOXUIMVWSZAIA-KOUJMVCDSA-N,CC(C)(C)OC(=O)N[C@H](C(=O)N1C[C@H]2[C@@H]([C@H]1C(=O)N[C@H](C=O)C[C@@H]1CCNC1=O)C2(C)C)C(C)(C)C,O=C1NCCC1CCNC(=O)C1NCC2CC21,7.346787486224656,sars2_3cl,coronaviral,IC50,506.64400000000035,0.24468085106382978,False,False,False,False
FPXMZZWNZPMKPB-PIJSLZJWSA-N,O=C(N[C@@H](CC1CC1)C(=O)N[C@@H](C[C@@H]1CCNC1=O)C(O)S(=O)(=O)O)OCCc1cccc(Cl)c1,O=C(NC(CC1CC1)C(=O)NCCC1CCNC1=O)OCCc1ccccc1,7.096910013008056,sars2_3cl,coronaviral,IC50,532.0150000000002,0.19,False,False,False,False
FPZAWVXEZSJIHA-DEOSSOPVSA-N,CN(C(=O)[C@H](Cc1ccccc1)NC(=O)OCc1ccccc1)N(C#N)Cc1ccc([N+](=O)[O-])cc1,O=C(NC(Cc1ccccc1)C(=O)NNCc1ccccc1)OCc1ccccc1,6.6777807052660805,sars2_3cl,coronaviral,IC50,487.5160000000002,0.2,False,False,False,False
FQIGTICRZNMJSG-UHFFFAOYSA-N,O=c1[nH]c(-c2cccc(Cl)c2)nc2cc(O)c(O)c(O)c12,O=c1[nH]c(-c2ccccc2)nc2ccccc12,5.157390760389438,sars2_3cl,coronaviral,IC50,304.689,0.16216216216216217,False,False,False,False
FQIXFZDIXAWZEH-CQSZACIVSA-N,O=C(N[C@@H]1CCN(c2c(C(=O)N3CCOCC3)cc(Br)cc2C(F)(F)F)C1)c1c(F)c(=O)[nH]c2c(F)cccc12,O=C(NC1CCN(c2ccccc2C(=O)N2CCOCC2)C1)c1cc(=O)[nH]c2ccccc12,9.366531544420413,sars2_3cl,coronaviral,EC50,629.38,0.22340425531914893,False,False,False,False
FRILUBCHGSFSSH-USUWMTIISA-N,CC(=O)N[C@H](C(=O)N1C[C@H]2[C@@H]([C@H]1C(=O)N[C@@H](C[C@@H]1CCNC1=O)C(=O)c1nc3ccccc3s1)C2(C)C)C(C)(C)C,O=C1NCCC1CC(NC(=O)C1NCC2CC21)C(=O)c1nc2ccccc2s1,8.0,sars2_3cl,coronaviral,Ki,581.7390000000001,0.21568627450980393,False,False,False,False
FSATYOSHFOATRF-UHFFFAOYSA-N,Cc1nc(C(=O)N2CCOCC2)c(C(=O)Nc2cc(Cl)ccc2Cl)[nH]1,O=C(Nc1ccccc1)c1[nH]cnc1C(=O)N1CCOCC1,5.074172425375258,sars2_3cl,coronaviral,IC50,383.235,0.2631578947368421,False,False,False,False
FSBYUWJUTJRWGZ-DOHZZZMOSA-N,CN(C)CCOc1c(Cl)cc([C@H](NC(=O)CF)C(=O)N2C[C@H]3[C@@H]([C@H]2C(=O)N[C@H](C#N)C[C@@H]2CCNC2=O)C3(C)C)cc1Cl,O=C1NCCC1CCNC(=O)C1C2CC2CN1C(=O)Cc1ccccc1,6.638272163982407,sars2_3cl,coronaviral,IC50,639.5560000000002,0.18518518518518517,False,False,False,False
FSGQFSVVMZXOLX-UHFFFAOYSA-N,O=C(O)CCn1[se]c2ccccc2c1=O,O=c1[nH][se]c2ccccc12,6.455931955649724,sars2_3cl,coronaviral,IC50,270.146,0.25,False,False,False,False
FSOOITRATZAWMN-UHFFFAOYSA-N,O=C(Cn1sc2cc(F)ccc2c1=O)Nc1ccccc1,O=C(Cn1sc2ccccc2c1=O)Nc1ccccc1,6.721246399047171,sars2_3cl,coronaviral,IC50,302.33,0.24242424242424243,False,False,False,False
FSTLDOPSKFATNS-UHFFFAOYSA-N,CC(c1ccccc1)c1nc2cc(O)c(O)c(O)c2c(=O)n1-c1ccc(Br)cc1F,O=c1c2ccccc2nc(Cc2ccccc2)n1-c1ccccc1,6.413412695328245,sars2_3cl,coronaviral,IC50,471.2820000000001,0.2,False,False,False,False
FTEKVGJOXLVZJD-UHFFFAOYSA-N,O=c1c2ccccc2[se]n1C1CCN(S(=O)(=O)c2cccnc2)CC1,O=c1c2ccccc2[se]n1C1CCN(S(=O)(=O)c2cccnc2)CC1,6.571865205971211,sars2_3cl,coronaviral,IC50,422.36800000000017,0.3148148148148148,False,False,False,False
FTIFIZZEWIBTMR-UHFFFAOYSA-N,Cc1cncc(-n2c(=O)nc(Nc3cc4cn(C)nc4cc3Cl)n(Cc3cc(F)c(F)c(F)c3)c2=O)c1,O=c1nc(Nc2ccc3n[nH]cc3c2)n(Cc2ccccc2)c(=O)n1-c1cccnc1,7.853871964321762,sars2_3cl,coronaviral,IC50,527.8940000000001,0.17204301075268819,False,False,False,False
FUERAVABEPSEEJ-JMLTWFPGSA-N,CC[C@H](C)[C@@H]1NC(=O)[C@H](CC(C)C)NC(=O)[C@@H](NC(=O)[C@H](C)N)CNC(=O)[C@H](CS(=O)(=O)O)NC(=O)/C=C/c2csc(n2)[C@H](Cc2ccc(O)cc2)NC(=O)C1=O,O=C1C=Cc2csc(n2)C(Cc2ccccc2)NC(=O)C(=O)CNC(=O)CNC(=O)CCNC(=O)CN1,5.214670164989233,sars2_3cl,coronaviral,IC50,834.9750000000001,0.16379310344827586,False,False,False,False
FUJRETZMZLTEAA-UHFFFAOYSA-N,CN(C)S(=O)(=O)Nc1ccc(-n2[se]c3ccccc3c2=O)cc1,O=c1c2ccccc2[se]n1-c1ccccc1,6.632644078973981,sars2_3cl,coronaviral,IC50,396.33000000000015,0.20754716981132076,False,False,False,False
FULHZYNGIUYGTB-UHFFFAOYSA-N,S=C(SSc1ccccc1)N1CCCCC1,S=C(SSc1ccccc1)N1CCCCC1,6.1938200260161125,sars2_3cl,coronaviral,IC50,269.46000000000004,0.32075471698113206,False,False,False,False
FUNQTIJFWWBOAO-OWOJBTEDSA-N,O=C(/C=C/c1c(Cl)c(O)c(O)c(O)c1Cl)c1c(Cl)cc(Cl)cc1Cl,O=C(C=Cc1ccccc1)c1ccccc1,6.393081474051709,sars2_3cl,coronaviral,IC50,428.4820000000002,0.16923076923076924,False,False,False,False
FVAJFXYIQQEEBS-AATRIKPKSA-N,O=C(/C=C/c1c(Cl)c(O)c(O)c(O)c1Cl)c1ccccc1F,O=C(C=Cc1ccccc1)c1ccccc1,6.625434939277235,sars2_3cl,coronaviral,IC50,343.13700000000006,0.19672131147540983,False,False,False,False
FVCVXWMNMYUZKE-GIDUJCDVSA-N,NC(=S)N/N=C/c1ccc(-c2ccc(F)nc2)o1,c1cncc(-c2ccco2)c1,5.05749589383192,sars2_3cl,coronaviral,IC50,264.285,0.15873015873015872,False,False,False,False
FVDPFHVOCAZQGP-FTJBHMTQSA-N,COc1ccc2[nH]c(=O)cc(C(=O)N[C@H]3CCC[C@H]3Nc3c(C(=O)N4CCN(C)CC4)cc(C4CC4)cc3[N+](=O)[O-])c2c1,O=C(NC1CCCC1Nc1ccc(C2CC2)cc1C(=O)N1CCNCC1)c1cc(=O)[nH]c2ccccc12,7.619788758288394,sars2_3cl,coronaviral,IC50,588.6650000000003,0.22916666666666666,False,False,False,False
FVYPKEGAAGOJPC-FLWHPDNISA-N,COc1ccc2nc(C(=O)[C@H](C[C@@H]3CCNC3=O)NC(=O)[C@@H]3[C@@H]4[C@H](CN3C(=O)[C@@H](NC(=O)C(F)(F)F)C(C)C)C4(C)C)sc2c1,O=C1NCCC1CC(NC(=O)C1NCC2CC21)C(=O)c1nc2ccccc2s1,7.187086643357144,sars2_3cl,coronaviral,Ki,651.708,0.2018348623853211,False,False,False,False
FWKSFJWEAXSYQP-UHFFFAOYSA-N,O=c1[nH]c(-c2cccc([N+](=O)[O-])c2)nc2cc(O)c(O)c(O)c12,O=c1[nH]c(-c2ccccc2)nc2ccccc12,4.951985709061946,sars2_3cl,coronaviral,IC50,315.24100000000004,0.1518987341772152,False,False,False,False
FWPJWSFUJVNZRG-XMMPIXPASA-N,Cc1ccc(OCCN(C)C)cc1C(=O)N[C@H](C)c1cc(-c2cnn(C)c2)cc(-c2cnn(CC3CCOCC3)c2)c1,O=C(NCc1cc(-c2cn[nH]c2)cc(-c2cnn(CC3CCOCC3)c2)c1)c1ccccc1,7.154901959985743,sars2_3cl,coronaviral,IC50,570.7380000000002,0.19791666666666666,False,False,False,False
FWXJZMWFCKTWBW-LNLFQRSKSA-N,CC(C)C[C@H](NC(=O)OCCSc1ccccc1)C(=O)N[C@H](C=O)C[C@@H]1CCNC1=O,O=C(CNC(=O)OCCSc1ccccc1)NCCC1CCNC1=O,6.494850021680094,sars2_3cl,coronaviral,IC50,449.5730000000002,0.22826086956521738,False,False,False,False
FXGIQTGYEVOOOM-CATZNBOOSA-N,CC(=O)/C=C/[C@H](CCc1ccccc1)NC(=O)[C@H](CC(C)C)NC(=O)OCc1ccc([N+](=O)[O-])cc1,O=C(CNC(=O)OCc1ccccc1)NCCCc1ccccc1,3.803409894732573,sars2_3cl,coronaviral,IC50,495.5760000000003,0.21505376344086022,False,False,False,False
FXHORQMDGKYJLY-JBACZVJFSA-N,O=C[C@H](C[C@@H]1CCNC1=O)NC(=O)[C@H](CC1CCCCC1)NC(=O)OCc1cccc(Cl)c1,O=C(NC(CC1CCCCC1)C(=O)NCCC1CCNC1=O)OCc1ccccc1,6.229147988357855,sars2_3cl,coronaviral,EC50,477.98900000000026,0.20833333333333334,False,False,False,False
FXHORQMDGKYJLY-JBACZVJFSA-N,O=C[C@H](C[C@@H]1CCNC1=O)NC(=O)[C@H](CC1CCCCC1)NC(=O)OCc1cccc(Cl)c1,O=C(NC(CC1CCCCC1)C(=O)NCCC1CCNC1=O)OCc1ccccc1,6.958607314841775,sars2_3cl,coronaviral,IC50,477.98900000000026,0.20833333333333334,False,False,False,False
FXNFHKRTJBSTCS-UHFFFAOYSA-N,O=c1cc(-c2ccccc2)oc2cc(O)c(O)c(O)c12,O=c1cc(-c2ccccc2)oc2ccccc12,5.772113295386326,sars2_3cl,coronaviral,EC50,270.24,0.17142857142857143,False,False,False,False
FXNFHKRTJBSTCS-UHFFFAOYSA-N,O=c1cc(-c2ccccc2)oc2cc(O)c(O)c(O)c12,O=c1cc(-c2ccccc2)oc2ccccc12,4.939302159646388,sars2_3cl,coronaviral,Kd,270.24,0.17142857142857143,False,False,False,False
FXPVOLWQNNGFHA-UHFFFAOYSA-N,CCOC(=O)c1c(N)sc(-c2ccccc2)c1C,c1ccc(-c2cccs2)cc1,5.496209316942819,sars2_3cl,coronaviral,IC50,261.346,0.24561403508771928,False,False,False,False
FXQUFPXQPWVYSA-UHFFFAOYSA-N,O=c1[nH]c(-c2ccccc2Br)nc2cc(O)c(O)c(O)c12,O=c1[nH]c(-c2ccccc2)nc2ccccc12,6.2564902352715706,sars2_3cl,coronaviral,IC50,349.14000000000004,0.1643835616438356,False,False,False,False
FXUVWBUCJJAKCF-UHFFFAOYSA-N,CC(=O)OCC1Cc2c(-c3ccccn3)cc(C)cc2-c2c(O)ccc(C)c21,c1ccc(-c2cccc3c2CCc2ccccc2-3)nc1,4.239050048589102,sars2_3cl,coronaviral,IC50,373.45200000000017,0.25,False,False,False,False
FYEGXKYSNJHGJJ-FRKPEAEDSA-N,NC(=O)c1ccc(-c2ccc(/C=N/NC(N)=S)o2)cc1,c1ccc(-c2ccco2)cc1,5.3979400086720375,sars2_3cl,coronaviral,IC50,288.332,0.2,False,False,False,False
FYZXMSKAGFYULU-UHFFFAOYSA-N,CC1=C(c2ccccc2)C1C(=O)NCc1nc(-c2ccccc2)no1,O=C(NCc1nc(-c2ccccc2)no1)C1C=C1c1ccccc1,4.098977826751921,sars2_3cl,coronaviral,IC50,331.375,0.2647058823529412,False,False,False,False
FZFIFKSMUPPYBR-BKKFENPESA-N,C=CC(=O)N[C@H](CC(=C)C)C(=O)N1C[C@@H](C(=O)N[C@H](Cc2ccccc2)C(=O)NC)[C@H](c2cccc(C(F)(F)F)c2)C1,O=C(NCCc1ccccc1)C1CNCC1c1ccccc1,5.698970004336019,sars2_3cl,coronaviral,IC50,584.6390000000002,0.22330097087378642,False,False,False,False
FZKBNCDAGYDHTP-PRPRGGMHSA-N,O=c1c(OC[C@H]2O[C@@H](O)[C@H](O)[C@@H](O)[C@H]2O)c(-c2ccc(O)c(O)c2)oc2cc(O)cc(O)c12,O=c1c(OCC2CCCCO2)c(-c2ccccc2)oc2ccccc12,4.368657713516067,sars2_3cl,coronaviral,IC50,464.37900000000025,0.14705882352941177,False,False,False,False
FZNWILPXXNKETO-YADHBBJMSA-N,CN1CCN(C(=O)c2cc(Br)cc([N+](=O)[O-])c2N[C@@H]2CCCC[C@@H]2NC(=O)c2cc(=O)[nH]c3c(F)cccc23)CC1,O=C(NC1CCCCC1Nc1ccccc1C(=O)N1CCNCC1)c1cc(=O)[nH]c2ccccc12,7.675717544702307,sars2_3cl,coronaviral,IC50,629.4870000000002,0.2222222222222222,False,False,False,False
FZNWILPXXNKETO-YADHBBJMSA-N,CN1CCN(C(=O)c2cc(Br)cc([N+](=O)[O-])c2N[C@@H]2CCCC[C@@H]2NC(=O)c2cc(=O)[nH]c3c(F)cccc23)CC1,O=C(NC1CCCCC1Nc1ccccc1C(=O)N1CCNCC1)c1cc(=O)[nH]c2ccccc12,7.735182176990463,sars2_3cl,coronaviral,Kd,629.4870000000002,0.2222222222222222,False,False,False,False
FZPIZTYHLRGZPR-UHFFFAOYSA-N,Cc1cc(-n2c(CC(C)C)nc3cc(O)c(O)c(O)c3c2=O)ccc1F,O=c1c2ccccc2ncn1-c1ccccc1,7.0,sars2_3cl,coronaviral,IC50,358.3690000000001,0.1791044776119403,False,False,False,False
FZROVKDRBUVJGC-UHFFFAOYSA-N,C=C(CC)C(=O)c1ccc(OCC(=O)NC(=O)OC(C)(C)C)c(Cl)c1Cl,c1ccccc1,5.494850021680094,sars2_3cl,coronaviral,Ki,402.2740000000001,0.20987654320987653,False,True,False,True
FZWHGGCBRSVEIV-STUWAZFESA-N,CC(C)O[C@@H]1C[C@@H]2CC(=O)N(C)[C@H](Cc3ccc(Cl)cc3Cl)C(=O)NCCCCC/C=C/c3cncc(c3)C(=O)N2C1,O=C1CC2CCCN2C(=O)c2cncc(c2)C=CCCCCCNC(=O)C(Cc2ccccc2)N1,8.0,sars2_3cl,coronaviral,IC50,615.6020000000001,0.20952380952380953,False,False,False,False
GACCXUQYGGYVOX-SANMLTNESA-N,CN1C(=O)[C@H](Cc2ccccc2)N(C(=O)COc2ccc(Cl)cc2Cl)CCCCOc2ccc(F)cc2CN1C#N,O=C1NNCc2ccccc2OCCCCN(C(=O)COc2ccccc2)C1Cc1ccccc1,7.376750709602099,sars2_3cl,coronaviral,IC50,599.4900000000001,0.23232323232323232,False,False,False,False
GBDINYMFZAJQLC-HXUWFJFHSA-N,Cc1ccc(OCCN(C)C)cc1C(=O)N[C@H](C)c1cc(-c2cnn(CCO)c2)cc(-c2cnn(C(F)F)c2)c1,O=C(NCc1cc(-c2cn[nH]c2)cc(-c2cn[nH]c2)c1)c1ccccc1,7.045757490560675,sars2_3cl,coronaviral,IC50,552.6260000000003,0.1978021978021978,False,False,False,False
GBFDUEHBZPUKMB-VIZOYTHASA-N,NC(=S)N/N=C/c1ccc(-c2ccc(C(=O)O)cc2)o1,c1ccc(-c2ccco2)cc1,4.756218083906205,sars2_3cl,coronaviral,IC50,289.31600000000003,0.1774193548387097,False,False,False,False
GBIKCOGWNDAHSK-UHFFFAOYSA-N,Cn1cc(COc2cc(Cl)cc(-n3cc(-c4ccc[nH]c4=O)c(=O)n(-c4cccnc4)c3=O)c2)c(C(F)(F)F)n1,O=c1[nH]cccc1-c1cn(-c2cccc(OCc3cn[nH]c3)c2)c(=O)n(-c2cccnc2)c1=O,8.221848749616356,sars2_3cl,coronaviral,IC50,570.9150000000003,0.18181818181818182,False,False,False,False
GBJVAVGBSGRRKN-JYEBCORGSA-N,COC(=O)CC[C@H](NC(=O)[C@H](CC(=O)OC)NC(=O)OCc1ccccc1)C(=O)N[C@H](C(=O)N[C@@H](CC(=O)OC)C(=O)CF)C(C)C,c1ccccc1,8.0,sars2_3cl,coronaviral,IC50,668.6720000000001,0.2,False,True,False,True
GBNWEPOLUKMFKD-UHFFFAOYSA-N,CSc1nc2cc(F)ccc2n1C(=O)c1ccc(C)cc1,O=C(c1ccccc1)n1cnc2ccccc21,6.569320925844653,sars2_3cl,coronaviral,IC50,300.35800000000006,0.3090909090909091,False,False,False,False
GBYNZTPAERUJGY-UHFFFAOYSA-N,COc1ccc(-c2nc(N)n(C)c2SSc2c(-c3ccc(OC)cc3)nc(N)n2C)cc1,c1ccc(-c2nc[nH]c2SSc2[nH]cnc2-c2ccccc2)cc1,7.522878745280337,sars2_3cl,coronaviral,IC50,468.60800000000023,0.18181818181818182,False,False,False,False
GBYWNEDACZHSNS-UHFFFAOYSA-N,CCc1nc2ccccc2n1C(=O)c1ccc(C)cc1,O=C(c1ccccc1)n1cnc2ccccc21,5.181879497248866,sars2_3cl,coronaviral,IC50,264.328,0.296875,False,False,False,False
GCESRYMIZNLSQH-JTLWTYSLSA-N,CN(C)c1ccc(/C=C/C(=O)N2C[C@@H]3CCC[C@@H]3[C@H]2C(=O)N[C@H](C=O)C[C@@H]2CCNC2=O)cc1,O=C1NCCC1CCNC(=O)C1C2CCCC2CN1C(=O)C=Cc1ccccc1,6.425968732272281,sars2_3cl,coronaviral,IC50,466.58200000000016,0.1958762886597938,False,False,False,False
GCHPUOHXXCNSQL-UHFFFAOYSA-N,O=C1C=CC(=O)C2=C1C1c3ccccc3C2c2ccccc21,O=C1C=CC(=O)C2=C1C1c3ccccc3C2c2ccccc21,6.619788758288394,sars2_3cl,coronaviral,IC50,284.314,0.22916666666666666,False,False,False,False
GCSYOVFGSFLQPJ-GPQRCWSYSA-N,CNC(=O)[C@@H](Cc1ccc(Cl)cc1)N1CCCCCC/C=C/c2cncc(c2)C(=O)N2c3ccccc3C[C@@H]2CC1=O,O=C1CC2Cc3ccccc3N2C(=O)c2cncc(c2)C=CCCCCCCN1CCc1ccccc1,7.721246399047171,sars2_3cl,coronaviral,IC50,585.1480000000001,0.23711340206185566,False,False,False,False
GCXIVGGMUYOXHF-AVJYQCBHSA-N,CNC(=O)[C@@H](Cc1cccc(F)c1)NC(=O)C1CN(C(=O)c2cncc3cccc(O)c23)CCN1Cc1ccc(Cl)cc1Cl,O=C(NCCc1ccccc1)C1CN(C(=O)c2cncc3ccccc23)CCN1Cc1ccccc1,3.7822529267372067,sars2_3cl,coronaviral,IC50,638.5270000000003,0.2631578947368421,False,False,False,False
GDBQQVLCIARPGH-GVDBMIGSSA-N,CC(=O)N[C@H](CC(C)C)C(=O)N[C@H](CC(C)C)C(=O)N[C@H](C=O)CCCN=C(N)N,,3.8955128886876054,sars2_3cl,coronaviral,IC50,426.5620000000002,0.17333333333333334,False,False,False,False
GDKLDALGJZVEKT-MCUUEWDYSA-N,CC(C)(C)[C@H](NC(=O)C(F)(F)F)C(=O)N1C[C@H]2[C@@H]([C@H]1C(=S)N[C@@H](C[C@@H]1CCNC1=O)C(=O)c1nc3c(F)cccc3s1)C2(C)C,O=C1NCCC1CC(NC(=S)C1NCC2CC21)C(=O)c1nc2ccccc2s1,7.055517327849831,sars2_3cl,coronaviral,IC50,669.7670000000002,0.17857142857142858,False,False,False,False
GDYUVHBMFVMBAF-LIRRHRJNSA-N,COc1cccc(C(=O)CCN[C@@H](C)[C@H](O)c2ccccc2)c1,O=C(CCNCCc1ccccc1)c1ccccc1,5.628932137728263,sars2_3cl,coronaviral,IC50,313.397,0.2638888888888889,False,False,False,False
GELYEKCYUJJOCW-IHRRRGAJSA-N,Cc1c(C(=O)N[C@@H](CC(C)(C)C)C(=O)N[C@H](C#N)C[C@@H]2CCNC2=O)sc2ncc(C(F)(F)F)n12,O=C(CNC(=O)c1cn2ccnc2s1)NCCC1CCNC1=O,7.080921907623926,sars2_3cl,coronaviral,Ki,512.5580000000002,0.21,False,False,False,False
GENGUEDJBFWVHC-QCDGIRBSSA-N,CC1(C)[C@@H]2[C@@H](C(=O)N[C@H](C=O)C[C@@H]3CCNC3=O)N(C(=O)c3cc4c(C#N)cccc4[nH]3)C[C@@H]21,O=C1NCCC1CCNC(=O)C1C2CC2CN1C(=O)c1cc2ccccc2[nH]1,7.585026652029182,sars2_3cl,coronaviral,IC50,461.52200000000016,0.22448979591836735,False,False,False,False
GEVFTECNTUDPCN-UHFFFAOYSA-N,O=c1c2cnccc2sn1-c1ccccc1,O=c1c2cnccc2sn1-c1ccccc1,6.318758762624412,sars2_3cl,coronaviral,IC50,228.276,0.21739130434782608,False,False,False,False
GFFDXVFTCWPFEI-VULFUBBASA-N,CC1(C)C=Cc2c(ccc3cc(C(=O)N/N=C/c4ccnc5ccccc45)oc23)O1,O=C(NN=Cc1ccnc2ccccc12)c1cc2ccc3c(c2o1)C=CCO3,3.889410289700751,sars2_3cl,coronaviral,IC50,397.43400000000014,0.21839080459770116,False,False,False,False
GFGSIZXQCLBEKC-IRHFHBJPSA-N,CC[C@H](C)[C@H](NC(=O)/C=C/c1ccccc1)C(=O)N[C@@H](CC(C)C)C(=O)N[C@H](C=O)C[C@@H]1CCCNC1=O,O=C(C=Cc1ccccc1)NCC(=O)NCC(=O)NCCC1CCCNC1=O,6.447331783887806,sars2_3cl,coronaviral,IC50,526.6780000000003,0.1875,False,False,False,False
GFRZOFHSXMOTAM-UHFFFAOYSA-N,Cn1cnc(Cn2c(=O)nc(Nc3cc4cn(C)nc4cc3Cl)n(Cc3cc(Cl)c(F)c(Cl)c3)c2=O)n1,O=c1nc(Nc2ccc3n[nH]cc3c2)n(Cc2ccccc2)c(=O)n1Cc1nc[nH]n1,8.301029995663981,sars2_3cl,coronaviral,IC50,564.7960000000002,0.19540229885057472,False,False,False,False
GGHIAEYQUVFTGR-UHFFFAOYSA-N,CC(C)(C)c1ccc2c(c1)nc(SC(Cc1ccccc1)C(=O)N1CCOC1=O)n2Cc1ccccc1,O=C1OCCN1C(=O)C(Cc1ccccc1)Sc1nc2ccccc2n1Cc1ccccc1,4.530177984021837,sars2_3cl,coronaviral,IC50,513.6630000000004,0.21348314606741572,False,False,False,False
GGHXVXWUFMMXIW-QHCPKHFHSA-N,CN(C(=O)[C@H](Cc1ccccc1)NC(=O)COc1ccc(Cl)cc1Cl)N(C#N)Cc1ccc(Cl)cc1,O=C(COc1ccccc1)NC(Cc1ccccc1)C(=O)NNCc1ccccc1,5.739928612014925,sars2_3cl,coronaviral,IC50,545.8540000000003,0.23255813953488372,False,False,False,False
GGPZRFLFVXMBEZ-OLNFMSBVSA-N,CC(C)C[C@H](NC(=O)OCC1CCN(Cc2cccc(C(F)(F)F)c2)C1=O)C(=O)N[C@@H](C[C@@H]1CCNC1=O)C(O)S(=O)(=O)O,O=C(CNC(=O)OCC1CCN(Cc2ccccc2)C1=O)NCCC1CCNC1=O,6.055517327849831,sars2_3cl,coronaviral,IC50,650.6730000000003,0.22549019607843138,False,False,False,False
GGWRJHXEGWXFBK-UHFFFAOYSA-N,O=C(NCC1CCC1)C1CN(c2ccc(Cl)c(Cl)c2)CCN1C(=O)c1cc(=O)[nH]c2ccccc12,O=C(NCC1CCC1)C1CN(c2ccccc2)CCN1C(=O)c1cc(=O)[nH]c2ccccc12,6.522878745280337,sars2_3cl,coronaviral,IC50,513.4250000000003,0.25882352941176473,False,False,False,False
GGZHVNZHFYCSEV-UHFFFAOYSA-N,Sc1nnnn1-c1ccccc1,c1ccc(-n2cnnn2)cc1,5.627087997029893,sars2_3cl,coronaviral,IC50,178.22000000000003,0.15217391304347827,False,False,False,False
GGZZVGXWOXFANO-FBUBALKHSA-N,CC(C)C[C@H](NC(=O)OC1CCC2(C1)CN(C(=O)OC(C)(C)C)C2)C(=O)N[C@H](C=O)C[C@H]1CCNC1=O,O=C(CNC(=O)OC1CCC2(CNC2)C1)NCCC1CCNC1=O,5.903089986991944,sars2_3cl,coronaviral,IC50,522.6430000000003,0.19811320754716982,False,False,False,False
GHBWVWMKFOCWLG-UHFFFAOYSA-N,N#Cc1ccccc1-c1cc(-c2cc(Cl)cc(OCCC(F)(F)F)c2)c(=O)n(-c2cccnc2)c1,O=c1c(-c2ccccc2)cc(-c2ccccc2)cn1-c1cccnc1,6.920818753952375,sars2_3cl,coronaviral,IC50,495.88800000000015,0.18478260869565216,False,False,False,False
GHDNVUNNIQRIPL-MRXNPFEDSA-N,Cc1ccc(NC(=O)C2(N)CC2)cc1C(=O)N[C@H](C)c1cccc2ccccc12,O=C(NCc1cccc2ccccc12)c1cccc(NC(=O)C2CC2)c1,5.42021640338319,sars2_3cl,coronaviral,IC50,387.4830000000001,0.3076923076923077,False,False,False,False
GHDYRHSJOHGBSB-UHFFFAOYSA-N,N#CSCC(=O)N1c2ccccc2Sc2ccc(C#N)cc21,c1ccc2c(c1)Nc1ccccc1S2,6.492144128304169,sars2_3cl,coronaviral,IC50,323.4020000000001,0.22535211267605634,False,False,False,False
GHDYRHSJOHGBSB-UHFFFAOYSA-N,N#CSCC(=O)N1c2ccccc2Sc2ccc(C#N)cc21,c1ccc2c(c1)Nc1ccccc1S2,4.743041847439068,sars2_3cl,coronaviral,Ki,323.4020000000001,0.22535211267605634,False,False,False,False
GHQJDYHRUPGTGN-UHFFFAOYSA-N,O=c1c2ccccc2[se]n1-c1ccc(Br)cc1,O=c1c2ccccc2[se]n1-c1ccccc1,5.556760370740626,sars2_3cl,coronaviral,IC50,353.077,0.1875,False,False,False,False
GHUDHIUTQRFWGW-UHFFFAOYSA-N,O=C(Nc1ccc2c(c1)B(O)OC2)c1cccc(OCc2ccccc2)c1,O=C(Nc1ccc2c(c1)BOC2)c1cccc(OCc2ccccc2)c1,5.214670164989233,sars2_3cl,coronaviral,IC50,359.19000000000005,0.2318840579710145,False,False,False,False
GHUDHIUTQRFWGW-UHFFFAOYSA-N,O=C(Nc1ccc2c(c1)B(O)OC2)c1cccc(OCc2ccccc2)c1,O=C(Nc1ccc2c(c1)BOC2)c1cccc(OCc2ccccc2)c1,5.207608310501746,sars2_3cl,coronaviral,Ki,359.19000000000005,0.2318840579710145,False,False,False,False
GIDGGKAOSWHHHS-RTWAWAEBSA-N,O=C(N[C@H]1CCC[C@H]1Nc1c(C(=O)N2CCOCC2)cc(Br)cc1[N+](=O)[O-])c1cc(=O)[nH]c2ccccc12,O=C(NC1CCCC1Nc1ccccc1C(=O)N1CCOCC1)c1cc(=O)[nH]c2ccccc12,7.679853713888946,sars2_3cl,coronaviral,IC50,584.4270000000001,0.25,False,False,False,False
GIPLQLQEWXCSIX-UHFFFAOYSA-N,CCOc1cccc(C(=O)c2ccc(O)c(O)c2O)c1,O=C(c1ccccc1)c1ccccc1,4.97469413473523,sars2_3cl,coronaviral,IC50,274.272,0.2537313432835821,False,False,False,False
GJCBTWHGKCNYAB-UHFFFAOYSA-N,CCCOc1cc(Cl)cc(-c2cc(-c3c[nH]c(=O)[nH]c3=O)cn(-c3cccnc3)c2=O)c1,O=c1[nH]cc(-c2cc(-c3ccccc3)c(=O)n(-c3cccnc3)c2)c(=O)[nH]1,6.920818753952375,sars2_3cl,coronaviral,IC50,450.8820000000002,0.18,False,False,False,False
GJLMLKMKSRQJFM-OJVLPVFSSA-N,COc1ccc([C@@H]2C[C@H]2COC(=O)N[C@@H](CC(C)C)C(=O)N[C@@H](C[C@H]2CCNC2=O)[C@@H](O)S(=O)(=O)O)cc1,O=C(CNC(=O)OCC1CC1c1ccccc1)NCCC1CCNC1=O,6.769551078621726,sars2_3cl,coronaviral,IC50,555.6500000000003,0.17708333333333334,False,False,False,False
GJOOPPJNXSQMMK-BMBPZZTMSA-N,CCCC[C@H](NC(=O)/C=C/c1ccccc1)C(=O)N[C@H](C=O)C[C@@H]1CCNC1=O,O=C(C=Cc1ccccc1)NCC(=O)NCCC1CCNC1=O,6.428291168191312,sars2_3cl,coronaviral,IC50,399.49100000000016,0.2111111111111111,False,False,False,False
GJTAZCXCGFHKCN-IHRRRGAJSA-N,CC(C)C[C@H](NC(=O)c1cc(C(C)(C)F)on1)C(=O)N[C@@H](C[C@@H]1CCNC1=O)C(=O)COC(F)(F)F,O=C(CNC(=O)c1ccon1)NCCC1CCNC1=O,7.458420756053419,sars2_3cl,coronaviral,IC50,522.4960000000003,0.18181818181818182,False,False,False,False
GJXIMBCSVYGDQH-JHOBJCJYSA-N,C[C@H](NC(=O)[C@H](c1cccnc1)N(C(=O)C#CCCl)c1ccc(-c2ccccc2)cc1)c1ccccc1,O=C(NCc1ccccc1)C(Nc1ccc(-c2ccccc2)cc1)c1cccnc1,5.954677021213342,sars2_3cl,coronaviral,IC50,508.02100000000013,0.2465753424657534,False,False,False,False
GJXIMBCSVYGDQH-YUDQIZAISA-N,C[C@H](NC(=O)[C@@H](c1cccnc1)N(C(=O)C#CCCl)c1ccc(-c2ccccc2)cc1)c1ccccc1,O=C(NCc1ccccc1)C(Nc1ccc(-c2ccccc2)cc1)c1cccnc1,7.3979400086720375,sars2_3cl,coronaviral,IC50,508.02100000000013,0.2465753424657534,False,False,False,False
GJXIMBCSVYGDQH-YUDQIZAISA-N,C[C@H](NC(=O)[C@@H](c1cccnc1)N(C(=O)C#CCCl)c1ccc(-c2ccccc2)cc1)c1ccccc1,O=C(NCc1ccccc1)C(Nc1ccc(-c2ccccc2)cc1)c1cccnc1,7.2659205927194055,sars2_3cl,coronaviral,Ki,508.02100000000013,0.2465753424657534,False,False,False,False
GKBALTXXKFZZQJ-UHFFFAOYSA-N,COc1cccc(NC(=O)Cn2sc3cc(F)ccc3c2=O)c1,O=C(Cn1sc2ccccc2c1=O)Nc1ccccc1,6.823908740944319,sars2_3cl,coronaviral,IC50,332.35600000000005,0.34782608695652173,False,False,False,False
GKBJVGPLGOBPLT-UHFFFAOYSA-N,O=C1OCCN1C(=O)C(Cc1ccco1)Sc1nc2cc(Cl)c(Cl)cc2n1Cc1ccccc1,O=C1OCCN1C(=O)C(Cc1ccco1)Sc1nc2ccccc2n1Cc1ccccc1,4.511449283499556,sars2_3cl,coronaviral,IC50,516.4060000000003,0.20833333333333334,False,False,False,False
GKCFZTYMNYHLOJ-YVPXXBPTSA-N,CC(C)(C)NC(=O)N[C@H](C(=O)N1C[C@H]2[C@@H]([C@H]1C(=O)N[C@@H](C[C@@H]1CCNC1=O)C(=O)C(=O)NCC1CC1)C2(C)C)C(C)(C)C,O=C(NCC1CC1)C(=O)C(CC1CCNC1=O)NC(=O)C1NCC2CC21,6.207608310501746,sars2_3cl,coronaviral,IC50,602.7770000000002,0.18181818181818182,False,False,False,False
GKDZSGOSTQSGNT-UHFFFAOYSA-N,CC(C)Cn1c(C(=O)NCCCNC(=O)n2cc(F)c(=O)[nH]c2=O)cc2cc(C(F)(F)F)ccc21,O=C(NCCCNC(=O)n1ccc(=O)[nH]c1=O)c1cc2ccccc2[nH]1,6.102372908709558,sars2_3cl,coronaviral,IC50,497.4490000000001,0.20430107526881722,False,False,False,False
GKFRRGMKJKEEHQ-IJEWVQPXSA-N,CC1(C)[C@H](C(=O)OCC#N)N2C(=O)[C@@H](NC(=O)COc3ccccc3)[C@H]2S1(=O)=O,O=C(COc1ccccc1)NC1C(=O)N2CCS(=O)(=O)C12,5.013228265733755,sars2_3cl,coronaviral,IC50,421.4310000000001,0.1927710843373494,False,False,False,False
GKMSGRSEYWWBNI-FRKPEAEDSA-N,Cc1cc(C(=O)O)ccc1-c1ccc(/C=N/NC(N)=S)o1,c1ccc(-c2ccco2)cc1,5.328827157284916,sars2_3cl,coronaviral,IC50,303.343,0.234375,False,False,False,False
GMAGOQZMNBRPOU-OMCISZLKSA-N,NC(=S)N/N=C/c1ccc(-c2ccc(C(=O)O)c(Cl)c2)o1,c1ccc(-c2ccco2)cc1,4.487715936718146,sars2_3cl,coronaviral,IC50,323.7610000000001,0.16883116883116883,False,False,False,False
GMLYZJOMQIAZCF-UHFFFAOYSA-N,Cc1nnc(SC(=O)c2ccc3cc[nH]c3c2)s1,O=C(Sc1nncs1)c1ccc2cc[nH]c2c1,7.262012673666569,sars2_3cl,coronaviral,IC50,275.358,0.2727272727272727,False,False,False,False
GMLYZJOMQIAZCF-UHFFFAOYSA-N,Cc1nnc(SC(=O)c2ccc3cc[nH]c3c2)s1,O=C(Sc1nncs1)c1ccc2cc[nH]c2c1,6.730487055782083,sars2_3cl,coronaviral,Ki,275.358,0.2727272727272727,False,False,False,False
GMPKULQCUAQCJQ-UHFFFAOYSA-N,O=C1CC2(CCN(C(=O)C3CN(c4ccc(Cl)c(Cl)c4)CCN3C(=O)c3cc(=O)[nH]c4ccccc34)CC2)C1,O=C1CC2(CCN(C(=O)C3CN(c4ccccc4)CCN3C(=O)c3cc(=O)[nH]c4ccccc34)CC2)C1,5.889410289700751,sars2_3cl,coronaviral,IC50,567.4730000000001,0.21839080459770116,False,False,False,False
GMPXOEASVYZFKT-LTWYSMNZSA-N,CC(C)C[C@H](NC(=O)[C@H](Cc1ccc(F)cc1)NC(=O)OCc1ccccc1)C(=O)N[C@H](C=O)CC[S+](C)[O-],O=C(NCCc1ccccc1)OCc1ccccc1,8.100015437450608,sars2_3cl,coronaviral,IC50,561.6760000000003,0.25882352941176473,False,False,False,False
GMRHLFCOAHOGTL-YEWDVWPNSA-N,CC(C)C[C@H](NC(=O)c1cc2c(Cl)cc(Cl)cc2[nH]1)C(=O)N[C@H](C#N)C[C@@H]1CCNC1=O,O=C(CNC(=O)c1cc2ccccc2[nH]1)NCCC1CCNC1=O,7.3872161432802645,sars2_3cl,coronaviral,Ki,478.3800000000003,0.18681318681318682,False,False,False,False
GNJHJVQSAOMFPB-UHFFFAOYSA-N,O=S(=O)(Cc1ncccn1)c1nnc(-c2ccc(Cl)cc2)o1,O=S(=O)(Cc1ncccn1)c1nnc(-c2ccccc2)o1,6.292429823902063,sars2_3cl,coronaviral,IC50,336.7600000000001,0.19402985074626866,False,False,False,False
GNRXUQBCSQURSC-CBKFLQRHSA-N,CC(C)(C)[C@H](NC(=O)OCc1ccccc1)C(=O)N1CCC[C@H]1C(=O)N1C[C@]2(C[C@H]1C(N)=O)C(=O)Nc1ccccc12,O=C(NCC(=O)N1CCCC1C(=O)N1CCC2(C1)C(=O)Nc1ccccc12)OCc1ccccc1,6.259637310505756,sars2_3cl,coronaviral,IC50,575.6660000000004,0.27835051546391754,False,False,False,False
GODDDBMSKPRAAE-UHFFFAOYSA-N,CC(C)(C)CC(C)(C)NC(=O)C(c1cccnc1)N(C(=O)c1ccco1)c1ccc(-c2ccccc2)cc1,O=C(c1ccco1)N(Cc1cccnc1)c1ccc(-c2ccccc2)cc1,5.669586226650809,sars2_3cl,coronaviral,IC50,509.65000000000026,0.23376623376623376,False,False,False,False
GOISFZYZVKOVRI-UHFFFAOYSA-N,Cc1ccccc1-n1[se]c2ccccc2c1=O,O=c1c2ccccc2[se]n1-c1ccccc1,5.129005633420007,sars2_3cl,coronaviral,IC50,288.2080000000001,0.24561403508771928,False,False,False,False
GOLXHOVKKWOHBR-UHFFFAOYSA-N,O=c1[nH]c(-c2ccccc2F)nc2cc(O)c(O)c(O)c12,O=c1[nH]c(-c2ccccc2)nc2ccccc12,5.8407336689065055,sars2_3cl,coronaviral,IC50,288.234,0.18181818181818182,False,False,False,False
GOPUCAPKOUZKPS-UHFFFAOYSA-N,CN1CCN(c2ccc(N)cc2F)CC1,c1ccc(N2CCNCC2)cc1,7.207608310501746,sars2_3cl,coronaviral,IC50,209.26799999999992,0.2033898305084746,False,False,False,False
GORSVQYEWPOYEY-UHFFFAOYSA-N,O=C1OCCN1C(=O)C(Cc1ccco1)Sc1nc2cc(Cl)c(O)cc2n1Cc1ccccc1,O=C1OCCN1C(=O)C(Cc1ccco1)Sc1nc2ccccc2n1Cc1ccccc1,4.336299074610352,sars2_3cl,coronaviral,IC50,497.9600000000002,0.20202020202020202,False,False,False,False
GOVRJXJJJQAHPB-UHFFFAOYSA-N,[O-][S+](Cc1ccc2cnccc2c1)c1nnc(-c2ccc(Cl)cc2)o1,c1ccc(-c2nnc([SH+]Cc3ccc4cnccc4c3)o2)cc1,6.443697499232712,sars2_3cl,coronaviral,IC50,369.8330000000001,0.15384615384615385,False,False,False,False
GPCAFSOAVIHODN-SVFBPWRDSA-N,CC1(C)[C@H](C(=O)OCc2ccccc2)N2C(=O)[C@@H](NC(=O)COc3ccccc3)[C@H]2S1(=O)=O,O=C(COc1ccccc1)NC1C(=O)N2C(C(=O)OCc3ccccc3)CS(=O)(=O)C12,5.180456064458131,sars2_3cl,coronaviral,IC50,472.51900000000023,0.22784810126582278,False,False,False,False
GPFAPGKAYCRHKV-UHFFFAOYSA-N,CC(C)(C)c1ccc(N(C(=O)c2ccco2)C(C(=O)NCc2ccccc2)c2cccnc2)cc1,O=C(NCc1ccccc1)C(c1cccnc1)N(C(=O)c1ccco1)c1ccccc1,4.878112014896319,sars2_3cl,coronaviral,IC50,467.56900000000013,0.24,False,False,False,False
GPIAZBZBOPFVIH-UHFFFAOYSA-N,COCCn1c(C(=O)NCC(O)c2ccccc2)nc2ccccc2c1=O,O=C(NCCc1ccccc1)c1nc2ccccc2c(=O)[nH]1,4.267606240177032,sars2_3cl,coronaviral,IC50,367.40500000000014,0.3333333333333333,False,False,False,False
GQOFGYSCXFNUFM-ZUFXTUFISA-N,CC1(C)[C@@H]2[C@@H](C(=O)N[C@H](C=O)C[C@@H]3CCNC3=O)N(C(=O)COc3ccc(Br)c(Cl)c3)C[C@@H]21,O=C1NCCC1CCNC(=O)C1C2CC2CN1C(=O)COc1ccccc1,7.29413628771608,sars2_3cl,coronaviral,IC50,540.8420000000001,0.22105263157894736,False,False,False,False
GQRWPYMBXSFTPS-DENIHFKCSA-N,Cc1ccc(NC[C@H]2CCCN2C)cc1C(=O)N[C@H](C)c1cccc2ccccc12,O=C(NCc1cccc2ccccc12)c1cccc(NCC2CCCN2)c1,5.823908740944319,sars2_3cl,coronaviral,IC50,401.55400000000014,0.2692307692307692,False,False,False,False
GQRWPYMBXSFTPS-KNQAVFIVSA-N,Cc1ccc(NC[C@@H]2CCCN2C)cc1C(=O)N[C@H](C)c1cccc2ccccc12,O=C(NCc1cccc2ccccc12)c1cccc(NCC2CCCN2)c1,6.045757490560675,sars2_3cl,coronaviral,IC50,401.55400000000014,0.2692307692307692,False,False,False,False
GQTHPXZAMKDSPN-ZOBUZTSGSA-N,CC(C)C[C@H](NC(=O)c1cc2cccc(C(F)(F)F)c2[nH]1)C(=O)N[C@H](C#N)C[C@@H]1CCNC1=O,O=C(CNC(=O)c1cc2ccccc2[nH]1)NCCC1CCNC1=O,7.136677139879544,sars2_3cl,coronaviral,Ki,477.48700000000025,0.21100917431192662,False,False,False,False
GRGDWLDSVPJEJU-UHFFFAOYSA-N,Cc1ccc(C)c(-n2sc3cc(F)ccc3c2=O)c1,O=c1c2ccccc2sn1-c1ccccc1,7.698970004336019,sars2_3cl,coronaviral,IC50,273.332,0.23636363636363636,False,False,False,False
GSASOFRDSIKDSN-UHFFFAOYSA-N,O=C(O)c1ccc(SSc2ccc(C(=O)O)cn2)nc1,c1ccc(SSc2ccccn2)nc1,6.619788758288394,sars2_3cl,coronaviral,IC50,308.34,0.2127659574468085,False,False,False,False
GSDFSHRXKUPDSP-IJEWVQPXSA-N,CCOC(=O)[C@@H]1N2C(=O)[C@@H](NC(=O)COc3ccccc3)[C@H]2S(=O)(=O)C1(C)C,O=C(COc1ccccc1)NC1C(=O)N2CCS(=O)(=O)C12,5.2839966563652006,sars2_3cl,coronaviral,IC50,410.44800000000015,0.20930232558139536,False,False,False,False
GSPQYTDFVISYPY-UHFFFAOYSA-N,Cc1ccc(C2C3=C(CC(C)CC3=O)Nc3cc([N+](=O)[O-])ccc3N2C(=O)CCl)cc1,O=C1CCCC2=C1C(c1ccccc1)Nc1ccccc1N2,5.474955192963154,sars2_3cl,coronaviral,IC50,439.8990000000002,0.1724137931034483,False,False,False,False
GSQUEPWVAXRJAH-SPXUEHIWSA-N,CC(C)(C)[C@H](NC(=O)C(F)(F)F)C(=O)N1C[C@H]2[C@@H]([C@H]1C(=O)N[C@H](C#Cc1ccc([N+](=O)[O-])cc1)C[C@@H]1CCNC1=O)C2(C)C,O=C1NCCC1CC(C#Cc1ccccc1)NC(=O)C1NCC2CC21,5.1487416512809245,sars2_3cl,coronaviral,IC50,619.641,0.18269230769230768,False,False,False,False
GSUNDMAZJLWTIT-ZQIUZPCESA-N,COc1ccc(F)c2[nH]c(C(=O)N[C@@H](CC(C)C)C(=O)N[C@H](C#N)C[C@@H]3CCNC3=O)cc12,O=C(CNC(=O)c1cc2ccccc2[nH]1)NCCC1CCNC1=O,8.698970004336019,sars2_3cl,coronaviral,Ki,457.50600000000026,0.21052631578947367,False,False,False,False
GTBAQTKMASRCMG-FFYZIMEISA-N,CC(C)C[C@H](NC(=O)[C@@H](NC(=O)OCc1ccccc1)[C@@H](C)OC(C)(C)C)C(=O)N[C@H](C=O)C[C@@H]1CCNC1=O,O=C(CNC(=O)CNC(=O)OCc1ccccc1)NCCC1CCNC1=O,6.920818753952375,sars2_3cl,coronaviral,EC50,560.6920000000002,0.19801980198019803,False,False,False,False
GTBAQTKMASRCMG-FFYZIMEISA-N,CC(C)C[C@H](NC(=O)[C@@H](NC(=O)OCc1ccccc1)[C@@H](C)OC(C)(C)C)C(=O)N[C@H](C=O)C[C@@H]1CCNC1=O,O=C(CNC(=O)CNC(=O)OCc1ccccc1)NCCC1CCNC1=O,7.221848749616356,sars2_3cl,coronaviral,IC50,560.6920000000002,0.19801980198019803,False,False,False,False
GTBAQTKMASRCMG-RLHFQTHOSA-N,CC(C)C[C@H](NC(=O)[C@@H](NC(=O)OCc1ccccc1)C(C)OC(C)(C)C)C(=O)N[C@H](C=O)C[C@@H]1CCNC1=O,O=C(CNC(=O)CNC(=O)OCc1ccccc1)NCCC1CCNC1=O,6.978810700930062,sars2_3cl,coronaviral,IC50,560.6920000000002,0.19801980198019803,False,False,False,False
GTLDPUSOCDSHIU-FUEJMLPXSA-N,CC(C)C[C@@H](C(=O)N1C[C@]2(CC1C(=O)C(=O)NC1CC1)C(=O)Nc1ccccc12)N(C)C(=O)c1cc2c(F)cccc2[nH]1,O=C(NC1CC1)C(=O)C1CC2(CN1C(=O)CNC(=O)c1cc3ccccc3[nH]1)C(=O)Nc1ccccc12,6.259637310505756,sars2_3cl,coronaviral,IC50,587.6520000000003,0.20618556701030927,False,False,False,False
GTLDPUSOCDSHIU-ZDQHWEPJSA-N,CC(C)C[C@@H](C(=O)N1C[C@]2(C[C@H]1C(=O)C(=O)NC1CC1)C(=O)Nc1ccccc12)N(C)C(=O)c1cc2c(F)cccc2[nH]1,O=C(NC1CC1)C(=O)C1CC2(CN1C(=O)CNC(=O)c1cc3ccccc3[nH]1)C(=O)Nc1ccccc12,6.259637310505756,sars2_3cl,coronaviral,IC50,587.6520000000003,0.20618556701030927,False,False,False,False
GTTHESNNWLOVLD-UHFFFAOYSA-N,O=c1c2ccccc2sn1Cc1ccccc1,O=c1c2ccccc2sn1Cc1ccccc1,6.721246399047171,sars2_3cl,coronaviral,IC50,241.315,0.1935483870967742,False,False,False,False
GUBDCSAAGRTMKG-CUWPLCDZSA-N,O=C[C@H](C[C@@H]1CCNC1=O)NC(=O)[C@H](Cc1ccc(F)cc1)NC(=O)c1cc2ccccc2[nH]1,O=C(NC(Cc1ccccc1)C(=O)NCCC1CCNC1=O)c1cc2ccccc2[nH]1,6.987162775294828,sars2_3cl,coronaviral,IC50,464.4970000000001,0.25,False,False,False,False
GVKKJJOMQCNPGB-JTQLQIEISA-N,C[C@H]1COC2=C1C(=O)C(=O)c1c2ccc2c1CCCC2(C)C,O=C1C(=O)c2c(ccc3c2CCCC3)C2=C1CCO2,5.376750709602099,sars2_3cl,coronaviral,IC50,296.366,0.17333333333333334,False,False,False,False
GWBBUNQDUSRZEQ-AULMYGDYSA-N,CC(C)C[C@H](NC(=O)OC[C@@H]1CCC(=O)N1C[C@H]1C[C@@H]2C=C[C@H]1C2)C(=O)N[C@H](C=O)C[C@@H]1CCNC1=O,O=C(CNC(=O)OCC1CCC(=O)N1CC1CC2C=CC1C2)NCCC1CCNC1=O,6.3788237182249645,sars2_3cl,coronaviral,IC50,516.6390000000002,0.17346938775510204,False,False,False,False
GWVKMTNXKNUXCU-UHFFFAOYSA-N,CCSc1ccc2c(c1)N(C(=O)CSC#N)c1ccccc1S2,c1ccc2c(c1)Nc1ccccc1S2,5.578231598793076,sars2_3cl,coronaviral,IC50,358.51300000000003,0.18666666666666668,False,False,False,False
GWXJIIOOBAFDHM-UHFFFAOYSA-N,C=CS(=O)(=O)N(c1ccc(C(C)(C)C)cc1)C(C(=O)NC1CCCCC1)c1cccnc1,O=C(NC1CCCCC1)C(Nc1ccccc1)c1cccnc1,6.376750709602099,sars2_3cl,coronaviral,IC50,455.6240000000003,0.2962962962962963,False,False,False,False
GXPQNJUVMCQCNK-PPSMKJHDSA-N,N#C[C@H](C[C@@H]1CCNC1=O)NC(=O)[C@@H]1[C@H]2CCC[C@H]2CN1C(=O)[C@@H](NC(=O)c1cnoc1)C1CCCCC1,O=C(NC(C(=O)N1CC2CCCC2C1C(=O)NCCC1CCNC1=O)C1CCCCC1)c1cnoc1,6.8696662315049934,sars2_3cl,coronaviral,IC50,524.6220000000003,0.19387755102040816,False,False,False,False
GXPQYYAGECLWNZ-DHIUTWEWSA-N,CNC[C@@H](Cc1ccc(Cl)cc1)N(C)C(=O)C[C@H]1CCCN1C(=O)c1cncc2ccccc12,O=C(CC1CCCN1C(=O)c1cncc2ccccc12)NCCc1ccccc1,7.102372908709558,sars2_3cl,coronaviral,IC50,479.0240000000002,0.2727272727272727,False,False,False,False
GXPQYYAGECLWNZ-DHIUTWEWSA-N,CNC[C@@H](Cc1ccc(Cl)cc1)N(C)C(=O)C[C@H]1CCCN1C(=O)c1cncc2ccccc12,O=C(CC1CCCN1C(=O)c1cncc2ccccc12)NCCc1ccccc1,7.552841968657781,sars2_3cl,coronaviral,Ki,479.0240000000002,0.2727272727272727,False,False,False,False
GYXQTUSNDOTSJX-HKIGIVDHSA-N,CC(C)C#CC(=O)N(c1ccc(-c2ccccc2)cc1)C(C(=O)N[C@@H](C)c1ccccc1)c1cccnc1,O=C(NCc1ccccc1)C(Nc1ccc(-c2ccccc2)cc1)c1cccnc1,5.377785977033705,sars2_3cl,coronaviral,IC50,501.63000000000017,0.2571428571428571,False,False,False,False
GZGKFLJYMSOYPA-QYVZARNFSA-N,CC(C)C[C@H](NC(=O)[C@H](Cc1ccc(F)cc1)NC(=O)OCc1ccccc1)C(=O)NC(CC1CCCO1)C(=O)C(=O)NC(C)C,O=C(CNC(=O)C(Cc1ccccc1)NC(=O)OCc1ccccc1)NCCC1CCCO1,6.699991797446187,sars2_3cl,coronaviral,IC50,640.7530000000003,0.2727272727272727,False,False,False,False
GZMTUKIKBILMTO-UHFFFAOYSA-N,O=C1N(Cc2ccccc2Cl)CCN1c1cncc2ccc(Cl)cc12,O=C1N(Cc2ccccc2)CCN1c1cncc2ccccc12,3.7328282715969863,sars2_3cl,coronaviral,Kd,372.25500000000005,0.2463768115942029,False,False,False,False
GZOZMVLBQPMKAO-UHFFFAOYSA-N,O=C1CCCC2=C1C(C1CCC1)N(C(=O)CCl)c1ccc([N+](=O)[O-])cc1N2,O=C1CCCC2=C1C(C1CCC1)Nc1ccccc1N2,5.605548319173783,sars2_3cl,coronaviral,IC50,389.83900000000006,0.22093023255813954,False,False,False,False
GZQFKMHJCKWDJN-UHFFFAOYSA-N,O=C(Sc1nc2ccccc2s1)c1ccc(-c2ccc(Br)cc2)o1,O=C(Sc1nc2ccccc2s1)c1ccc(-c2ccccc2)o1,6.5934598195660445,sars2_3cl,coronaviral,IC50,416.3210000000001,0.1728395061728395,False,False,False,False
GZQFKMHJCKWDJN-UHFFFAOYSA-N,O=C(Sc1nc2ccccc2s1)c1ccc(-c2ccc(Br)cc2)o1,O=C(Sc1nc2ccccc2s1)c1ccc(-c2ccccc2)o1,7.886056647693163,sars2_3cl,coronaviral,Ki,416.3210000000001,0.1728395061728395,False,False,False,False
GZSLXJOHDGWCRZ-UHFFFAOYSA-N,O=C(NCC1CC1)C1CN(c2ccc(Cl)c(Cl)c2)CCN1C(=O)c1cc(=O)[nH]c2ccccc12,O=C(NCC1CC1)C1CN(c2ccccc2)CCN1C(=O)c1cc(=O)[nH]c2ccccc12,6.468521082957745,sars2_3cl,coronaviral,IC50,499.39800000000025,0.23529411764705882,False,False,False,False
GZUITABIAKMVPG-UHFFFAOYSA-N,O=C(c1ccc(OCCN2CCCCC2)cc1)c1c(-c2ccc(O)cc2)sc2cc(O)ccc12,O=C(c1ccc(OCCN2CCCCC2)cc1)c1c(-c2ccccc2)sc2ccccc12,5.251037138743838,sars2_3cl,coronaviral,IC50,473.5940000000001,0.2125,False,False,False,False
GZWRFHALZSJWCL-CRHQVGFKSA-N,CC(C)C[C@@H](C(=O)N1C[C@]2(C[C@H]1C(N)=O)C(=O)Nc1ccccc12)N1CC[C@H](NC(=O)OC(C)(C)C)C1=O,O=C1CCCN1CC(=O)N1CCC2(C1)C(=O)Nc1ccccc12,6.259637310505756,sars2_3cl,coronaviral,IC50,527.6220000000003,0.3225806451612903,False,False,False,False
GZYGBEDFOFBFMF-AOIWGVFYSA-N,CC(C)C[C@H](NC(=O)OC1CC2(CCN(C#N)CC2)C1)C(=O)N[C@H](C=O)C[C@H]1CCNC1=O,O=C(CNC(=O)OC1CC2(CCNCC2)C1)NCCC1CCNC1=O,6.494850021680094,sars2_3cl,coronaviral,IC50,461.5630000000003,0.18018018018018017,False,False,False,False
GZYWXRKMBLPOMQ-VZWUNSFZSA-N,CC(=O)NC(CCC(=O)O)C(=O)N[C@@H](CO)C(=O)N[C@H](C(=O)[C@@H](CC(C)C)C(=O)N[C@H](C=O)CCC(N)=O)[C@@H](C)O,,5.1249387366083,sars2_3cl,coronaviral,IC50,587.6270000000003,0.14444444444444443,False,False,False,False
HABXFULFAHHKNN-UHFFFAOYSA-N,[O-][S+](Cc1cccnc1)c1nnc(-c2ccc(Br)cc2)o1,c1ccc(-c2nnc([SH+]Cc3cccnc3)o2)cc1,7.346787486224656,sars2_3cl,coronaviral,IC50,364.22400000000005,0.2,False,False,False,False
HABXFULFAHHKNN-UHFFFAOYSA-N,[O-][S+](Cc1cccnc1)c1nnc(-c2ccc(Br)cc2)o1,c1ccc(-c2nnc([SH+]Cc3cccnc3)o2)cc1,6.2839966563652006,sars2_3cl,coronaviral,Ki,364.22400000000005,0.2,False,False,False,False
HAOPWNGTKWASON-LJQANCHMSA-N,Cc1ccc(OCCN(C)C)cc1C(=O)N[C@H](C)c1cc(-c2cnn(C(F)F)c2)cc(-c2cccs2)c1,O=C(NCc1cc(-c2cn[nH]c2)cc(-c2cccs2)c1)c1ccccc1,7.154901959985743,sars2_3cl,coronaviral,IC50,524.6370000000002,0.20652173913043478,False,False,False,False
HBEBWEDMRCKFAH-FHULIHMCSA-N,CC(C)(C)[C@H](NC(=O)C(F)(F)F)C(=O)N1C[C@H]2[C@@H]([C@H]1C(=O)N[C@H](C#CC(F)(F)F)C[C@@H]1CCNC1=O)C2(C)C,O=C1NCCC1CCNC(=O)C1NCC2CC21,6.638272163982407,sars2_3cl,coronaviral,IC50,566.5430000000001,0.17525773195876287,False,False,False,False
HBSYNSBVIUEZEP-UHFFFAOYSA-N,CC(=O)OCC1Cc2c(-c3cc(-c4ccccc4)ccn3)cccc2-c2c(O)ccc(C)c21,c1ccc(-c2ccnc(-c3cccc4c3CCc3ccccc3-4)c2)cc1,5.247951552180561,sars2_3cl,coronaviral,IC50,435.5230000000002,0.2,False,False,False,False
HBUZREFYHIBZOL-UHFFFAOYSA-N,CC(=O)OCC1Cc2c(-c3ncccc3C)cccc2-c2c(O)ccc(C)c21,c1ccc(-c2cccc3c2CCc2ccccc2-3)nc1,4.229810977264007,sars2_3cl,coronaviral,IC50,373.45200000000017,0.2289156626506024,False,False,False,False
HCMUAXJAEVVGND-OOLRCENFSA-N,[2H]C([2H])(OC(=O)N[C@@H](CC(C)C)C(=O)N[C@H](C=O)C[C@H]1CCNC1=O)C12CC3CC(CC(O)(C3)C1)C2,O=C(CNC(=O)OCC12CC3CC(CC(C3)C1)C2)NCCC1CCNC1=O,6.130768280269024,sars2_3cl,coronaviral,IC50,479.6142035560004,0.1553398058252427,False,False,False,False
HCMUAXJAEVVGND-WUYKWXONSA-N,CC(C)C[C@H](NC(=O)OCC12CC3CC(CC(O)(C3)C1)C2)C(=O)N[C@H](C=O)C[C@H]1CCNC1=O,O=C(CNC(=O)OCC12CC3CC(CC(C3)C1)C2)NCCC1CCNC1=O,6.086186147616283,sars2_3cl,coronaviral,IC50,477.6020000000003,0.15841584158415842,False,False,False,False
HCRBVFBQANEDDM-CUWPLCDZSA-N,O=C[C@H](C[C@@H]1CCNC1=O)NC(=O)[C@H](Cc1cccc(F)c1)NC(=O)c1cc2ccccc2[nH]1,O=C(NC(Cc1ccccc1)C(=O)NCCC1CCNC1=O)c1cc2ccccc2[nH]1,6.142667503568731,sars2_3cl,coronaviral,EC50,464.4970000000001,0.25882352941176473,False,False,False,False
HCRBVFBQANEDDM-FBBABVLZSA-N,O=C[C@@H](C[C@@H]1CCNC1=O)NC(=O)[C@@H](Cc1cccc(F)c1)NC(=O)c1cc2ccccc2[nH]1,O=C(NC(Cc1ccccc1)C(=O)NCCC1CCNC1=O)c1cc2ccccc2[nH]1,7.3979400086720375,sars2_3cl,coronaviral,IC50,464.4970000000001,0.25882352941176473,False,False,False,False
HCRBVFBQANEDDM-LMBAYHJBSA-N,O=C[C@H](CC1CCNC1=O)NC(=O)[C@H](Cc1cccc(F)c1)NC(=O)c1cc2ccccc2[nH]1,O=C(NC(Cc1ccccc1)C(=O)NCCC1CCNC1=O)c1cc2ccccc2[nH]1,7.3979400086720375,sars2_3cl,coronaviral,IC50,464.4970000000001,0.25882352941176473,False,False,False,False
HCURYSQJGREHOP-FRKPEAEDSA-N,N#Cc1cc(-c2ccc(/C=N/NC(N)=S)o2)ccc1O,c1ccc(-c2ccco2)cc1,5.3829996588791005,sars2_3cl,coronaviral,IC50,286.316,0.17204301075268819,False,False,False,False
HCZKYJDFEPMADG-UHFFFAOYSA-N,CC(Cc1ccc(O)c(O)c1)C(C)Cc1ccc(O)c(O)c1,c1ccc(CCCCc2ccccc2)cc1,5.586700235918748,sars2_3cl,coronaviral,IC50,302.37,0.15254237288135594,False,False,False,False
HDECCSFBZMURDI-UHFFFAOYSA-N,CC(c1ccccc1)c1nc2cc(O)c(O)c(O)c2c(=O)[nH]1,O=c1[nH]c(Cc2ccccc2)nc2ccccc12,6.7594507517174005,sars2_3cl,coronaviral,IC50,298.298,0.2153846153846154,False,False,False,False
HDKKRSRQHVRDMX-DCHLLWBOSA-N,C#C[C@H](C[C@@H]1CCNC1=O)NC(=O)[C@@H]1[C@@H]2[C@H](CN1C(=O)COc1ccc(OC(F)(F)F)cc1)C2(C)C,O=C1NCCC1CCNC(=O)C1C2CC2CN1C(=O)COc1ccccc1,5.552841968657781,sars2_3cl,coronaviral,IC50,507.5090000000003,0.20618556701030927,False,False,False,False
HDLWUWJENZJXFY-UHFFFAOYSA-N,COC(=O)CCn1sc2ccccc2c1=O,O=c1[nH]sc2ccccc12,6.6020599913279625,sars2_3cl,coronaviral,IC50,237.28000000000003,0.29310344827586204,False,False,False,False
HDWYYBALLQSFBO-XARGGIHNSA-N,O=C[C@H](C[C@@H]1CCNC1=O)NC(=O)[C@@H]1C[C@@H](C2CCCCC2)CN1C(=O)c1cc2ccccc2[nH]1,O=C1NCCC1CCNC(=O)C1CC(C2CCCCC2)CN1C(=O)c1cc2ccccc2[nH]1,7.585026652029182,sars2_3cl,coronaviral,IC50,478.59300000000036,0.21505376344086022,False,False,False,False
HDZVJZMPRYSUIS-VWLOTQADSA-N,CN(C(=O)[C@H](Cc1ccccc1)NC(=O)c1cc2cc(Cl)ccc2[nH]1)N(C#N)Cc1ccc(Cl)cc1,O=C(NC(Cc1ccccc1)C(=O)NNCc1ccccc1)c1cc2ccccc2[nH]1,7.113509274827518,sars2_3cl,coronaviral,IC50,520.4200000000002,0.19101123595505617,False,False,False,False
HEBARKHAVGHRGM-UHFFFAOYSA-N,CSc1nc2ccc(C#N)cc2n1C(=O)c1ccc(C)c(F)c1,O=C(c1ccccc1)n1cnc2ccccc21,5.200329843827886,sars2_3cl,coronaviral,IC50,325.36800000000005,0.21978021978021978,False,False,False,False
HEHCNORHHNEKDE-PKTZIBPZSA-N,O=C(N[C@H]1CCC[C@H]1Nc1c(C(=O)N2CCOCC2)cc(C2CC2)cc1[N+](=O)[O-])c1cc(=O)[nH]c2c(F)cccc12,O=C(NC1CCCC1Nc1ccc(C2CC2)cc1C(=O)N1CCOCC1)c1cc(=O)[nH]c2ccccc12,7.671620396561262,sars2_3cl,coronaviral,IC50,563.5860000000004,0.22340425531914893,False,False,False,False
HEJBREJWBMIOPO-UHFFFAOYSA-N,CC1(C)CC(=O)C2=C(C1)Nc1cc([N+](=O)[O-])ccc1N(C(=O)CCl)C2C1CCCCC1,O=C1CCCC2=C1C(C1CCCCC1)Nc1ccccc1N2,5.279014255846261,sars2_3cl,coronaviral,IC50,445.94700000000034,0.21348314606741572,False,False,False,False
HEKXXBJWLHMBLC-BZBFZXGJSA-N,CC1(C)COC(=O)[C@@H]2C[C@@H](C[C@@H](C#N)NC(=O)[C@@H]3[C@@H]4[C@H](CN3C(=O)[C@H]1NC(=O)C(F)(F)Cc1ccccc1)C4(C)C)C(=O)N2,O=C(CCc1ccccc1)NC1CCOC(=O)C2CC(CCNC(=O)C3C4CC4CN3C1=O)C(=O)N2,7.638272163982407,sars2_3cl,coronaviral,IC50,613.6620000000001,0.19230769230769232,False,False,False,False
HEOKJVUWOBSOSB-UHFFFAOYSA-N,CCC(C(=O)Nc1cc(NC2CNC2)ccc1C)n1cc(Cl)cc2nc(SCc3ccc(F)cc3)nc1-2,O=C(Cn1cccc2nc(SCc3ccccc3)nc1-2)Nc1cccc(NC2CNC2)c1,7.045757490560675,sars2_3cl,coronaviral,IC50,539.08,0.20430107526881722,False,False,False,False
HEOKJVUWOBSOSB-UHFFFAOYSA-N,CCC(C(=O)Nc1cc(NC2CNC2)ccc1C)n1cc(Cl)cc2nc(SCc3ccc(F)cc3)nc1-2,O=C(Cn1cccc2nc(SCc3ccccc3)nc1-2)Nc1cccc(NC2CNC2)c1,7.0,sars2_3cl,coronaviral,Kd,539.08,0.20430107526881722,False,False,False,False
HEVXFSPURLYARR-QORCZRPOSA-N,CC(C)C[C@H](NC(=O)OCc1ccccc1)C(=O)N[C@@H](CC(C)C)C(=O)N[C@@H](C[C@@H]1CCNC1=O)C(=O)C(=O)NC(C)C,O=C(CNC(=O)CNC(=O)OCc1ccccc1)NCCC1CCNC1=O,7.187086643357144,sars2_3cl,coronaviral,IC50,601.7450000000002,0.21739130434782608,False,False,False,False
HFAJFLUFWKCXAE-UHFFFAOYSA-N,Cc1ccc(C(=O)n2c(C)nc3ccccc32)cc1F,O=C(c1ccccc1)n1cnc2ccccc21,6.826955601938874,sars2_3cl,coronaviral,IC50,268.29100000000005,0.3076923076923077,False,False,False,False
HFAQPPCUYKHOOH-HTXNQAPBSA-N,C/N=c1\nc(-c2ccc(OC)c(OC)c2)n(-c2ccc(F)cc2)s1,N=c1nc(-c2ccccc2)n(-c2ccccc2)s1,6.598599459218455,sars2_3cl,coronaviral,IC50,345.399,0.24285714285714285,False,False,False,False
HFROOFZYKCPBEL-UHFFFAOYSA-N,N=C(N)Nc1ccc2c(c1)B(O)OC2,B1OCc2ccccc21,5.0,sars2_3cl,coronaviral,IC50,190.999,0.23404255319148937,False,False,False,False
HIACJFSRWCJBAZ-LWBJWRMRSA-N,CC1(C)CCCC[C@@H]2C[C@@H](C[C@@H](C#N)NC(=O)[C@@H]3[C@@H]4[C@H](CN3C(=O)[C@H]1NC(=O)OCc1ccccc1)C4(C)C)C(=O)N2,O=C(NC1CCCCCC2CC(CCNC(=O)C3C4CC4CN3C1=O)C(=O)N2)OCc1ccccc1,7.568636235841012,sars2_3cl,coronaviral,IC50,577.7260000000002,0.20588235294117646,False,False,False,False
HIHXGTBAXBKVDT-AATRIKPKSA-N,O=C(/C=C/c1c(Cl)c(O)c(O)c(O)c1Cl)c1ccc(F)cc1,O=C(C=Cc1ccccc1)c1ccccc1,6.96018944585165,sars2_3cl,coronaviral,IC50,343.13700000000006,0.21153846153846154,False,False,False,False
HIHXGTBAXBKVDT-AATRIKPKSA-N,O=C(/C=C/c1c(Cl)c(O)c(O)c(O)c1Cl)c1ccc(F)cc1,O=C(C=Cc1ccccc1)c1ccccc1,6.698970004336019,sars2_3cl,coronaviral,Ki,343.13700000000006,0.21153846153846154,False,False,False,False
HIKUMVQVEVEKEC-ZONLJJFTSA-N,CC1(C)[C@@H]2[C@@H](C(=O)N[C@H](C=O)C[C@@H]3CCNC3=O)N(C(=O)c3ccc4ccccc4c3)C[C@@H]21,O=C1NCCC1CCNC(=O)C1C2CC2CN1C(=O)c1ccc2ccccc2c1,6.343901797987169,sars2_3cl,coronaviral,IC50,447.53500000000014,0.23076923076923078,False,False,False,False
HIPATJIGZGRNFA-VGOFMYFVSA-N,NC(=S)N/N=C/c1ccc(-c2ccncc2)o1,c1coc(-c2ccncc2)c1,5.149353764816933,sars2_3cl,coronaviral,IC50,246.29500000000002,0.18666666666666668,False,False,False,False
HIWOCPRNNXMIDG-DZNLFIMPSA-N,CC1(C)[C@@H]2[C@@H](C(=O)N3C[C@]4(CC3C#N)C(=O)Nc3ccccc34)N(C(=O)[C@@H](NC(=O)C(F)(F)F)C3CC3)C[C@@H]21,O=C(C1C2CC2CN1C(=O)CC1CC1)N1CCC2(C1)C(=O)Nc1ccccc12,6.052566278112949,sars2_3cl,coronaviral,IC50,543.546,0.20388349514563106,False,False,False,False
HJUGESPICWTANV-HXUWFJFHSA-N,O=C(CNC(=O)C1CCOCC1)N[C@H](Cc1ccccc1)C(=O)C(=O)NCc1ccccn1,O=C(CNC(=O)C1CCOCC1)NC(Cc1ccccc1)C(=O)C(=O)NCc1ccccn1,6.3828947694976215,sars2_3cl,coronaviral,IC50,452.51100000000014,0.25,False,False,False,False
HKGWQUVGHPDEBZ-OLZOCXBDSA-N,CN1CC[C@@]2(C)c3cc(O)ccc3N(C)[C@@H]12,c1ccc2c(c1)NC1NCCC21,5.701146923590294,sars2_3cl,coronaviral,IC50,218.3,0.1875,False,False,False,False
HKIKAXXIWJHWLY-ZIIYPAMZSA-N,CC(=O)Cc1cc(=O)c2c(C)cc(O)c([C@@H]3O[C@H](CO)[C@@H](O)[C@H](O)[C@H]3O)c2o1,O=c1ccoc2c(C3CCCCO3)cccc12,4.410050398674292,sars2_3cl,coronaviral,IC50,394.3760000000001,0.16049382716049382,False,False,False,False
HKJKOHDJUKCNRG-UAYHHJIBSA-N,O=C[C@@H](C[C@H]1CCNC1=O)NC(=O)[C@H]1[C@@H]2CCC[C@@H]2CN1C(=O)COc1ccc(Cl)cc1Cl,O=C1NCCC1CCNC(=O)C1C2CCCC2CN1C(=O)COc1ccccc1,7.764471553092451,sars2_3cl,coronaviral,IC50,496.3910000000003,0.25806451612903225,False,False,False,False
HKJKOHDJUKCNRG-ZEAPZOAHSA-N,O=C[C@H](C[C@@H]1CCNC1=O)NC(=O)[C@@H]1[C@H]2CCC[C@H]2CN1C(=O)COc1ccc(Cl)cc1Cl,O=C1NCCC1CCNC(=O)C1C2CCCC2CN1C(=O)COc1ccccc1,6.187086643357144,sars2_3cl,coronaviral,EC50,496.3910000000003,0.25806451612903225,False,False,False,False
HKJKOHDJUKCNRG-ZEAPZOAHSA-N,O=C[C@H](C[C@@H]1CCNC1=O)NC(=O)[C@@H]1[C@H]2CCC[C@H]2CN1C(=O)COc1ccc(Cl)cc1Cl,O=C1NCCC1CCNC(=O)C1C2CCCC2CN1C(=O)COc1ccccc1,7.764471553092451,sars2_3cl,coronaviral,IC50,496.3910000000003,0.25806451612903225,False,False,False,False
HKKFKJQPLZBRND-NZXZSNJESA-N,C[C@H](NC(=O)/C=C/c1ccccc1)C(=O)N[C@H](C=O)C[C@@H]1CCCNC1=O,O=C(C=Cc1ccccc1)NCC(=O)NCCC1CCCNC1=O,4.909389292171594,sars2_3cl,coronaviral,IC50,371.43700000000024,0.21686746987951808,False,False,False,False
HKNJCUVSQUGVHP-LWYYNNOASA-N,CN(C)[C@@H](C(=O)N[C@@H](CC(C)(C)C)C(=O)N[C@H](C#N)C[C@@H]1CCNC1=O)c1ccccc1,O=C(CNC(=O)Cc1ccccc1)NCCC1CCNC1=O,6.617982957425132,sars2_3cl,coronaviral,Ki,441.5760000000002,0.2222222222222222,False,False,False,False
HKWNDVCJTVEHHD-PILWDZAYSA-N,CC1(C)[C@@H]2[C@@H](C(=O)N[C@H](C#N)C[C@@H]3CCNC3=O)N(C(=O)COc3ccc(C(F)(F)F)cc3)C[C@@H]21,O=C1NCCC1CCNC(=O)C1C2CC2CN1C(=O)COc1ccccc1,6.795880017344075,sars2_3cl,coronaviral,IC50,492.49800000000016,0.24299065420560748,False,False,False,False
HKYIVHLRSLTYKM-UHFFFAOYSA-N,Cc1c(Cl)cc(N2CCN(C(=O)c3cc(=O)[nH]c(=O)[nH]3)CC2)cc1Cl,O=C(c1cc(=O)[nH]c(=O)[nH]1)N1CCN(c2ccccc2)CC1,5.853871964321762,sars2_3cl,coronaviral,Ki,383.2350000000001,0.21428571428571427,False,False,False,False
HLCPKRPVUSSLPP-UHFFFAOYSA-N,O=C(Oc1cncc(Br)c1)c1ccc(Cl)c(Cl)c1,O=C(Oc1cccnc1)c1ccccc1,7.425968732272281,sars2_3cl,coronaviral,IC50,346.995,0.20689655172413793,False,False,False,False
HLLAHIKTNNUODO-UHFFFAOYSA-N,O=C1N(c2cncc3ccccc23)C(=O)C2(CC(C3CCC3)C2)N1Cc1ccn[nH]1,O=C1N(c2cncc3ccccc23)C(=O)C2(CC(C3CCC3)C2)N1Cc1ccn[nH]1,5.417936637088291,sars2_3cl,coronaviral,IC50,401.4700000000002,0.24210526315789474,False,False,False,False
HLLHXZSDRBIPHV-UHFFFAOYSA-N,Oc1cc(CCCc2ccc(F)cc2)cc(O)c1O,c1ccc(CCCc2ccccc2)cc1,5.619788758288394,sars2_3cl,coronaviral,IC50,262.28,0.2127659574468085,False,False,False,False
HLSIDWWRICRQTA-NYVOZVTQSA-N,COc1cccc2[nH]c(C(=O)N[C@@H](CC(C)C)C(=O)N[C@@H](C[C@@H]3CCCNC3=O)C(=O)COC(=O)C(C)(C)C)cc12,O=C(CNC(=O)c1cc2ccccc2[nH]1)NCCC1CCCNC1=O,7.193141970481182,sars2_3cl,coronaviral,IC50,570.6870000000002,0.22330097087378642,False,False,False,False
HLSWEKKCANWZDG-UHFFFAOYSA-N,Cc1nnc(SC(=O)c2cc3ccccc3[nH]2)n1C(=O)c1cc2ccccc2[nH]1,O=C(Sc1nncn1C(=O)c1cc2ccccc2[nH]1)c1cc2ccccc2[nH]1,6.55129368009492,sars2_3cl,coronaviral,IC50,401.45100000000014,0.189873417721519,False,False,False,False
HLSWEKKCANWZDG-UHFFFAOYSA-N,Cc1nnc(SC(=O)c2cc3ccccc3[nH]2)n1C(=O)c1cc2ccccc2[nH]1,O=C(Sc1nncn1C(=O)c1cc2ccccc2[nH]1)c1cc2ccccc2[nH]1,7.111820506081675,sars2_3cl,coronaviral,Ki,401.45100000000014,0.189873417721519,False,False,False,False
HMCHCIOQCFMLED-XAHGZOFNSA-N,COc1cccc2[nH]c(C(=O)N3C[C@H]4[C@@H]([C@H]3C(=O)N[C@H](C=O)C[C@@H]3CCNC3=O)C4(C)C)cc12,O=C1NCCC1CCNC(=O)C1C2CC2CN1C(=O)c1cc2ccccc2[nH]1,7.568636235841012,sars2_3cl,coronaviral,IC50,466.53800000000024,0.25773195876288657,False,False,False,False
HMICIXHTRIFAET-UHFFFAOYSA-N,O=C(Oc1cncc(Br)c1)c1ccco1,O=C(Oc1cccnc1)c1ccco1,7.301029995663981,sars2_3cl,coronaviral,IC50,268.066,0.21052631578947367,False,False,False,False
HMQRGAVIZDIOHI-UHFFFAOYSA-N,Cc1ccc(-c2nnc([S+]([O-])Cc3cccnc3)o2)cc1,c1ccc(-c2nnc([SH+]Cc3cccnc3)o2)cc1,6.721246399047171,sars2_3cl,coronaviral,IC50,299.355,0.2222222222222222,False,False,False,False
HMRPWSCZDFRRAO-UHFFFAOYSA-N,CCC(C(=O)Nc1cc(NC2CCNC2)ccc1C)n1cccc2nc(SCc3ccc(F)cc3)nc1-2,O=C(Cn1cccc2nc(SCc3ccccc3)nc1-2)Nc1cccc(NC2CCNC2)c1,6.853871964321762,sars2_3cl,coronaviral,IC50,518.6620000000001,0.2127659574468085,False,False,False,False
HMRPWSCZDFRRAO-UHFFFAOYSA-N,CCC(C(=O)Nc1cc(NC2CCNC2)ccc1C)n1cccc2nc(SCc3ccc(F)cc3)nc1-2,O=C(Cn1cccc2nc(SCc3ccccc3)nc1-2)Nc1cccc(NC2CCNC2)c1,6.6020599913279625,sars2_3cl,coronaviral,Kd,518.6620000000001,0.2127659574468085,False,False,False,False
HMUYBYVCNWUNMY-QRFRQXIXSA-N,CC(C)C[C@H](NC(=O)OCC(C)(C)Oc1cccc(F)c1)C(=O)N[C@H](C=O)C[C@@H]1CCNC1=O,O=C(CNC(=O)OCCOc1ccccc1)NCCC1CCNC1=O,6.698970004336019,sars2_3cl,coronaviral,IC50,479.5490000000002,0.2159090909090909,False,False,False,False
HMVRKRVRWIJCMA-WNBCEXPJSA-N,C[C@H](NC(=O)C(c1cccnc1)N(C(=O)/C=C/C(=O)O)c1ccc(-c2ccccc2)cc1)c1ccccc1,O=C(NCc1ccccc1)C(Nc1ccc(-c2ccccc2)cc1)c1cccnc1,4.906928693623937,sars2_3cl,coronaviral,IC50,505.5740000000002,0.2608695652173913,False,False,False,False
HNDCXNQIWWRZEP-IKGGRYGDSA-N,CC(C)C[C@H](NC(=O)OC1(C)CN(C(=O)OC(C)(C)C)C1)C(=O)N[C@H](C=O)C[C@H]1CCNC1=O,O=C(CNC(=O)OC1CNC1)NCCC1CCNC1=O,5.437707135543525,sars2_3cl,coronaviral,IC50,482.57800000000026,0.21,False,False,False,False
HNEFARNHWPQPSQ-UHFFFAOYSA-N,COc1ccccc1C1CC2(C1)NC(=O)N(c1cncc3ccccc13)C2=O,O=C1NC2(CC(c3ccccc3)C2)C(=O)N1c1cncc2ccccc12,6.3214816209598865,sars2_3cl,coronaviral,IC50,373.4120000000001,0.2465753424657534,False,False,False,False
HNJHYGBGWBSLQU-QHCPKHFHSA-N,CN(C(=O)[C@H](Cc1ccccc1)NC(=O)CNc1c(F)cccc1F)N(C#N)Cc1ccc(Cl)cc1,O=C(CNc1ccccc1)NC(Cc1ccccc1)C(=O)NNCc1ccccc1,6.005682847330363,sars2_3cl,coronaviral,IC50,511.96000000000015,0.20454545454545456,False,False,False,False
HNKKKBJAQYQBOC-NDKCEZKHSA-N,CC(C)[C@H](NC(=O)C(F)(F)F)C(=O)N1C[C@H](C(F)(F)F)C[C@H]1C(=O)N[C@H](C#N)C[C@@H]1CCNC1=O,O=C1NCCC1CCNC(=O)C1CCCN1,7.431798275933005,sars2_3cl,coronaviral,Ki,513.4390000000002,0.18181818181818182,False,False,False,False
HNNJGTWUNINJHN-UHFFFAOYSA-N,[O-][S+](Cc1ccccn1)c1nnc(-c2ccc(Cl)cc2)o1,c1ccc(-c2nnc([SH+]Cc3ccccn3)o2)cc1,6.886056647693163,sars2_3cl,coronaviral,IC50,319.773,0.15942028985507245,False,False,False,False
HNOGKQFIYDWLGA-UHFFFAOYSA-N,COc1cc(OC)cc(C(=O)Nc2nc3c(s2)Cc2cc(OC)ccc2-3)c1,O=C(Nc1nc2c(s1)Cc1ccccc1-2)c1ccccc1,5.892790030352131,sars2_3cl,coronaviral,IC50,382.44100000000014,0.22972972972972974,False,False,False,False
HOCBJBNQIQQQGT-LJQANCHMSA-N,CC[C@H](CO)Nc1nc(NCc2ccc(-c3ccccn3)cc2)c2ncn(C(C)C)c2n1,c1ccc(-c2ccc(CNc3ncnc4[nH]cnc34)cc2)nc1,6.075720713938118,sars2_3cl,coronaviral,IC50,431.54400000000015,0.19791666666666666,False,False,False,False
HOEQZIFKLHFUGN-UHFFFAOYSA-N,O=c1[nH]c(-c2cccc(F)c2)nc2cc(O)c(O)c(O)c12,O=c1[nH]c(-c2ccccc2)nc2ccccc12,5.28971335229711,sars2_3cl,coronaviral,IC50,288.23400000000004,0.25,False,False,False,False
HOGIUARUHFASKN-IRSLZGLGSA-N,CC1(C)[C@@H]2[C@@H](C(=O)N[C@H](C#N)C[C@@H]3CCNC3=O)N(C(=O)c3cc4cc(F)c(F)cc4[nH]3)C[C@@H]21,O=C1NCCC1CCNC(=O)C1C2CC2CN1C(=O)c1cc2ccccc2[nH]1,6.259637310505756,sars2_3cl,coronaviral,IC50,469.49200000000013,0.1958762886597938,False,False,False,False
HPEFXSCBTQLRJT-UHFFFAOYSA-N,O=C1CCCC2=C1C(C1CCCCC1)N(C(=O)CCl)c1ccc([N+](=O)[O-])cc1N2,O=C1CCCC2=C1C(C1CCCCC1)Nc1ccccc1N2,5.798602875679549,sars2_3cl,coronaviral,IC50,417.89300000000003,0.23255813953488372,False,False,False,False
HPHZVNJEMAWASC-MUTMVCIVSA-N,CC1(C)[C@@H]2[C@@H](C(=O)N[C@H](C=O)C[C@@H]3CCNC3=O)N(C(=O)C(Oc3ccc(Cl)cc3)Oc3ccc(Cl)cc3)C[C@@H]21,O=C1NCCC1CCNC(=O)C1C2CC2CN1C(=O)C(Oc1ccccc1)Oc1ccccc1,6.309803919971486,sars2_3cl,coronaviral,EC50,588.488,0.21649484536082475,False,False,False,False
HPHZVNJEMAWASC-MUTMVCIVSA-N,CC1(C)[C@@H]2[C@@H](C(=O)N[C@H](C=O)C[C@@H]3CCNC3=O)N(C(=O)C(Oc3ccc(Cl)cc3)Oc3ccc(Cl)cc3)C[C@@H]21,O=C1NCCC1CCNC(=O)C1C2CC2CN1C(=O)C(Oc1ccccc1)Oc1ccccc1,6.552841968657781,sars2_3cl,coronaviral,IC50,588.488,0.21649484536082475,False,False,False,False
HPKJGHVHQWJOOT-QKNQBKEWSA-N,O=C[C@@H](C[C@@H]1CCNC1=O)NC(=O)[C@@H](CC1CCCCC1)NC(=O)c1cc2ccccc2[nH]1,O=C(NC(CC1CCCCC1)C(=O)NCCC1CCNC1=O)c1cc2ccccc2[nH]1,7.275724130399211,sars2_3cl,coronaviral,IC50,452.55500000000023,0.20430107526881722,False,False,False,False
HPKJGHVHQWJOOT-ZDZADGERSA-N,O=C[C@H](CC1CCNC1=O)NC(=O)[C@H](CC1CCCCC1)NC(=O)c1cc2ccccc2[nH]1,O=C(NC(CC1CCCCC1)C(=O)NCCC1CCNC1=O)c1cc2ccccc2[nH]1,7.275724130399211,sars2_3cl,coronaviral,IC50,452.55500000000023,0.20430107526881722,False,False,False,False
HPKJGHVHQWJOOT-ZJOUEHCJSA-N,O=C[C@H](C[C@@H]1CCNC1=O)NC(=O)[C@H](CC1CCCCC1)NC(=O)c1cc2ccccc2[nH]1,O=C(NC(CC1CCCCC1)C(=O)NCCC1CCNC1=O)c1cc2ccccc2[nH]1,6.275724130399211,sars2_3cl,coronaviral,EC50,452.55500000000023,0.20430107526881722,False,False,False,False
HPKJGHVHQWJOOT-ZJOUEHCJSA-N,O=C[C@H](C[C@@H]1CCNC1=O)NC(=O)[C@H](CC1CCCCC1)NC(=O)c1cc2ccccc2[nH]1,O=C(NC(CC1CCCCC1)C(=O)NCCC1CCNC1=O)c1cc2ccccc2[nH]1,8.096910013008056,sars2_3cl,coronaviral,Ki,452.55500000000023,0.20430107526881722,False,False,False,False
HQHBYWSODFQWDT-TUFLPTIASA-N,CC(C)C[C@H](NC(=O)[C@@H](NC(=O)c1ccncc1)C(C)C)C(=O)N[C@H](C=O)C[C@@H]1CCCNC1=O,O=C(CNC(=O)CNC(=O)c1ccncc1)NCCC1CCCNC1=O,6.815308569182401,sars2_3cl,coronaviral,IC50,487.60100000000034,0.21428571428571427,False,False,False,False
HQHODRFXEHOYNQ-BQFCYCMXSA-N,COc1ccc(C)c2[nH]c(C(=O)N[C@@H](CC(C)C)C(=O)N[C@H](C#N)C[C@@H]3CCNC3=O)cc12,O=C(CNC(=O)c1cc2ccccc2[nH]1)NCCC1CCNC1=O,7.537602002101044,sars2_3cl,coronaviral,Ki,453.54300000000023,0.21428571428571427,False,False,False,False
HQQLSHZAJHGNRF-UHFFFAOYSA-N,CSc1nc2cc3c(cc2n1C(=O)c1ccc(C)c(F)c1)OCCO3,O=C(c1ccccc1)n1cnc2cc3c(cc21)OCCO3,6.569320925844653,sars2_3cl,coronaviral,IC50,358.3940000000001,0.22784810126582278,False,False,False,False
HQZYQLYBVVVROL-XLAORIBOSA-N,CC(C)(C)C(=O)N[C@H](C(=O)N1CC2(C[C@H]1C(=O)N[C@H](C#N)C[C@@H]1CCNC1=O)SCCS2)C(C)(C)C,O=C1NCCC1CCNC(=O)C1CC2(CN1)SCCS2,7.657577319177793,sars2_3cl,coronaviral,IC50,537.7520000000003,0.1553398058252427,False,False,False,False
HRFSFFXXTXEMAV-UHFFFAOYSA-N,O=C(NCc1ccco1)c1ccc(-n2sc3ccccc3c2=O)cc1,O=C(NCc1ccco1)c1ccc(-n2sc3ccccc3c2=O)cc1,6.42021640338319,sars2_3cl,coronaviral,IC50,350.39900000000006,0.2857142857142857,False,False,False,False
HRGWIGRBPZQBIY-UHFFFAOYSA-N,COc1cccc2sn(CC(=O)Nc3ccccc3)c(=O)c12,O=C(Cn1sc2ccccc2c1=O)Nc1ccccc1,6.4769041617474326,sars2_3cl,coronaviral,IC50,314.36600000000004,0.31666666666666665,False,False,False,False
HROGANPCJBTDFB-IRFCIJBXSA-N,COC(=O)N[C@H](C(=O)N1CC2(CCCCC2)C[C@H]1C(=O)N[C@@H](CCC(C)(F)F)C(=O)C(=O)NC1CC1)C(C)(C)C,O=C(CNC(=O)C1CC2(CCCCC2)CN1)C(=O)NC1CC1,7.958607314841775,sars2_3cl,coronaviral,IC50,570.678,0.20833333333333334,False,False,False,False
HSBNQSWJQGVJAD-SQHJXKMMSA-N,CCCCCCNC(=O)C(=O)[C@H](C[C@@H]1CCNC1=O)NC(=O)[C@@H]1[C@@H]2[C@H](CN1C(=O)[C@@H](NC(=O)NC(C)(C)C)C(C)(C)C)C2(C)C,O=C1NCCC1CCNC(=O)C1NCC2CC21,6.142667503568731,sars2_3cl,coronaviral,IC50,632.847,0.15384615384615385,False,False,False,False
HSKHDUVNVQYLID-ITMSHXEOSA-N,CC(C)C[C@H](NC(=O)OCC(C)(O)c1cccc(Cl)c1)C(=O)N[C@@H](C[C@@H]1CCNC1=O)C(O)S(=O)(=O)O,O=C(CNC(=O)OCCc1ccccc1)NCCC1CCNC1=O,6.494850021680094,sars2_3cl,coronaviral,IC50,564.0570000000002,0.18811881188118812,False,False,False,False
HSXRBTGQJWXAET-UHFFFAOYSA-N,COc1cccc(C(=O)Oc2cncc(Br)c2)c1,O=C(Oc1cccnc1)c1ccccc1,7.701146923590294,sars2_3cl,coronaviral,IC50,308.131,0.26865671641791045,False,False,False,False
HTIBMQXKUICLER-UHFFFAOYSA-N,Cc1cccc(OCc2cc(Cl)cc(-c3cc(-c4c[nH]c(=O)[nH]c4=O)cn(-c4cccnc4)c3=O)c2)c1,O=c1[nH]cc(-c2cc(-c3cccc(COc4ccccc4)c3)c(=O)n(-c3cccnc3)c2)c(=O)[nH]1,6.958607314841775,sars2_3cl,coronaviral,IC50,512.9530000000002,0.18681318681318682,False,False,False,False
HTKKVTZQRKGMHM-JOCHJYFZSA-N,COCCn1cc(-c2cc(-c3ccn(C)n3)cc([C@@H](C)NC(=O)c3cc(OCCN(C)C)ccc3C)c2)cn1,O=C(NCc1cc(-c2cn[nH]c2)cc(-c2cc[nH]n2)c1)c1ccccc1,7.045757490560675,sars2_3cl,coronaviral,IC50,530.6730000000003,0.23595505617977527,False,False,False,False
HTPOOTGEUZXMSP-RPBOFIJWSA-N,CN1CCN(C(=O)c2cc(C3CC3)cc([N+](=O)[O-])c2N[C@@H]2CCC[C@@H]2NC(=O)c2cc(=O)[nH]c3ccccc23)CC1,O=C(NC1CCCC1Nc1ccc(C2CC2)cc1C(=O)N1CCNCC1)c1cc(=O)[nH]c2ccccc12,7.603800652904264,sars2_3cl,coronaviral,IC50,558.6390000000001,0.23863636363636365,False,False,False,False
HUKBDAJESLCQRJ-SYAJIYQZSA-N,CC(C)C[C@H](NC(=O)OC[C@@H]1C[C@H]1c1ccccc1)C(=O)N[C@H](C=O)C[C@H]1CCNC1=O,O=C(CNC(=O)OCC1CC1c1ccccc1)NCCC1CCNC1=O,6.769551078621726,sars2_3cl,coronaviral,IC50,443.5440000000002,0.21052631578947367,False,False,False,False
HUTBGTWLYFLQQZ-OMCISZLKSA-N,NC(=S)N/N=C/c1ccc(-c2ccc(C(=O)O)cc2F)o1,c1ccc(-c2ccco2)cc1,5.089375595110798,sars2_3cl,coronaviral,IC50,307.30600000000004,0.18181818181818182,False,False,False,False
HVJCERHSOGESPO-UHFFFAOYSA-N,O=c1[nH]cc(-c2cc(-c3cc(Cl)cc(COc4ccccc4)c3)c(=O)n(-c3cccnc3)c2)c(=O)[nH]1,O=c1[nH]cc(-c2cc(-c3cccc(COc4ccccc4)c3)c(=O)n(-c3cccnc3)c2)c(=O)[nH]1,6.892790030352131,sars2_3cl,coronaviral,IC50,498.92600000000016,0.18072289156626506,False,False,False,False
HWBPESUHQMIXLB-JUPXILGHSA-N,COc1cccc2[nH]c(C(=O)N3C[C@@H]4CCC[C@@H]4[C@H]3C(=O)N[C@H](C#N)C[C@@H]3CCNC3=O)cc12,O=C1NCCC1CCNC(=O)C1C2CCCC2CN1C(=O)c1cc2ccccc2[nH]1,6.629818655252878,sars2_3cl,coronaviral,IC50,463.5380000000002,0.29473684210526313,False,False,False,False
HWHAHUPQUZVURS-QHCPKHFHSA-N,COc1ccc(Cl)c(F)c1CN(C#N)N(C)C(=O)[C@H](Cc1ccccc1)NC(=O)OCc1ccccc1,O=C(NC(Cc1ccccc1)C(=O)NNCc1ccccc1)OCc1ccccc1,6.406713932979542,sars2_3cl,coronaviral,IC50,524.9800000000002,0.21621621621621623,False,False,False,False
HWTMDEPAETVGMP-UHFFFAOYSA-N,CCC(C(=O)Nc1cc(NC2CCOC2)ccc1C)n1cc(F)cc2nc(SCc3ccc(F)cc3)nc1-2,O=C(Cn1cccc2nc(SCc3ccccc3)nc1-2)Nc1cccc(NC2CCOC2)c1,5.730487055782083,sars2_3cl,coronaviral,IC50,537.6360000000001,0.24731182795698925,False,False,False,False
HWWLPQZHHBGXAB-DEYYWGMASA-N,CC(C)C[C@H](NC(=O)c1cc2c(Cl)cccc2[nH]1)C(=O)N[C@H](C#N)C[C@@H]1CCNC1=O,O=C(CNC(=O)c1cc2ccccc2[nH]1)NCCC1CCNC1=O,7.42021640338319,sars2_3cl,coronaviral,Ki,443.93500000000023,0.2111111111111111,False,False,False,False
HWYRKZDETMXFKE-QORCZRPOSA-N,CC(C)[C@H](NC(=O)OCc1ccccc1)C(=O)N[C@@H](CC1CCCCC1)C(=O)N[C@H](C=O)C[C@@H]1CCNC1=O,O=C(CNC(=O)OCc1ccccc1)NC(CC1CCCCC1)C(=O)NCCC1CCNC1=O,6.180456064458131,sars2_3cl,coronaviral,EC50,542.6770000000005,0.22916666666666666,False,False,False,False
HWYRKZDETMXFKE-QORCZRPOSA-N,CC(C)[C@H](NC(=O)OCc1ccccc1)C(=O)N[C@@H](CC1CCCCC1)C(=O)N[C@H](C=O)C[C@@H]1CCNC1=O,O=C(CNC(=O)OCc1ccccc1)NC(CC1CCCCC1)C(=O)NCCC1CCNC1=O,7.481486060122112,sars2_3cl,coronaviral,IC50,542.6770000000005,0.22916666666666666,False,False,False,False
HWZDEICJYBPOQZ-UHFFFAOYSA-N,Cc1ccc(C2C3=C(CCCC3=O)Nc3cc([N+](=O)[O-])ccc3N2C(=O)CCl)cc1,O=C1CCCC2=C1C(c1ccccc1)Nc1ccccc1N2,5.628932137728263,sars2_3cl,coronaviral,IC50,425.8720000000002,0.2,False,False,False,False
HXAHMXYAYHWWRI-ZCTWNQIISA-N,O=C[C@H](C[C@@H]1CCNC1=O)NC(=O)[C@H](Cc1ccccc1)NC(=O)/C=C/c1ccc(Cl)cc1F,O=C(C=Cc1ccccc1)NC(Cc1ccccc1)C(=O)NCCC1CCNC1=O,6.987162775294828,sars2_3cl,coronaviral,IC50,485.9430000000001,0.20430107526881722,False,False,False,False
HXVWPRGRPGGACU-UHFFFAOYSA-N,Cc1cc(C)nc(SC(=O)c2cc3ccccc3[nH]2)n1,O=C(Sc1ncccn1)c1cc2ccccc2[nH]1,5.692503962086787,sars2_3cl,coronaviral,IC50,283.356,0.22807017543859648,False,False,False,False
HXVWPRGRPGGACU-UHFFFAOYSA-N,Cc1cc(C)nc(SC(=O)c2cc3ccccc3[nH]2)n1,O=C(Sc1ncccn1)c1cc2ccccc2[nH]1,6.111820506081675,sars2_3cl,coronaviral,Ki,283.356,0.22807017543859648,False,False,False,False
HXYLCRGEOYJYMM-SBOZNWLOSA-N,CC(C)(C)[C@H](NC(=O)C(F)(F)F)C(=O)N1C[C@@H]2CCC[C@@H]2[C@H]1C(=O)NN(C[C@@H]1CCNC1=O)C(=O)[C@H](F)Cl,O=C1NCCC1CNNC(=O)C1NCC2CCCC21,8.221848749616356,sars2_3cl,coronaviral,IC50,569.9840000000004,0.17142857142857143,False,False,False,False
HYGMVCDNJVFZRF-UFYCRDLUSA-N,CC(C)(C)C[C@H](NC(=O)C(C)(C)NC(=O)OCc1ccccc1)C(=O)N[C@H](C=O)C[C@@H]1CCNC1=O,O=C(CNC(=O)CNC(=O)OCc1ccccc1)NCCC1CCNC1=O,7.309803919971486,sars2_3cl,coronaviral,IC50,502.6120000000002,0.20618556701030927,False,False,False,False
HYIUKWUUXPIGPN-UHFFFAOYSA-N,COc1nnc(SC(=O)c2cc3ccccc3[nH]2)s1,O=C(Sc1nncs1)c1cc2ccccc2[nH]1,6.8326826652518236,sars2_3cl,coronaviral,IC50,291.35699999999997,0.20833333333333334,False,False,False,False
HYIUKWUUXPIGPN-UHFFFAOYSA-N,COc1nnc(SC(=O)c2cc3ccccc3[nH]2)s1,O=C(Sc1nncs1)c1cc2ccccc2[nH]1,7.073657553374344,sars2_3cl,coronaviral,Ki,291.35699999999997,0.20833333333333334,False,False,False,False
HYJBUKVFRNKPSE-YMVWIMJXSA-N,CCC1CCC(OC(=O)N[C@@H](CC(C)C)C(=O)N[C@H](C=O)C[C@@H]2CCNC2=O)CC1,O=C(CNC(=O)OC1CCCCC1)NCCC1CCNC1=O,5.958607314841775,sars2_3cl,coronaviral,IC50,423.55400000000026,0.18478260869565216,False,False,False,False
HYKFLPIGHFOHFF-UHFFFAOYSA-N,Oc1ccc(SSC(=S)N2CCC(O)CC2)cc1,S=C(SSc1ccccc1)N1CCCCC1,6.522878745280337,sars2_3cl,coronaviral,IC50,301.4580000000001,0.2727272727272727,False,False,False,False
HYVRWWCUPYAFTR-UHFFFAOYSA-N,O=C(Nc1ccc2c(c1)B(O)OC2)c1cccc(OCc2ccccc2)n1,O=C(Nc1ccc2c(c1)BOC2)c1cccc(OCc2ccccc2)n1,4.414539270491499,sars2_3cl,coronaviral,IC50,360.17800000000005,0.20833333333333334,False,False,False,False
HZCACNUXNXZZCO-DWACAAAGSA-N,C=CS(=O)(=O)N(c1ccc(-c2ccccc2)cc1)[C@H](C(=O)N[C@@H](C)c1ccccc1)c1cccnc1,O=C(NCc1ccccc1)C(Nc1ccc(-c2ccccc2)cc1)c1cccnc1,5.187755303199631,sars2_3cl,coronaviral,IC50,497.6200000000002,0.26229508196721313,False,False,False,False
HZCACNUXNXZZCO-RBISFHTESA-N,C=CS(=O)(=O)N(c1ccc(-c2ccccc2)cc1)[C@@H](C(=O)N[C@@H](C)c1ccccc1)c1cccnc1,O=C(NCc1ccccc1)C(Nc1ccc(-c2ccccc2)cc1)c1cccnc1,6.508638306165727,sars2_3cl,coronaviral,IC50,497.6200000000002,0.26229508196721313,False,False,False,False
HZEOPBMLCXJSCK-UHFFFAOYSA-N,O=c1c2c(O)c(O)c(O)cc2nc(-c2ccccc2)n1-c1cccc(F)c1,O=c1c2ccccc2nc(-c2ccccc2)n1-c1ccccc1,6.627087997029893,sars2_3cl,coronaviral,IC50,364.33200000000005,0.25,False,False,False,False
HZNQYKFVVNVRIS-UHFFFAOYSA-N,CCn1cc2cc(Nc3nc(=O)n(-c4cncc(Cl)c4)c(=O)n3Cc3cc(C#N)ccc3Cl)ccc2n1,O=c1nc(Nc2ccc3n[nH]cc3c2)n(Cc2ccccc2)c(=O)n1-c1cccnc1,6.449771646944906,sars2_3cl,coronaviral,IC50,533.3790000000001,0.15151515151515152,False,False,False,False
IAECQFMMXMOKGS-QAETUUGQSA-N,CC(C)[C@H](NC(=O)OC(C)(C)C)C(=O)N1CCC[C@H]1C(=O)N[C@H](C=O)C[C@@H]1CCNC1=O,O=C1NCCC1CCNC(=O)C1CCCN1,8.20551195334083,sars2_3cl,coronaviral,IC50,452.5520000000002,0.2840909090909091,False,False,False,False
IAUFKKQDRKUDQW-RYRLNICXSA-N,CC(C)[C@H]1C(=O)N2C[C@]3(C[C@H]2C#N)C(=O)Nc2ccc(cc23)CCCCCN1C(=O)c1cc2ccc(C(F)(F)F)cc2[nH]1,O=C1CN(C(=O)c2cc3ccccc3[nH]2)CCCCCc2ccc3c(c2)C2(CCN1C2)C(=O)N3,7.0,sars2_3cl,coronaviral,IC50,591.6340000000005,0.22429906542056074,False,False,False,False
IAWTXKPGXJFEAC-OAQYLSRUSA-N,O=C(CNC(=O)C1CCCCC1)N[C@H](Cc1ccccc1)C(=O)C(=O)NCc1ccccn1,O=C(CNC(=O)C1CCCCC1)NC(Cc1ccccc1)C(=O)C(=O)NCc1ccccn1,7.661543506395395,sars2_3cl,coronaviral,IC50,450.53900000000016,0.2857142857142857,False,False,False,False
IBFLGUGZUZWTRR-CAOWKYOXSA-N,CC(C)(C)[C@H](NC(=O)CC(F)(F)F)C(=O)N1C[C@H]2[C@@H]([C@H]1C(=O)N[C@H](C#N)C[C@@H]1CCNC1=O)C2(C)C,O=C1NCCC1CCNC(=O)C1NCC2CC21,8.468521082957745,sars2_3cl,coronaviral,Ki,513.5610000000003,0.24742268041237114,False,False,False,False
IBMWPTXMJVFLFJ-IRFCIJBXSA-N,CNC(=O)N[C@H](C(=O)N1CC2(CCCCC2)C[C@H]1C(=O)N[C@@H](CCC(C)(F)F)C(=O)C(=O)NC1CC1)C(C)(C)C,O=C(CNC(=O)C1CC2(CCCCC2)CN1)C(=O)NC1CC1,7.086186147616283,sars2_3cl,coronaviral,IC50,569.6940000000001,0.18,False,False,False,False
IBQXXYZTUWXAPY-QHCPKHFHSA-N,CN1C(=O)[C@H](Cc2ccccc2)N(C(=O)CNC(=O)c2cccs2)CCCOc2c(Cl)cccc2CN1C#N,O=C(NCC(=O)N1CCCOc2ccccc2CNNC(=O)C1Cc1ccccc1)c1cccs1,8.522878745280337,sars2_3cl,coronaviral,IC50,566.0830000000001,0.23958333333333334,False,False,False,False
IBQXXYZTUWXAPY-QHCPKHFHSA-N,CN1C(=O)[C@H](Cc2ccccc2)N(C(=O)CNC(=O)c2cccs2)CCCOc2c(Cl)cccc2CN1C#N,O=C(NCC(=O)N1CCCOc2ccccc2CNNC(=O)C1Cc1ccccc1)c1cccs1,8.640164517660113,sars2_3cl,coronaviral,Ki,566.0830000000001,0.23958333333333334,False,False,False,False
ICCFXXDUYSPKOL-UHFFFAOYSA-N,O=[N+]([O-])c1ccc(Sc2cccc[n+]2[O-])c2nonc12,c1ccc(Sc2cccc3nonc23)[nH+]c1,7.0,sars2_3cl,coronaviral,IC50,290.26000000000005,0.1388888888888889,False,False,False,False
ICGMMLTUQDVAST-ARRBWNDNSA-N,O=C(NC1CCCC1)C(=O)[C@H](CC1CCNC1=O)NC(=O)[C@@H]1[C@H]2CCC[C@H]2CN1C(=O)[C@@H](NC(=O)C(F)(F)F)C1CCCCC1,O=C(NC1CCCC1)C(=O)C(CC1CCNC1=O)NC(=O)C1C2CCCC2CN1C(=O)CC1CCCCC1,8.096910013008056,sars2_3cl,coronaviral,Ki,639.7160000000001,0.17307692307692307,False,False,False,False
ICGMMLTUQDVAST-HEZDJTGRSA-N,O=C(NC1CCCC1)C(=O)[C@H](C[C@@H]1CCNC1=O)NC(=O)[C@@H]1[C@H]2CCC[C@H]2CN1C(=O)[C@@H](NC(=O)C(F)(F)F)C1CCCCC1,O=C(NC1CCCC1)C(=O)C(CC1CCNC1=O)NC(=O)C1C2CCCC2CN1C(=O)CC1CCCCC1,8.086315363473087,sars2_3cl,coronaviral,Ki,639.7160000000001,0.17307692307692307,False,False,False,False
ICHROBBMJKBDDC-SXDMNLNLSA-N,COc1ccc(/C=C/C(=O)N[C@H](C(=O)N[C@@H](CC(C)C)C(=O)N[C@H](C=O)C[C@@H]2CCCNC2=O)C(C)C)cc1,O=C(C=Cc1ccccc1)NCC(=O)NCC(=O)NCCC1CCCNC1=O,6.603800652904264,sars2_3cl,coronaviral,IC50,542.6770000000004,0.1875,False,False,False,False
ICJGURDUFOHBQH-UVFQYZLESA-N,Cc1cc(Cl)cc2[nH]c(C(=O)N[C@@H](CC(C)(C)C)C(=O)N[C@H](C#N)C[C@@H]3CCNC3=O)cc12,O=C(CNC(=O)c1cc2ccccc2[nH]1)NCCC1CCNC1=O,7.040958607678906,sars2_3cl,coronaviral,Ki,471.98900000000026,0.20652173913043478,False,False,False,False
ICPWYDDEGIDPBK-UHFFFAOYSA-N,CCC(C(=O)Nc1cc(NC2CNC2)ccc1C)n1cc(F)cc2nc(SCc3ccc(F)cc3)nc1-2,O=C(Cn1cccc2nc(SCc3ccccc3)nc1-2)Nc1cccc(NC2CNC2)c1,6.698970004336019,sars2_3cl,coronaviral,IC50,522.6250000000001,0.2111111111111111,False,False,False,False
ICPWYDDEGIDPBK-UHFFFAOYSA-N,CCC(C(=O)Nc1cc(NC2CNC2)ccc1C)n1cc(F)cc2nc(SCc3ccc(F)cc3)nc1-2,O=C(Cn1cccc2nc(SCc3ccccc3)nc1-2)Nc1cccc(NC2CNC2)c1,6.568636235841012,sars2_3cl,coronaviral,Kd,522.6250000000001,0.2111111111111111,False,False,False,False
ICWYHFADYMCXSX-BCHFMIIMSA-N,Cc1ccc(NC[C@]2(C)CCCN2)cc1C(=O)N[C@H](C)c1cccc2ccccc12,O=C(NCc1cccc2ccccc12)c1cccc(NCC2CCCN2)c1,5.920818753952375,sars2_3cl,coronaviral,IC50,401.55400000000014,0.24324324324324326,False,False,False,False
ICWYHFADYMCXSX-NIYFSFCBSA-N,Cc1ccc(NC[C@@]2(C)CCCN2)cc1C(=O)N[C@H](C)c1cccc2ccccc12,O=C(NCc1cccc2ccccc12)c1cccc(NCC2CCCN2)c1,5.958607314841775,sars2_3cl,coronaviral,IC50,401.55400000000014,0.24324324324324326,False,False,False,False
IDBWWEGDLCFCTD-VNEMRZQUSA-N,Cc1cc(C(=O)N[C@@H](C)C(=O)N[C@H](C(=O)N[C@@H](CC(C)C)C(=O)N[C@H](/C=C/C(=O)OCc2ccccc2)C[C@@H]2CCNC2=O)C(C)C)no1,O=C(CNC(=O)CNC(=O)c1ccon1)NCC(=O)NC(C=CC(=O)OCc1ccccc1)CC1CCNC1=O,5.045757490560675,sars2_3cl,coronaviral,Ki,680.803,0.18421052631578946,False,False,False,False
IDEWJDIVGHDEFX-HVUMFHIUSA-N,COc1ccc(OCC(=O)N2C[C@@H]3CCC[C@@H]3[C@H]2C(=O)N[C@H](C=O)C[C@@H]2CCNC2=O)cc1,O=C1NCCC1CCNC(=O)C1C2CCCC2CN1C(=O)COc1ccccc1,7.441291429466834,sars2_3cl,coronaviral,IC50,457.5270000000002,0.25274725274725274,False,False,False,False
IDLAOWFFKWRNHB-UHFFFAOYSA-N,O=C1CC(=O)c2c(Cl)c(Cl)c(Cl)c(Cl)c21,O=C1CC(=O)c2ccccc21,3.860120913598763,sars2_3cl,coronaviral,IC50,283.925,0.15789473684210525,False,False,False,False
IDTHWTUICIVMCO-UHFFFAOYSA-N,O=c1[nH]c(-c2ccccc2C(F)(F)F)nc2cc(O)c(O)c(O)c12,O=c1[nH]c(-c2ccccc2)nc2ccccc12,5.829444941478791,sars2_3cl,coronaviral,IC50,338.241,0.17567567567567569,False,False,False,False
IEHLDRVVWLZHOK-HXUWFJFHSA-N,O=C(CNC(=O)C1CCC(F)(F)CC1)N[C@H](Cc1ccccc1Cl)C(=O)C(=O)NCc1ccccn1,O=C(CNC(=O)C1CCCCC1)NC(Cc1ccccc1)C(=O)C(=O)NCc1ccccn1,7.343901797987169,sars2_3cl,coronaviral,IC50,520.9640000000002,0.23529411764705882,False,False,False,False
IFSWOVCBCRLOCY-UHFFFAOYSA-N,O=c1[nH]c(-c2ccccc2OC(F)(F)F)nc2cc(O)c(O)c(O)c12,O=c1[nH]c(-c2ccccc2)nc2ccccc12,5.74521031260279,sars2_3cl,coronaviral,IC50,354.24,0.1891891891891892,False,False,False,False
IFWLTGFUBKIJBO-HEHNFIMWSA-N,FC1(F)CC(/N=c2\nc(-c3ccccc3)n(-c3ccccc3)s2)C1,c1ccc(-c2nc(=NC3CCC3)sn2-c2ccccc2)cc1,6.490797477668897,sars2_3cl,coronaviral,IC50,343.4020000000001,0.18055555555555555,False,False,False,False
IGOKRSRDDXZVPD-YZHIJFHOSA-N,CC(C)C[C@H](NC(=O)OCC1CN(C(=O)C2CC3CCC2C3)C1)C(=O)N[C@@H](C[C@H]1CCNC1=O)C(=O)C(O)S(=O)(=O)O,O=C(CNC(=O)OCC1CN(C(=O)C2CC3CCC2C3)C1)NCCC1CCNC1=O,6.309803919971486,sars2_3cl,coronaviral,IC50,614.7180000000006,0.18691588785046728,False,False,False,False
IGUWUTUJRGNIDR-UHFFFAOYSA-N,CSc1nc2cc3c(cc2n1C(=O)c1ccc(C)cc1)OCCO3,O=C(c1ccccc1)n1cnc2cc3c(cc21)OCCO3,6.840011949618013,sars2_3cl,coronaviral,IC50,340.4040000000001,0.24,False,False,False,False
IGVYCVBUHQMNRZ-RZTXVSJASA-N,Cc1ccc(NC2CNC2)cc1C(=O)N[C@H](C)c1cccc(-c2ccc(CN[C@H]3CC[C@@H](O)C3)s2)c1,O=C(NCc1cccc(-c2ccc(CNC3CCCC3)s2)c1)c1cccc(NC2CNC2)c1,6.795880017344075,sars2_3cl,coronaviral,IC50,504.7000000000003,0.19791666666666666,False,False,False,False
IGYBDBUREWZAAX-OMKBGSMGSA-N,COC[C@@H](NC(=O)C1CCCC(F)(F)C1)C(=O)N[C@H](Cc1ccccc1)C(=O)C(=O)NCc1nccs1,O=C(CNC(=O)C1CCCCC1)NC(Cc1ccccc1)C(=O)C(=O)NCc1nccs1,4.841637507904751,sars2_3cl,coronaviral,IC50,536.6010000000001,0.25,False,False,False,False
IHADTPBMTBSIET-VIUYAVOVSA-N,CC(=O)N[C@H](C(=O)N[C@H](C(=O)N[C@@H](CC(C)C)C(=O)N[C@@H](CCC(=O)N(C)C)C(=O)Cn1[nH]c(=O)c2ccccc2c1=O)C(C)OCc1ccccc1)C(C)C,O=C(CNC(=O)CNC(=O)CCOCc1ccccc1)Cn1[nH]c(=O)c2ccccc2c1=O,4.1938200260161125,sars2_3cl,coronaviral,IC50,777.9200000000002,0.18556701030927836,False,False,False,False
IHQPXHVQRXNZRY-SRVKXCTJSA-N,CC(C)C[C@H](NC(=O)C(=O)NCC(F)(F)F)C(=O)N[C@@H](C[C@@H]1CCNC1=O)C(=O)COC(F)(F)F,O=C1CCCN1,7.462180904926726,sars2_3cl,coronaviral,IC50,520.4270000000002,0.17073170731707318,False,False,False,False
IHUXEYBNEOAQPK-ULQDDVLXSA-N,CC(C)(C)C[C@H](NC(=O)OCc1cccnc1)C(=O)N[C@H](C=O)C[C@@H]1CCNC1=O,O=C(CNC(=O)OCc1cccnc1)NCCC1CCNC1=O,7.552841968657781,sars2_3cl,coronaviral,IC50,418.4940000000002,0.26804123711340205,False,False,False,False
IHWNQJURMBECGK-UHFFFAOYSA-N,CC(=O)OCC1Cc2c(-c3ccccn3)cccc2-c2c(O)ccc(C3CCCCC3)c21,c1ccc(-c2cccc3c2CCc2c-3cccc2C2CCCCC2)nc1,5.042871802323187,sars2_3cl,coronaviral,IC50,427.5440000000004,0.25555555555555554,False,False,False,False
IIDXKKYXSYZYTM-UHFFFAOYSA-N,CSc1nc2cc(Cl)ccc2n1C(=O)c1ccc(C)cc1,O=C(c1ccccc1)n1cnc2ccccc21,6.259819000551894,sars2_3cl,coronaviral,IC50,316.81300000000005,0.20930232558139536,False,False,False,False
IIKBDQDKJXBFOD-UHFFFAOYSA-N,CCC(=O)c1ccc2c(c1)N(C(=O)CSC#N)c1ccccc1S2,c1ccc2c(c1)Nc1ccccc1S2,5.47716468633947,sars2_3cl,coronaviral,IC50,354.456,0.18666666666666668,False,False,False,False
IINVNSHMTBHTQU-UHFFFAOYSA-N,COc1cccc(-c2noc(CNC(=O)C3C(C)=C3c3ccccc3)n2)c1,O=C(NCc1nc(-c2ccccc2)no1)C1C=C1c1ccccc1,4.405386490839902,sars2_3cl,coronaviral,IC50,361.40100000000007,0.24675324675324675,False,False,False,False
IIRZRWSQPNYQNC-HQHXSWNVSA-N,CC(C)C[C@H](NC(=O)OCC1CCN(Cc2cccc(C(F)(F)F)c2)C1=O)C(=O)N[C@H](C=O)C[C@@H]1CCNC1=O,O=C(CNC(=O)OCC1CCN(Cc2ccccc2)C1=O)NCCC1CCNC1=O,6.070581074285707,sars2_3cl,coronaviral,IC50,568.5930000000001,0.23469387755102042,False,False,False,False
IIYSOKUNCMQEPQ-DEYYWGMASA-N,CC(C)C[C@H](NC(=O)c1cc2c(C(F)(F)F)cccc2[nH]1)C(=O)N[C@H](C#N)C[C@@H]1CCNC1=O,O=C(CNC(=O)c1cc2ccccc2[nH]1)NCCC1CCNC1=O,7.036212172654444,sars2_3cl,coronaviral,Ki,477.4870000000002,0.21100917431192662,False,False,False,False
IJUQEKOTVDZYMN-RABCQHRBSA-N,N#C[C@H](C[C@@H]1CCNC1=O)NC(=O)[C@@H]1[C@H]2CCC[C@H]2CN1C(=O)[C@@H](NC(=O)C(F)(F)F)C1CCCCC1,O=C1NCCC1CCNC(=O)C1C2CCCC2CN1C(=O)CC1CCCCC1,7.327902142064282,sars2_3cl,coronaviral,IC50,525.5720000000002,0.1782178217821782,False,False,False,False
IJUSQHGCLSCLBK-QDLLFRBVSA-N,C[C@H](NC(=O)C(c1cccnc1)N(C(=O)c1ccco1)c1ccc(-c2ccco2)cc1)c1ccccc1,O=C(NCc1ccccc1)C(c1cccnc1)N(C(=O)c1ccco1)c1ccc(-c2ccco2)cc1,5.5951662833800615,sars2_3cl,coronaviral,IC50,491.5470000000002,0.24,False,False,False,False
IKAPYBUWWOLTKK-UHFFFAOYSA-N,O=c1[nH]c(-c2ccccc2)nc2cc(O)c(O)c(O)c12,O=c1[nH]c(-c2ccccc2)nc2ccccc12,5.862645888629267,sars2_3cl,coronaviral,IC50,270.24399999999997,0.16666666666666666,False,False,False,False
IKIIZLYTISPENI-ZFORQUDYSA-N,O=C(O)[C@H]1O[C@@H](Oc2cc3oc(-c4ccccc4)cc(=O)c3c(O)c2O)[C@H](O)[C@@H](O)[C@@H]1O,O=c1cc(-c2ccccc2)oc2cc(OC3CCCCO3)ccc12,4.988429556402722,sars2_3cl,coronaviral,EC50,446.36400000000015,0.1794871794871795,False,False,False,False
IKIIZLYTISPENI-ZFORQUDYSA-N,O=C(O)[C@H]1O[C@@H](Oc2cc3oc(-c4ccccc4)cc(=O)c3c(O)c2O)[C@H](O)[C@@H](O)[C@@H]1O,O=c1cc(-c2ccccc2)oc2cc(OC3CCCCO3)ccc12,4.939302159646388,sars2_3cl,coronaviral,Kd,446.36400000000015,0.1794871794871795,False,False,False,False
IKMDFBPHZNJCSN-UHFFFAOYSA-N,O=c1c(O)c(-c2cc(O)c(O)c(O)c2)oc2cc(O)cc(O)c12,O=c1cc(-c2ccccc2)oc2ccccc12,4.803271277376713,sars2_3cl,coronaviral,Ki,318.237,0.1232876712328767,False,False,False,False
IKQKFWABRTUYEM-UHFFFAOYSA-N,O=c1[nH]cccc1-c1cn(-c2cc(Cl)cc(OCCC(F)(F)F)c2)c(=O)n(-c2cccnc2)c1=O,O=c1[nH]cccc1-c1cn(-c2ccccc2)c(=O)n(-c2cccnc2)c1=O,7.259637310505756,sars2_3cl,coronaviral,IC50,504.8520000000002,0.17567567567567569,False,False,False,False
ILAPRVMKCZOCOV-QSMDXMANSA-N,CC1(C)COC(=O)[C@@H]2C[C@@H](C[C@@H](C#N)NC(=O)[C@@H]3[C@@H]4[C@H](CN3C(=O)[C@H]1NC(=O)C(F)(F)c1ccc(F)cc1)C4(C)C)C(=O)N2,O=C(Cc1ccccc1)NC1CCOC(=O)C2CC(CCNC(=O)C3C4CC4CN3C1=O)C(=O)N2,7.657577319177793,sars2_3cl,coronaviral,IC50,617.6250000000001,0.18556701030927836,False,False,False,False
ILOORJBAWCAGSO-UHFFFAOYSA-N,CCCCCCCCCC(C)CCC(C)C(=O)O,,4.5376020021010435,sars2_3cl,coronaviral,IC50,256.42999999999995,0.14545454545454545,False,False,False,False
ILRVWLNMGUFCNJ-UHFFFAOYSA-N,O=C(Nc1ccccc1)n1sc2cc(F)ccc2c1=O,O=C(Nc1ccccc1)n1sc2ccccc2c1=O,6.167491087293763,sars2_3cl,coronaviral,IC50,288.303,0.25,False,False,False,False
IMACFCSSMIZSPP-UHFFFAOYSA-N,O=C(CCl)c1ccccc1,c1ccccc1,6.721246399047171,sars2_3cl,coronaviral,IC50,154.596,0.325,False,True,False,True
INAZPZCJNPPHGV-UHFFFAOYSA-N,Cc1cc(S(=O)(=O)c2c([N+](=O)[O-])cc(C(F)(F)F)cc2[N+](=O)[O-])c(Cl)cc1Cl,O=S(=O)(c1ccccc1)c1ccccc1,6.522878745280337,sars2_3cl,coronaviral,IC50,459.1850000000002,0.19230769230769232,False,False,False,False
INCPOQCTPBWLJW-NOLJZWGESA-N,COc1cc(C(F)(F)F)cc2[nH]c(C(=O)N[C@@H](CC(C)(C)C)C(=O)N[C@H](C#N)C[C@@H]3CCNC3=O)c(C(F)(F)F)c12,O=C(CNC(=O)c1cc2ccccc2[nH]1)NCCC1CCNC1=O,6.982966660701219,sars2_3cl,coronaviral,Ki,589.5370000000005,0.21782178217821782,False,False,False,False
INGZRIKSJKYXTM-UHFFFAOYSA-O,Cc1ccc(N2C(=O)C[n+]3ccccc3C2C(=O)Nc2ccc(Cl)cc2)cc1Br,O=C(Nc1ccccc1)C1c2cccc[n+]2CC(=O)N1c1ccccc1,5.346787486224656,sars2_3cl,coronaviral,IC50,471.7620000000001,0.21951219512195122,False,False,False,False
INHGRHVOLGOQKS-OHCFRWENSA-N,CC(C)C[C@H](NC(=O)[C@@H](NC(=O)c1ccc2cc[nH]c2c1)C(C)C)C(=O)N[C@H](C=O)C[C@@H]1CCCNC1=O,O=C(CNC(=O)CNC(=O)c1ccc2cc[nH]c2c1)NCCC1CCCNC1=O,6.655607726314889,sars2_3cl,coronaviral,IC50,525.6500000000003,0.24444444444444444,False,False,False,False
INJSPYUOTZNFSF-UHFFFAOYSA-N,O=c1c2ccccc2[se]n1CCO,O=c1[nH][se]c2ccccc12,6.187086643357144,sars2_3cl,coronaviral,IC50,242.13599999999997,0.2391304347826087,False,False,False,False
INWHDRNGZMHXEZ-UHFFFAOYSA-N,CN1CCN(c2ccccc2N)CC1,c1ccc(N2CCNCC2)cc1,8.742321425130816,sars2_3cl,coronaviral,IC50,191.27799999999993,0.28846153846153844,False,False,False,False
INWJWOWLPHRPRQ-CVEARBPZSA-N,CNC(=O)c1cc(Br)cc([N+](=O)[O-])c1N[C@@H]1CCC[C@H](NC(=O)c2cncc3cccc(O)c23)C1,O=C(NC1CCCC(Nc2ccccc2)C1)c1cncc2ccccc12,4.204119982655925,sars2_3cl,coronaviral,IC50,542.3900000000002,0.2,False,False,False,False
IOCWSIHQACDCKI-UHFFFAOYSA-N,O=c1c2c(O)c(O)c(O)cc2nc(-c2ccccc2)n1CCO,O=c1[nH]c(-c2ccccc2)nc2ccccc12,5.864867348623225,sars2_3cl,coronaviral,IC50,314.2970000000001,0.2054794520547945,False,False,False,False
IONDHPFUSSUCRQ-UHFFFAOYSA-N,O=C(Sc1nc2ccccc2s1)c1ccc2ccccc2n1,O=C(Sc1nc2ccccc2s1)c1ccc2ccccc2n1,7.051098239029786,sars2_3cl,coronaviral,IC50,322.41400000000004,0.17142857142857143,False,False,False,False
IONDHPFUSSUCRQ-UHFFFAOYSA-N,O=C(Sc1nc2ccccc2s1)c1ccc2ccccc2n1,O=C(Sc1nc2ccccc2s1)c1ccc2ccccc2n1,7.292429823902063,sars2_3cl,coronaviral,Ki,322.41400000000004,0.17142857142857143,False,False,False,False
IOUZVTJNNWTRMC-UHFFFAOYSA-N,O=c1[nH]cc(-c2cc(-c3cc(Cl)cc(COc4cccc(F)c4)c3)c(=O)n(-c3cccnc3)c2)c(=O)[nH]1,O=c1[nH]cc(-c2cc(-c3cccc(COc4ccccc4)c3)c(=O)n(-c3cccnc3)c2)c(=O)[nH]1,7.431798275933005,sars2_3cl,coronaviral,IC50,516.9160000000002,0.18681318681318682,False,False,False,False
IOZYRYXEKZKPMB-GFCCVEGCSA-N,COc1ccc2cc([C@@H](C)C(=O)Oc3cncc(Cl)c3)ccc2c1,O=C(Cc1ccc2ccccc2c1)Oc1cccnc1,6.795880017344075,sars2_3cl,coronaviral,IC50,341.79400000000004,0.23684210526315788,False,False,False,False
IPCOKSTXMZWWQE-UHFFFAOYSA-N,O=C(Cn1sc2cc(F)ccc2c1=O)Nc1ccccc1C(F)(F)F,O=C(Cn1sc2ccccc2c1=O)Nc1ccccc1,6.4752145506787775,sars2_3cl,coronaviral,IC50,370.327,0.25,False,False,False,False
IPFCRNVQLVQVIH-UHFFFAOYSA-N,COc1ccc2c(c1)cc(C(=O)NCCCNC(=O)n1cc(F)c(=O)[nH]c1=O)n2CC(C)C,O=C(NCCCNC(=O)n1ccc(=O)[nH]c1=O)c1cc2ccccc2[nH]1,5.853871964321762,sars2_3cl,coronaviral,IC50,459.4780000000002,0.19101123595505617,False,False,False,False
IPGMAZLYVSWCJD-JQAUGOOASA-N,CC(C)C[C@@H](C(=O)N1C[C@]2(CC1C#N)C(=O)Nc1ccccc12)N(C)C(=O)OCc1sc2cc(F)ccc2c1Cl,O=C(NCC(=O)N1CCC2(C1)C(=O)Nc1ccccc12)OCc1cc2ccccc2s1,6.259637310505756,sars2_3cl,coronaviral,IC50,583.0850000000002,0.18518518518518517,False,False,False,False
IPQVTOJGNYVQEO-KGFNBKMBSA-N,O=C(O)c1cc(O)c2c(c1)[C@H]([C@H]1c3cc(C(=O)O)cc(O)c3C(=O)c3c(O[C@@H]4O[C@H](CO)[C@@H](O)[C@H](O)[C@H]4O)cccc31)c1cccc(O[C@@H]3O[C@H](CO)[C@@H](O)[C@H](O)[C@H]3O)c1C2=O,O=C1c2ccccc2C(C2c3ccccc3C(=O)c3c(OC4CCCCO4)cccc32)c2cccc(OC3CCCCO3)c21,5.798602875679549,sars2_3cl,coronaviral,IC50,862.7460000000005,0.18072289156626506,False,False,False,False
IQPNAANSBPBGFQ-UHFFFAOYSA-N,O=c1cc(-c2ccc(O)c(O)c2)oc2cc(O)cc(O)c12,O=c1cc(-c2ccccc2)oc2ccccc12,4.97469413473523,sars2_3cl,coronaviral,EC50,286.23900000000003,0.1375,False,False,False,False
IQVDFTGKCOAFQW-XMSQKQJNSA-N,C[C@@H](NC(=O)CC1CCC(F)(F)CC1)C(=O)N[C@H](Cc1ccccc1)C(=O)C(=O)NCc1ccccn1,O=C(CC1CCCCC1)NCC(=O)NC(Cc1ccccc1)C(=O)C(=O)NCc1ccccn1,7.79317412396815,sars2_3cl,coronaviral,IC50,514.5730000000002,0.24444444444444444,False,False,False,False
IQWDSTSPBNAEEP-UHFFFAOYSA-N,CC(=O)OCC1Cc2c(-c3ccc(S(C)(=O)=O)cn3)cccc2-c2c(O)ccc(-c3ccc(Br)cc3)c21,c1ccc(-c2cccc3c2CCc2c(-c4ccccn4)cccc2-3)cc1,5.1771783546968955,sars2_3cl,coronaviral,IC50,578.4840000000002,0.21568627450980393,False,False,False,False
IRRAJDSFKJVYNN-OJFNHCPVSA-N,CC(C)(C)[C@H](NS(=O)(=O)C(F)(F)F)C(=O)N1C[C@H]2[C@@H]([C@H]1C(=O)N[C@H](C#N)C[C@@H]1CCNC1=O)C2(C)C,O=C1NCCC1CCNC(=O)C1NCC2CC21,7.649364391741045,sars2_3cl,coronaviral,IC50,535.5890000000002,0.17307692307692307,False,False,False,False
IRRAJDSFKJVYNN-OJFNHCPVSA-N,CC(C)(C)[C@H](NS(=O)(=O)C(F)(F)F)C(=O)N1C[C@H]2[C@@H]([C@H]1C(=O)N[C@H](C#N)C[C@@H]1CCNC1=O)C2(C)C,O=C1NCCC1CCNC(=O)C1NCC2CC21,8.096910013008056,sars2_3cl,coronaviral,Ki,535.5890000000002,0.17307692307692307,False,False,False,False
IRSOERFINQXWJJ-UHFFFAOYSA-N,COc1ccc(C(=O)Oc2cncc(Cl)c2)cc1,O=C(Oc1cccnc1)c1ccccc1,6.785156151952302,sars2_3cl,coronaviral,IC50,263.68,0.25806451612903225,False,False,False,False
IRUKOABKCIIPDI-UHFFFAOYSA-N,CC1=C(c2ccccc2)C1C(=O)NCc1nc(-c2cccc(OC(F)(F)F)c2)no1,O=C(NCc1nc(-c2ccccc2)no1)C1C=C1c1ccccc1,4.706858516549069,sars2_3cl,coronaviral,IC50,415.37100000000004,0.25,False,False,False,False
IRVRZQWDJPDYMC-RTWAWAEBSA-N,O=C(N[C@H]1CCCC[C@H]1Nc1c(C(=O)N2CCOCC2)cc(Br)cc1[N+](=O)[O-])c1cc(=O)[nH]c2c(F)cccc12,O=C(NC1CCCCC1Nc1ccccc1C(=O)N1CCOCC1)c1cc(=O)[nH]c2ccccc12,7.570247719997592,sars2_3cl,coronaviral,IC50,616.4440000000002,0.22580645161290322,False,False,False,False
IRVRZQWDJPDYMC-RTWAWAEBSA-N,O=C(N[C@H]1CCCC[C@H]1Nc1c(C(=O)N2CCOCC2)cc(Br)cc1[N+](=O)[O-])c1cc(=O)[nH]c2c(F)cccc12,O=C(NC1CCCCC1Nc1ccccc1C(=O)N1CCOCC1)c1cc(=O)[nH]c2ccccc12,7.721246399047171,sars2_3cl,coronaviral,Kd,616.4440000000002,0.22580645161290322,False,False,False,False
ISLJFKWIOLPNTI-SANMLTNESA-N,CN(C(=O)[C@H](Cc1ccccc1)NC(=O)COc1ccc2c(c1)NC(=O)CC2)N(C#N)Cc1ccc(Cl)cc1,O=C1CCc2ccc(OCC(=O)NC(Cc3ccccc3)C(=O)NNCc3ccccc3)cc2N1,6.017728766960431,sars2_3cl,coronaviral,IC50,546.0270000000003,0.22916666666666666,False,False,False,False
ISLQUJSOSCRTTP-UHFFFAOYSA-N,O=C(Oc1cncc(Br)c1)c1ccc(Cl)cc1Cl,O=C(Oc1cccnc1)c1ccccc1,7.073143291050307,sars2_3cl,coronaviral,IC50,346.995,0.21212121212121213,False,False,False,False
ISRJNUVURXPOJZ-UHFFFAOYSA-N,Nc1cccc2sn(CC(=O)Nc3ccccc3)c(=O)c12,O=C(Cn1sc2ccccc2c1=O)Nc1ccccc1,5.7527634504932355,sars2_3cl,coronaviral,IC50,299.3550000000001,0.25,False,False,False,False
ITFVOMQMGITEDI-RULSOUNASA-N,CC(C)C[C@H](NC(=O)OC[C@@H]1CCC(=O)N1Cc1ccc2c(c1)OC(F)(F)O2)C(=O)N[C@@H](C[C@@H]1CCNC1=O)C(O)S(=O)(=O)O,O=C(CNC(=O)OCC1CCC(=O)N1Cc1ccc2c(c1)OCO2)NCCC1CCNC1=O,6.494850021680094,sars2_3cl,coronaviral,IC50,662.6650000000004,0.19626168224299065,False,False,False,False
ITIREIVURMFPKX-UHFFFAOYSA-N,Cn1cnc(Cn2c(=O)nc(Nc3cc4cn(C)nc4cc3Cl)n(Cc3cccc4ccccc34)c2=O)n1,O=c1nc(Nc2ccc3n[nH]cc3c2)n(Cc2cccc3ccccc23)c(=O)n1Cc1nc[nH]n1,6.107905397309519,sars2_3cl,coronaviral,IC50,527.9760000000001,0.2413793103448276,False,False,False,False
ITKYKTTUSUUUEB-AZGAKELHSA-N,Cc1csc(C(=O)N[C@H](C(=O)N[C@@H](Cc2ccccc2)C(=O)N(C)N(C#N)Cc2ccc(Cl)cc2)C(C)(C)C)c1,O=C(CNC(=O)c1cccs1)NC(Cc1ccccc1)C(=O)NNCc1ccccc1,7.1487416512809245,sars2_3cl,coronaviral,IC50,580.1540000000001,0.19101123595505617,False,False,False,False
ITLCVFMGAKWXSD-UHFFFAOYSA-N,COc1c(Cl)ccc(C(=O)Oc2cncc(Cl)c2)c1F,O=C(Oc1cccnc1)c1ccccc1,7.150580586203101,sars2_3cl,coronaviral,IC50,316.115,0.21428571428571427,False,False,False,False
ITLIZQKXLAJTCO-XAHGZOFNSA-N,COc1ccc(OCC(=O)N2C[C@H]3[C@@H]([C@H]2C(=O)N[C@H](C=O)C[C@@H]2CCNC2=O)C3(C)C)cc1F,O=C1NCCC1CCNC(=O)C1C2CC2CN1C(=O)COc1ccccc1,7.429457060118103,sars2_3cl,coronaviral,IC50,475.5170000000003,0.24210526315789474,False,False,False,False
ITMHJFWFTCEVRZ-XYXHBKGXSA-N,C=C(C(=O)N(c1ccc(-c2ccccc2)cc1)C(C(=O)N[C@@H](C)c1ccccc1)c1cccnc1)C(F)(F)F,O=C(NCc1ccccc1)C(Nc1ccc(-c2ccccc2)cc1)c1cccnc1,5.360513510731414,sars2_3cl,coronaviral,IC50,529.5620000000001,0.2535211267605634,False,False,False,False
ITSCHPIOCNGXGQ-UHFFFAOYSA-N,CC(=O)OCC1Cc2c(-c3ccc(Cl)cn3)cccc2-c2c(O)ccc(C)c21,c1ccc(-c2cccc3c2CCc2ccccc2-3)nc1,4.44648105985103,sars2_3cl,coronaviral,IC50,393.8700000000002,0.18181818181818182,False,False,False,False
IUBLITQCXOGJSB-OTWHNJEPSA-N,C#C[C@H](C[C@@H]1CCNC1=O)NC(=O)[C@H](CC(C)C)NC(=O)OCc1ccccc1,O=C(CNC(=O)OCc1ccccc1)NCCC1CCNC1=O,5.327902142064282,sars2_3cl,coronaviral,IC50,399.49100000000016,0.23333333333333334,False,False,False,False
IUUHHCBBPQRRQS-ACXKHFGCSA-N,C[C@H](NC(=O)C(c1cccnc1)N(C(=O)c1ccco1)c1ccc(Cc2ccccc2)cc1)c1ccccc1,O=C(NCc1ccccc1)C(c1cccnc1)N(C(=O)c1ccco1)c1ccc(Cc2ccccc2)cc1,4.454692883534176,sars2_3cl,coronaviral,IC50,515.6130000000003,0.2465753424657534,False,False,False,False
IUVWGSZCNPXIOJ-NGYBGAFCSA-N,Cc1cc([N+](=O)[O-])c(-c2ccc(/C=N/NC(=O)c3nonc3N)o2)cc1Cl,O=C(NN=Cc1ccc(-c2ccccc2)o1)c1cnon1,4.601712694642599,sars2_3cl,coronaviral,IC50,390.74300000000017,0.175,False,False,False,False
IUYFODOLXCDVEV-UHFFFAOYSA-N,Cc1c(Cl)cncc1OC(=O)c1cccc2[nH]ccc12,O=C(Oc1cccnc1)c1cccc2[nH]ccc12,5.657577319177793,sars2_3cl,coronaviral,IC50,286.718,0.2,False,False,False,False
IVQVBMWPWPTSNO-UHFFFAOYSA-N,CN1CCN(C(=O)c2ccc(-c3ccc4c(C=O)c(O)ccc4c3)s2)CC1,O=C(c1ccc(-c2ccc3ccccc3c2)s1)N1CCNCC1,5.876148359032914,sars2_3cl,coronaviral,IC50,380.4690000000001,0.1956521739130435,False,False,False,False
IVSKSGAQEYJXQI-KUNJKIHDSA-N,CC1(C)[C@H](C(=O)OCc2ccccc2)C2C(=O)C(Br)(Br)[C@H]2S1(=O)=O,O=C(OCc1ccccc1)C1CS(=O)(=O)C2CC(=O)C12,6.154901959985743,sars2_3cl,coronaviral,IC50,480.1740000000001,0.20833333333333334,False,False,False,False
IWGFKKQCNFXFSW-WREXDLNZSA-N,CC1(C)CNC(=O)[C@@H]2C[C@@H](C[C@@H](C#N)NC(=O)[C@@H]3[C@@H]4[C@H](CN3C(=O)[C@H]1NC(=O)C1CC1)C4(C)C)C(=O)N2,O=C1NC2CC1CCNC(=O)C1C3CC3CN1C(=O)C(NC(=O)C1CC1)CCNC2=O,7.494850021680094,sars2_3cl,coronaviral,IC50,512.6110000000003,0.1717171717171717,False,False,False,False
IWYQEIFHRUKWQF-UHFFFAOYSA-N,O=C(Oc1cncc(Cl)c1)c1cc(F)cc(F)c1,O=C(Oc1cccnc1)c1ccccc1,7.416801226031377,sars2_3cl,coronaviral,IC50,269.634,0.20689655172413793,False,False,False,False
IXCQPCDXJPVNAD-PMAMDCHESA-N,C[C@@H](OC(C)(C)C)[C@H](NC(=O)NC(C)(C)C)C(=O)N[C@@H](CC1CCCCC1)C(=O)N[C@H](C=O)C[C@@H]1CCNC1=O,O=C(CCC1CCCCC1)NCCC1CCNC1=O,6.130768280269024,sars2_3cl,coronaviral,EC50,565.7560000000003,0.1836734693877551,False,False,False,False
IXCQPCDXJPVNAD-PMAMDCHESA-N,C[C@@H](OC(C)(C)C)[C@H](NC(=O)NC(C)(C)C)C(=O)N[C@@H](CC1CCCCC1)C(=O)N[C@H](C=O)C[C@@H]1CCNC1=O,O=C(CCC1CCCCC1)NCCC1CCNC1=O,7.013228265733755,sars2_3cl,coronaviral,IC50,565.7560000000003,0.1836734693877551,False,False,False,False
IXFVBEIIGWIULK-RCTKEMKKSA-N,CC(C)(C)[C@H](NC(=O)OCc1ccccc1)C(=O)N1C[C@H]2[C@@H]([C@H]1C(=O)N[C@H](C#N)C[C@@H]1CCNC1=O)C2(C)C,O=C(NCC(=O)N1CC2CC2C1C(=O)NCCC1CCNC1=O)OCc1ccccc1,10.602059991327963,sars2_3cl,coronaviral,Ki,537.6610000000003,0.22115384615384615,False,False,False,False
IXTRHVKNNCAPDT-UHFFFAOYSA-N,CN(C)C(=O)COc1ccc(-c2cccc3[nH]ncc23)cc1C=O,c1ccc(-c2cccc3[nH]ncc23)cc1,7.431798275933005,sars2_3cl,coronaviral,Ki,323.3520000000001,0.2,False,False,False,False
IXVNJCXWGHHEMG-UHFFFAOYSA-N,CCNC(=O)Cn1c(=O)nc(Nc2cc3cn(C)nc3cc2Cl)n(Cc2cc(F)c(F)c(F)c2)c1=O,O=c1nc(Nc2ccc3n[nH]cc3c2)n(Cc2ccccc2)c(=O)[nH]1,6.853871964321762,sars2_3cl,coronaviral,IC50,521.8870000000002,0.21348314606741572,False,False,False,False
IYBHFZISLRFUPL-JBACZVJFSA-N,Nc1cccn([C@@H](CC2CC2)C(=O)N[C@@H](C[C@@H]2CCNC2=O)C(=O)C(=O)NCc2ccccc2)c1=O,O=C(NCc1ccccc1)C(=O)C(CC1CCNC1=O)NC(=O)C(CC1CC1)n1ccccc1=O,5.872895201635192,sars2_3cl,coronaviral,IC50,493.56400000000025,0.21875,False,False,False,False
IYFNRUHNMPLXTF-OAQYLSRUSA-N,O=C(NCc1ccccn1)C(=O)[C@@H](Cc1ccccc1)NC(=O)C1(NC(=O)C2CCC(F)(F)CC2)CC1,O=C(NCc1ccccn1)C(=O)C(Cc1ccccc1)NC(=O)C1(NC(=O)C2CCCCC2)CC1,7.673664139071248,sars2_3cl,coronaviral,IC50,512.5570000000002,0.23255813953488372,False,False,False,False
IYKYRQZWHPQIIW-DEOSSOPVSA-N,CN(C(=O)[C@H](Cc1ccccc1)NC(=O)OCc1ccccc1)N(C#N)Cc1cc(Cl)ccc1F,O=C(NC(Cc1ccccc1)C(=O)NNCc1ccccc1)OCc1ccccc1,6.924453038607469,sars2_3cl,coronaviral,IC50,494.9540000000002,0.19540229885057472,False,False,False,False
IYYZMCWTOMILGT-IMUPHZQISA-N,O=C[C@H](C[C@@H]1CCCNC1=O)NC(=O)[C@@H](NC(=O)/C=C/c1ccccc1)c1ccccc1,O=C(C=Cc1ccccc1)NC(C(=O)NCCC1CCCNC1=O)c1ccccc1,5.689519108537325,sars2_3cl,coronaviral,IC50,433.5080000000001,0.21333333333333335,False,False,False,False
IYZRWOMTSMYRCM-UYLCUJDWSA-N,CC1(C)[C@@H]2[C@@H](C(=O)N[C@H](C#N)C[C@@H]3CCNC3=O)N(C(=O)[C@H](Cn3cccn3)NC(=O)C(F)(F)F)C[C@@H]21,O=C1NCCC1CCNC(=O)C1C2CC2CN1C(=O)CCn1cccn1,7.906239639581768,sars2_3cl,coronaviral,Ki,523.5160000000002,0.24074074074074073,False,False,False,False
IZEKFCXSFNUWAM-UHFFFAOYSA-N,OCCN(CCO)c1nc(N2CCCCC2)c2nc(N(CCO)CCO)nc(N3CCCCC3)c2n1,c1nc(N2CCCCC2)c2ncnc(N3CCCCC3)c2n1,6.221848749616356,sars2_3cl,coronaviral,IC50,504.6360000000004,0.21212121212121213,False,False,False,False
IZEKFCXSFNUWAM-UHFFFAOYSA-N,OCCN(CCO)c1nc(N2CCCCC2)c2nc(N(CCO)CCO)nc(N3CCCCC3)c2n1,c1nc(N2CCCCC2)c2ncnc(N3CCCCC3)c2n1,7.3979400086720375,sars2_3cl,coronaviral,Ki,504.6360000000004,0.21212121212121213,False,False,False,False
IZZAVJXGFCEKBE-UHFFFAOYSA-N,COc1ccc(C2C3=C(CC(C)CC3=O)Nc3cc([N+](=O)[O-])ccc3N2C(=O)CCl)cc1,O=C1CCCC2=C1C(c1ccccc1)Nc1ccccc1N2,5.351639989019068,sars2_3cl,coronaviral,IC50,455.89800000000014,0.2111111111111111,False,False,False,False
JALLGCMYRKYLQT-UGDFAFBOSA-N,CN(C)C(=O)N[C@H](C(=O)N1C[C@H]2[C@@H]([C@H]1C(=O)N[C@H](C#N)C[C@@H]1CCNC1=O)C2(C)C)C(C)(C)C,O=C1NCCC1CCNC(=O)C1NCC2CC21,6.645891560852599,sars2_3cl,coronaviral,Ki,474.60600000000034,0.17894736842105263,False,False,False,False
JAMDQDFKKBOIRB-UHFFFAOYSA-O,O=C(Nc1ccc(Cl)cc1)C1c2cccc[n+]2CC(=O)N1Cc1ccc2c(c1)OCO2,O=C(Nc1ccccc1)C1c2cccc[n+]2CC(=O)N1Cc1ccc2c(c1)OCO2,5.161150909262744,sars2_3cl,coronaviral,IC50,436.87500000000034,0.23809523809523808,False,False,False,False
JAPPQJCQTQHRCG-DOEKTCAHSA-N,CNC(=O)[C@@H]1CCCCCNc2cncc(c2)C(=O)N2CC3(CC3)C[C@@H]2CC(=O)N(C)[C@H](Cc2ccc(Cl)cc2Cl)C(=O)N1,O=C1CC2CC3(CC3)CN2C(=O)c2cncc(c2)NCCCCCCNC(=O)C(Cc2ccccc2)N1,8.154901959985743,sars2_3cl,coronaviral,IC50,643.6160000000004,0.22429906542056074,False,False,False,False
JAPPQJCQTQHRCG-WYMJOSIYSA-N,CNC(=O)[C@H]1CCCCCNc2cncc(c2)C(=O)N2CC3(CC3)C[C@@H]2CC(=O)N(C)[C@H](Cc2ccc(Cl)cc2Cl)C(=O)N1,O=C1CC2CC3(CC3)CN2C(=O)c2cncc(c2)NCCCCCCNC(=O)C(Cc2ccccc2)N1,8.301029995663981,sars2_3cl,coronaviral,IC50,643.6160000000004,0.22429906542056074,False,False,False,False
JBCSGBRMTNJRHW-QJXZXWJNSA-N,CC1CC(C(=O)N2C[C@H]3[C@@H]([C@H]2C(=O)N[C@H](C=O)C[C@@H]2CCNC2=O)C3(C)C)C1,O=C1NCCC1CCNC(=O)C1C2CC2CN1C(=O)C1CCC1,7.086186147616283,sars2_3cl,coronaviral,IC50,389.49600000000027,0.18823529411764706,False,False,False,False
JBHJLTFEEOIBFO-UHFFFAOYSA-N,O=C(Nc1ccc(NC(=O)c2cc(B(O)O)cc([N+](=O)[O-])c2)cc1)c1cc(B(O)O)cc([N+](=O)[O-])c1,O=C(Nc1ccc(NC(=O)c2ccccc2)cc1)c1ccccc1,7.3979400086720375,sars2_3cl,coronaviral,Ki,493.99000000000024,0.21428571428571427,False,False,False,False
JBHLRVFAYFKZOU-LEWJYISDSA-N,CN(C(=O)[C@H](Cc1ccccc1)NC(=O)[C@@H](NC(=O)C(F)(F)F)C(C)(C)C)N(C#N)Cc1ccc(Cl)cc1,O=C(CCc1ccccc1)NNCc1ccccc1,7.481486060122112,sars2_3cl,coronaviral,IC50,551.9970000000003,0.1927710843373494,False,False,False,False
JBIUEGQNGAZWHE-NRFANRHFSA-N,COc1ccncc1C(=O)N1CCN(c2ccc(Cl)c(Cl)c2)[C@H](C(=O)Nc2cc(F)c(OC)c(F)c2)C1,O=C(Nc1ccccc1)C1CN(C(=O)c2cccnc2)CCN1c1ccccc1,6.366531544420413,sars2_3cl,coronaviral,IC50,551.3770000000002,0.29411764705882354,False,False,False,False
JBPYEVBRAZJSLP-UHFFFAOYSA-N,O=c1c2c(O)c(O)c(O)cc2nc(-c2ccccc2)n1-c1cn[nH]c1,O=c1c2ccccc2nc(-c2ccccc2)n1-c1cn[nH]c1,6.4089353929735005,sars2_3cl,coronaviral,IC50,336.307,0.25,False,False,False,False
JBTZGNCQFCDGNF-BJLQDIEVSA-N,CC(C)C[C@H](NC(=O)OCC(C)(C)Sc1ccccc1)C(=O)N[C@H](C#N)C[C@@H]1CCNC1=O,O=C(CNC(=O)OCCSc1ccccc1)NCCC1CCNC1=O,6.309803919971486,sars2_3cl,coronaviral,IC50,474.62700000000024,0.21649484536082475,False,False,False,False
JBZVDJPBKQUOJV-UHFFFAOYSA-N,O=C(Oc1cncc(Br)c1)c1ccccc1F,O=C(Oc1cccnc1)c1ccccc1,7.97061622231479,sars2_3cl,coronaviral,IC50,296.09499999999997,0.22807017543859648,False,False,False,False
JCNNSJUTUGCRQP-DIXAESKUSA-N,CC(C)c1cccc2[nH]c(C(=O)N3C[C@H]4[C@@H]([C@H]3C(=O)N[C@H](C#N)C[C@@H]3CCNC3=O)C4(C)C)cc12,O=C1NCCC1CCNC(=O)C1C2CC2CN1C(=O)c1cc2ccccc2[nH]1,6.3979400086720375,sars2_3cl,coronaviral,IC50,475.59300000000025,0.22448979591836735,False,False,False,False
JCPOHWPGDQUOQN-ZUFXTUFISA-N,CC1(C)[C@@H]2[C@@H](C(=O)N[C@H](C#N)C[C@@H]3CCNC3=O)N(C(=O)c3cc4c(Cl)cccc4[nH]3)C[C@@H]21,O=C1NCCC1CCNC(=O)C1C2CC2CN1C(=O)c1cc2ccccc2[nH]1,6.259637310505756,sars2_3cl,coronaviral,IC50,467.95700000000016,0.23469387755102042,False,False,False,False
JCUWWLFQYPMDMI-WIOPSUGQSA-N,CN(C(=O)[C@H](Cc1cccc(Cl)c1)NC(=O)[C@@H](NC(=O)c1cccs1)C(C)(C)C)N(C#N)Cc1cccc(Cl)c1F,O=C(CNC(=O)c1cccs1)NC(Cc1ccccc1)C(=O)NNCc1ccccc1,8.045757490560675,sars2_3cl,coronaviral,IC50,618.5620000000002,0.20833333333333334,False,False,False,False
JDBHNHGTZQNIEF-VJBMBRPKSA-N,COc1cccc2[nH]c(C(=O)N[C@@H](CC(C)C)C(=O)N[C@@H](C[C@@H]3CCCNC3=O)C(=O)COC(=O)C3(C)OCCCO3)cc12,O=C(CNC(=O)c1cc2ccccc2[nH]1)NC(CC1CCCNC1=O)C(=O)COC(=O)C1OCCCO1,7.903089986991944,sars2_3cl,coronaviral,IC50,614.6960000000001,0.2169811320754717,False,False,False,False
JDDFCFQZZFAEEN-MHOKZKRYSA-N,CC(C)(CCOCCCCCCOc1cccc2c1C(=O)N(C1CCC(=O)NC1=O)C2=O)NC(=O)N[C@H](C(=O)N1C[C@H]2[C@@H]([C@H]1C(=O)N[C@H](C=O)C[C@@H]1CCNC1=O)C2(C)C)C(C)(C)C,O=C1CCC(N2C(=O)c3cccc(OCCCCCCOCCCNC(=O)NCC(=O)N4CC5CC5C4C(=O)NCCC4CCNC4=O)c3C2=O)C(=O)N1,7.619788758288394,sars2_3cl,coronaviral,IC50,892.0639999999997,0.17886178861788618,False,False,False,False
JDNUFWMCDUMKPL-DCGLDWPTSA-N,COc1c(F)cc(F)c2[nH]c(C(=O)N[C@@H](CC(C)C)C(=O)N[C@H](C#N)C[C@@H]3CCNC3=O)cc12,O=C(CNC(=O)c1cc2ccccc2[nH]1)NCCC1CCNC1=O,7.721246399047171,sars2_3cl,coronaviral,Ki,475.49600000000027,0.16666666666666666,False,False,False,False
JDQBRRBXBLENGL-LJWNLINESA-N,CC(C)C[C@H](NC(=O)[C@@H](NC(=O)c1ccc(-c2ccccc2)cc1)C(C)C)C(=O)N[C@H](C=O)C[C@@H]1CCCNC1=O,O=C(CNC(=O)CNC(=O)c1ccc(-c2ccccc2)cc1)NCCC1CCCNC1=O,6.393618634889394,sars2_3cl,coronaviral,IC50,562.7110000000002,0.21505376344086022,False,False,False,False
JDSRVQKJWVNPGQ-HKUYNNGSSA-N,NC(=O)CCN(NC(=O)[C@H](CC1CCCCC1)NC(=O)OCc1ccccc1)C(=O)[C@H](F)Cl,O=C(NCCC1CCCCC1)OCc1ccccc1,8.698970004336019,sars2_3cl,coronaviral,IC50,484.95600000000013,0.26506024096385544,False,False,False,False
JDSRVQKJWVNPGQ-PKOBYXMFSA-N,NC(=O)CCN(NC(=O)[C@H](CC1CCCCC1)NC(=O)OCc1ccccc1)C(=O)[C@@H](F)Cl,O=C(NCCC1CCCCC1)OCc1ccccc1,7.275724130399211,sars2_3cl,coronaviral,IC50,484.95600000000013,0.26506024096385544,False,False,False,False
JEQGCPJLQDTCPB-SFHVURJKSA-N,O=C(NS(=O)(=O)c1cccs1)[C@@H]1CN(C(=O)c2cccnc2)CCN1c1ccc(Cl)c(Cl)c1,O=C(NS(=O)(=O)c1cccs1)C1CN(C(=O)c2cccnc2)CCN1c1ccccc1,5.022276394711152,sars2_3cl,coronaviral,IC50,525.4390000000003,0.24705882352941178,False,False,False,False
JETAYLFAWVMMQI-UHFFFAOYSA-N,CC(c1ccccc1)c1nc2cc(O)c(O)c(O)c2c(=O)n1-c1ccccc1,O=c1c2ccccc2nc(Cc2ccccc2)n1-c1ccccc1,6.3214816209598865,sars2_3cl,coronaviral,IC50,374.3960000000001,0.22535211267605634,False,False,False,False
JFBZMWJNUMOWIE-BXWFABGCSA-N,O=C[C@H](C[C@@H]1CCNC1=O)NC(=O)[C@@H]1CC2(CC2)CN1C(=O)c1cc2ccccc2[nH]1,O=C1NCCC1CCNC(=O)C1CC2(CC2)CN1C(=O)c1cc2ccccc2[nH]1,7.638272163982407,sars2_3cl,coronaviral,IC50,422.4850000000001,0.22727272727272727,False,False,False,False
JFOLUTQVYFADSS-UHFFFAOYSA-N,Cc1nnc(SC(=O)c2ccc3[nH]ccc3c2)s1,O=C(Sc1nncs1)c1ccc2[nH]ccc2c1,7.140861702705469,sars2_3cl,coronaviral,IC50,275.358,0.21739130434782608,False,False,False,False
JFOLUTQVYFADSS-UHFFFAOYSA-N,Cc1nnc(SC(=O)c2ccc3[nH]ccc3c2)s1,O=C(Sc1nncs1)c1ccc2[nH]ccc2c1,6.405607449624574,sars2_3cl,coronaviral,Ki,275.358,0.21739130434782608,False,False,False,False
JFRAKXWYJYLJOU-UHFFFAOYSA-N,CSc1nc2ccccc2n1C(=O)c1ccc(C)cc1,O=C(c1ccccc1)n1cnc2ccccc21,6.409464986661085,sars2_3cl,coronaviral,IC50,282.368,0.27692307692307694,False,False,False,False
JFSXSNSCPNFCDM-UHFFFAOYSA-N,[O-][S+](c1ccccc1)c1ccc2nnnn2n1,c1ccc([SH+]c2ccc3nnnn3n2)cc1,5.950781977329818,sars2_3cl,coronaviral,IC50,245.267,0.14814814814814814,False,False,False,False
JFUCILQOTHBIKY-UHFFFAOYSA-N,O=c1[nH]c(-c2cccc(F)c2F)nc2cc(O)c(O)c(O)c12,O=c1[nH]c(-c2ccccc2)nc2ccccc12,5.94692155651658,sars2_3cl,coronaviral,IC50,306.224,0.19402985074626866,False,False,False,False
JGDOQCKGDQWSEL-UHFFFAOYSA-N,S=C(SSc1ccccc1)N1CCOCC1,S=C(SSc1ccccc1)N1CCOCC1,6.180456064458131,sars2_3cl,coronaviral,IC50,271.4320000000001,0.2413793103448276,False,False,False,False
JGOVLTVDNDLBEO-UHFFFAOYSA-N,COc1ccc(NC(=O)C(c2cccnc2)N(C(=O)c2ccco2)c2ccc(C(C)(C)C)cc2)cc1,O=C(Nc1ccccc1)C(c1cccnc1)N(C(=O)c1ccco1)c1ccccc1,5.125518182300533,sars2_3cl,coronaviral,IC50,483.56800000000027,0.29333333333333333,False,False,False,False
JGQIDNYYIXPGHF-UHFFFAOYSA-N,O=C(c1cc(=O)[nH]c2ccccc12)N1CCC(Nc2ccc(Cl)c(Cl)c2)C1,O=C(c1cc(=O)[nH]c2ccccc12)N1CCC(Nc2ccccc2)C1,5.079443639165396,sars2_3cl,coronaviral,IC50,402.2810000000002,0.2727272727272727,False,False,False,False
JGRJVKVZQYCAHT-NYVOZVTQSA-N,CC(C)C[C@H](NC(=O)OCC(C)(C)Sc1ccccc1)C(=O)N[C@@H](C[C@@H]1CCNC1=O)C(=O)C(=O)NC1CC1,O=C(CNC(=O)OCCSc1ccccc1)NC(CC1CCNC1=O)C(=O)C(=O)NC1CC1,6.6777807052660805,sars2_3cl,coronaviral,IC50,560.7170000000002,0.21,False,False,False,False
JGULRCDSRDHLTD-ISLYRVAYSA-N,CN1C(=O)/C(=C2/C(=O)N(CCCN)c3ccc(Br)cc32)c2ccccc21,O=C1Nc2ccccc2C1=C1C(=O)Nc2ccccc21,5.8794759246641775,sars2_3cl,coronaviral,IC50,412.2870000000001,0.19736842105263158,False,False,False,False
JGULRCDSRDHLTD-ISLYRVAYSA-N,CN1C(=O)/C(=C2/C(=O)N(CCCN)c3ccc(Br)cc32)c2ccccc21,O=C1Nc2ccccc2C1=C1C(=O)Nc2ccccc21,4.775985188627136,sars2_3cl,coronaviral,Kd,412.2870000000001,0.19736842105263158,False,False,False,False
JHDIUUFGPILEJO-UHFFFAOYSA-N,CNC(=O)Cn1c(=O)[nH]/c(=N\c2ccc(OC(F)F)cc2C)n(Cc2cc(F)c(F)c(F)c2)c1=O,O=c1[nH]c(=O)n(Cc2ccccc2)c(=Nc2ccccc2)[nH]1,5.065501548756432,sars2_3cl,coronaviral,IC50,499.39600000000024,0.1839080459770115,False,False,False,False
JHFBTGHWRUZLIN-AWCRTANDSA-N,CC(F)(F)CC[C@H](NC(=O)[C@@H]1CC2(CCCCC2)CN1C(=O)[C@@H](NC(=O)OCc1ccccc1)C1CCCCC1)C(=O)C(=O)NC1CC1,O=C(NC(C(=O)N1CC2(CCCCC2)CC1C(=O)NCC(=O)C(=O)NC1CC1)C1CCCCC1)OCc1ccccc1,7.795880017344075,sars2_3cl,coronaviral,IC50,672.8139999999999,0.23529411764705882,False,False,False,False
JHNYAIWXEJSBGF-XEZPLFJOSA-N,COc1c(C(F)(F)F)ccc2[nH]c(C(=O)N[C@@H](CC(C)(C)C)C(=O)N[C@H](C#N)C[C@@H]3CCNC3=O)c(C(F)(F)F)c12,O=C(CNC(=O)c1cc2ccccc2[nH]1)NCCC1CCNC1=O,6.882728704344236,sars2_3cl,coronaviral,Ki,589.5370000000005,0.23,False,False,False,False
JHRBNEJLNJGJQW-UHFFFAOYSA-N,CC1(C)CC(=O)C2=C(C1)Nc1cc([N+](=O)[O-])ccc1N(C(=O)CCl)C2C1CCC1,O=C1CCCC2=C1C(C1CCC1)Nc1ccccc1N2,5.019088062223156,sars2_3cl,coronaviral,IC50,417.89300000000026,0.20224719101123595,False,False,False,False
JHTIOEZRKRNJIB-KSSFIOAISA-N,CC(=O)N(C[C@@H]1CCNC1=O)NC(=O)[C@H](CC(C)C)NC(=O)c1cc2c(F)cccc2[nH]1,O=C(CNC(=O)c1cc2ccccc2[nH]1)NNCC1CCNC1=O,6.478861916295964,sars2_3cl,coronaviral,IC50,445.4950000000001,0.19148936170212766,False,False,False,False
JHTXVOZTSTVUID-UHFFFAOYSA-N,O=C(Cn1sc2cc(F)ccc2c1=O)NC1CCCCC1,O=C(Cn1sc2ccccc2c1=O)NC1CCCCC1,6.795880017344075,sars2_3cl,coronaviral,IC50,308.37800000000016,0.3387096774193548,False,False,False,False
JHURZFGHKQMUEO-SSSWHTQTSA-N,O=C1C[C@H]2CCCN2C(=O)c2cncc(c2)/C=C/CCCCCCOC(=O)[C@@H](Cc2ccc(Cl)cc2)N1,O=C1CC2CCCN2C(=O)c2cncc(c2)C=CCCCCCCOC(=O)C(Cc2ccccc2)N1,7.0,sars2_3cl,coronaviral,IC50,524.0610000000005,0.2391304347826087,False,False,False,False
JIBWAXZBJZGZRL-JWQCQUIFSA-N,CNC[C@@H](Cc1ccc(Cl)cc1)N(C)C(=O)C[C@H]1Cc2ccccc2N1C(=O)c1cncc(C)c1,O=C(CC1Cc2ccccc2N1C(=O)c1cccnc1)NCCc1ccccc1,7.585026652029182,sars2_3cl,coronaviral,IC50,491.0350000000002,0.21428571428571427,False,False,False,False
JIHLPCBXKMIEDG-UHFFFAOYSA-N,Cc1nnc(SC(=O)c2cccc3cc[nH]c23)s1,O=C(Sc1nncs1)c1cccc2cc[nH]c12,6.798602875679549,sars2_3cl,coronaviral,IC50,275.358,0.1891891891891892,False,False,False,False
JIHLPCBXKMIEDG-UHFFFAOYSA-N,Cc1nnc(SC(=O)c2cccc3cc[nH]c23)s1,O=C(Sc1nncs1)c1cccc2cc[nH]c12,6.6020599913279625,sars2_3cl,coronaviral,Ki,275.358,0.1891891891891892,False,False,False,False
JKMYXNKXJWIHOA-ACRUOGEOSA-N,O=C[C@H](C[C@@H]1CCNC1=O)NC(=O)[C@H](Cc1ccccc1)NC(=O)OCc1ccccc1,O=C(NC(Cc1ccccc1)C(=O)NCCC1CCNC1=O)OCc1ccccc1,7.0,sars2_3cl,coronaviral,IC50,437.49600000000015,0.2159090909090909,False,False,False,False
JKOVQLJVSWDKKY-WOYTXXSLSA-N,CC1(C)[C@@H]2[C@@H](C(=O)N[C@H](C=O)C[C@@H]3CCNC3=O)N(C(=O)C3CCCC3)C[C@@H]21,O=C1NCCC1CCNC(=O)C1C2CC2CN1C(=O)C1CCCC1,6.6777807052660805,sars2_3cl,coronaviral,IC50,389.4960000000002,0.21176470588235294,False,False,False,False
JLDXVJYPFMLWTA-UHFFFAOYSA-N,O=c1[nH]c(C2CC2)nc2cc(O)c(O)c(O)c12,O=c1[nH]c(C2CC2)nc2ccccc12,5.2608233680892695,sars2_3cl,coronaviral,IC50,234.211,0.203125,False,False,False,False
JLXXYGZELYPSTJ-UHFFFAOYSA-N,COc1ccc2sn(CC(=O)Nc3ccccc3)c(=O)c2c1,O=C(Cn1sc2ccccc2c1=O)Nc1ccccc1,6.81502480930174,sars2_3cl,coronaviral,IC50,314.3660000000001,0.2898550724637681,False,False,False,False
JLZPYUNNWVRLGQ-JVDWHEDZSA-N,CC(=O)N[C@H](C(=O)N[C@@H](CC(C)(C)C)C(=O)N1C[C@]2(C[C@H]1C#N)C(=O)Nc1ccccc12)C(C)C,O=C1Nc2ccccc2C12CCNC2,6.259637310505756,sars2_3cl,coronaviral,IC50,481.5970000000002,0.21978021978021978,False,False,False,False
JLZPYUNNWVRLGQ-SDIFJKIHSA-N,CC(=O)N[C@@H](C(=O)N[C@@H](CC(C)(C)C)C(=O)N1C[C@]2(C[C@H]1C#N)C(=O)Nc1ccccc12)C(C)C,O=C1Nc2ccccc2C12CCNC2,6.259637310505756,sars2_3cl,coronaviral,IC50,481.5970000000002,0.21978021978021978,False,False,False,False
JMBJZTHVHMZAKN-NYVOZVTQSA-N,CC(C)C[C@H](NC(=O)c1cc2ccccc2[nH]1)C(=O)N[C@@H](C[C@@H]1CCNC1=O)C(=O)c1nc2ccccc2s1,O=C(CNC(=O)c1cc2ccccc2[nH]1)NC(CC1CCNC1=O)C(=O)c1nc2ccccc2s1,7.838631997765026,sars2_3cl,coronaviral,Ki,545.6650000000003,0.20618556701030927,False,False,False,False
JMGLSLKSJBOABR-JQFCIGGWSA-N,CC(C)C[C@H](NC(=O)C(=O)Nc1ccccc1F)C(=O)N[C@@H](C[C@@H]1CCNC1=O)C(=O)CO,O=C(CNC(=O)C(=O)Nc1ccccc1)NCCC1CCNC1=O,6.795880017344075,sars2_3cl,coronaviral,IC50,464.4940000000003,0.2692307692307692,False,False,False,False
JMICFZXJVQQEHE-DQDUXCRHSA-N,[2H]C([2H])(OC(=O)N[C@@H](CC(C)C)C(=O)N[C@@H](C[C@@H]1CCNC1=O)C(O)S(=O)(=O)O)C(C)(C)Oc1ccc(Cl)cc1,O=C(CNC(=O)OCCOc1ccccc1)NCCC1CCNC1=O,6.769551078621726,sars2_3cl,coronaviral,IC50,580.0962035560002,0.18811881188118812,False,False,False,False
JMICFZXJVQQEHE-ULBBIQHKSA-N,CC(C)C[C@H](NC(=O)OCC(C)(C)Oc1ccc(Cl)cc1)C(=O)N[C@@H](C[C@@H]1CCNC1=O)C(O)S(=O)(=O)O,O=C(CNC(=O)OCCOc1ccccc1)NCCC1CCNC1=O,6.468521082957745,sars2_3cl,coronaviral,IC50,578.0840000000003,0.1919191919191919,False,False,False,False
JMWPENDWMAPVNS-UPVQGACJSA-N,O=C(O)C1=C(C(=O)N2CCCC2)CN2C[C@H](NC(=O)[C@H](Cc3ccccc3)NC(=O)c3cc4ccccc4[nH]3)C(=O)N12,O=C(NC(Cc1ccccc1)C(=O)NC1CN2CC(C(=O)N3CCCC3)=CN2C1=O)c1cc2ccccc2[nH]1,3.7423214251308154,sars2_3cl,coronaviral,IC50,570.6060000000001,0.23655913978494625,False,False,False,False
JNFGOKUCIAOPPF-TUSQITKMSA-N,COc1cccc2[nH]c(C(=O)N[C@@H](CC(C)C)C(=O)N[C@@H](C[C@@H]3CCCNC3=O)C(=O)COC(=O)c3c(C)nc(C)nc3C)cc12,O=C(CNC(=O)c1cc2ccccc2[nH]1)NC(CC1CCCNC1=O)C(=O)COC(=O)c1cncnc1,7.655607726314889,sars2_3cl,coronaviral,IC50,634.734,0.20588235294117646,False,False,False,False
JNFJWTCLKULUSB-UHFFFAOYSA-N,O=C(Sc1ncccn1)c1cc2ccccc2[nH]1,O=C(Sc1ncccn1)c1cc2ccccc2[nH]1,7.950851231752651,sars2_3cl,coronaviral,IC50,255.302,0.2,False,False,False,False
JNFJWTCLKULUSB-UHFFFAOYSA-N,O=C(Sc1ncccn1)c1cc2ccccc2[nH]1,O=C(Sc1ncccn1)c1cc2ccccc2[nH]1,7.852326425833191,sars2_3cl,coronaviral,Ki,255.302,0.2,False,False,False,False
JNHQLRBQNVREGU-ZIFCJYIRSA-N,Cc1cc(COC(=O)[C@@H]2N3C(=O)[C@@H](NC(=O)COc4ccccc4)[C@H]3S(=O)(=O)C2(C)C)on1,O=C(COc1ccccc1)NC1C(=O)N2C(C(=O)OCc3ccno3)CS(=O)(=O)C12,5.045757490560675,sars2_3cl,coronaviral,IC50,477.4950000000002,0.2891566265060241,False,False,False,False
JNJYSDKMQGAPIR-OXVAQWQNSA-N,CC(C)C[C@H](NC(=O)OC[C@@H]1CCC(=O)N1Cc1cccc(Cl)c1)C(=O)N[C@@H](C[C@@H]1CCNC1=O)C(O)S(=O)(=O)O,O=C(CNC(=O)OCC1CCC(=O)N1Cc1ccccc1)NCCC1CCNC1=O,7.0,sars2_3cl,coronaviral,IC50,617.1210000000003,0.24489795918367346,False,False,False,False
JNLQJJYMVWQTQR-UHFFFAOYSA-N,CCOC(=O)c1cc(=O)oc2cc(O)c(O)cc12,O=c1ccc2ccccc2o1,4.337242168318426,sars2_3cl,coronaviral,IC50,250.206,0.18181818181818182,False,False,False,False
JNUMKWNJBZDMHV-OAQYLSRUSA-N,Cc1ccc(OCCN(C)C)cc1C(=O)N[C@H](C)c1cc(-c2cnn(CCO)c2)cc(-c2ccnn2C)c1,O=C(NCc1cc(-c2cn[nH]c2)cc(-c2ccn[nH]2)c1)c1ccccc1,6.853871964321762,sars2_3cl,coronaviral,IC50,516.6460000000003,0.2087912087912088,False,False,False,False
JOGPEYHUJOPFCS-UHFFFAOYSA-N,CCC(c1ccccc1)c1nc2cc(O)c(O)c(O)c2c(=O)[nH]1,O=c1[nH]c(Cc2ccccc2)nc2ccccc12,6.6777807052660805,sars2_3cl,coronaviral,IC50,312.325,0.2028985507246377,False,False,False,False
JOXWHCNNDTWJPX-CHWSQXEVSA-N,COc1cc(C)cc2c(-c3c(O)cc(O)c4c3C[C@@H](C)N[C@@H]4C)ccc(O)c12,c1cc2c(c(-c3cccc4ccccc34)c1)CCNC2,5.847711655616944,sars2_3cl,coronaviral,Ki,379.4560000000001,0.19480519480519481,False,False,False,False
JPCBBFALKQONMK-XLAORIBOSA-N,CC(C)(C)NC(=O)N[C@H](C(=O)N[C@@H](CC1CC1)C(=O)N[C@H](C=O)C[C@@H]1CCNC1=O)C(C)(C)C,O=C(CCC1CC1)NCCC1CCNC1=O,7.585026652029182,sars2_3cl,coronaviral,IC50,479.62200000000024,0.17777777777777778,False,False,False,False
JPGLJXMLPSGHST-DEOSSOPVSA-N,CN(C(=O)[C@H](Cc1ccccc1)NC(=O)OCc1ccccc1)N(C#N)Cc1cccc(F)c1,O=C(NC(Cc1ccccc1)C(=O)NNCc1ccccc1)OCc1ccccc1,6.847711655616944,sars2_3cl,coronaviral,IC50,460.5090000000001,0.25,False,False,False,False
JPUFBYQNQKVOGO-UHFFFAOYSA-N,O=C1C2C3C=CC(CO)(O3)C2C(=O)N1c1cc(C(F)(F)F)ccc1Cl,O=C1C2C3C=CC(O3)C2C(=O)N1c1ccccc1,5.356547323513812,sars2_3cl,coronaviral,IC50,373.71400000000006,0.28378378378378377,False,False,False,False
JPUUYWKRGHYDCC-UHFFFAOYSA-N,O=C(Oc1cncc(Br)c1)c1ccc(I)cc1F,O=C(Oc1cccnc1)c1ccccc1,7.474955192963154,sars2_3cl,coronaviral,IC50,421.991,0.19672131147540983,False,False,False,False
JPYQVNHVZFKWFS-QFIPXVFZSA-N,CN(C(=O)[C@H](Cc1ccccc1)NC(=O)OCc1ccccc1)N(C#N)Cc1ccco1,O=C(NC(Cc1ccccc1)C(=O)NNCc1ccco1)OCc1ccccc1,6.686132779630847,sars2_3cl,coronaviral,IC50,432.48000000000013,0.189873417721519,False,False,False,False
JQJXTPAQJOEGNU-KKUMJFAQSA-N,CC(C)CC(=O)C(=O)N1CC2(CC2)C[C@H]1C(=O)N[C@@H](C[C@@H]1CCNC1=O)C(=O)COC(F)(F)F,O=C1NCCC1CCNC(=O)C1CC2(CC2)CN1,7.619788758288394,sars2_3cl,coronaviral,IC50,489.4910000000002,0.17582417582417584,False,False,False,False
JQNBHIDGTPRYPY-KQXPBRHMSA-N,CN(CCN(C)c1cccc2c1C(=O)N(C1CCC(=O)NC1=O)C2=O)C(=O)CCC(C)(C)NC(=O)N[C@H](C(=O)N1C[C@H]2[C@@H]([C@H]1C(=O)N[C@H](C=O)C[C@@H]1CCNC1=O)C2(C)C)C(C)(C)C,O=C(CCCNC(=O)NCC(=O)N1CC2CC2C1C(=O)NCCC1CCNC1=O)NCCNc1cccc2c1C(=O)N(C1CCC(=O)NC1=O)C2=O,7.508638306165727,sars2_3cl,coronaviral,IC50,890.0519999999998,0.16312056737588654,False,False,False,False
JQQKHTZIQDYQKN-OJFNHCPVSA-N,CC(C)(C)[C@H](NC(=O)C(F)(F)F)C(=O)N1C[C@H]2[C@@H]([C@H]1C(=O)N(C(=O)C(F)(F)F)[C@H](C#N)C[C@@H]1CCNC1=O)C2(C)C,O=C1NCCC1CCNC(=O)C1NCC2CC21,4.490797477668897,sars2_3cl,coronaviral,Ki,595.5410000000002,0.17,False,False,False,False
JROSKNTUYSPHGX-UHFFFAOYSA-N,O=C(Oc1cncc(Cl)c1)c1cccc2c1CCN2,O=C(Oc1cccnc1)c1cccc2c1CCN2,5.667561540084394,sars2_3cl,coronaviral,Ki,274.707,0.19047619047619047,False,False,False,False
JSAQCZWEOZMZCG-XJTARGMPSA-N,CC(C)C[C@@H](C(=O)N1C[C@]2(C[C@H]1C#N)C(=O)Nc1ccccc12)N(C)C(=O)c1sc2cc(F)ccc2c1Cl,O=C(NCC(=O)N1CCC2(C1)C(=O)Nc1ccccc12)c1cc2ccccc2s1,6.259637310505756,sars2_3cl,coronaviral,IC50,553.0590000000002,0.18627450980392157,False,False,False,False
JSASWRWALCMOQP-UHFFFAOYSA-N,CC(C)N(CCC(=O)c1ccc2ccccc2c1)Cc1ccccc1,O=C(CCNCc1ccccc1)c1ccc2ccccc2c1,6.236572006437063,sars2_3cl,coronaviral,IC50,331.45900000000006,0.22972972972972974,False,False,False,False
JSWKCZNBFYYOSH-HXUWFJFHSA-N,Cc1ccc(OCCN(C)C)cc1C(=O)N[C@H](C)c1cc(-c2cnn(CC(F)(F)F)c2)cc(-c2cccs2)c1,O=C(NCc1cc(-c2cn[nH]c2)cc(-c2cccs2)c1)c1ccccc1,7.154901959985743,sars2_3cl,coronaviral,IC50,556.6540000000002,0.2,False,False,False,False
JTEAXQGGYNNSDQ-OXVAQWQNSA-N,CC(C)C[C@H](NC(=O)OC[C@@H]1CCC(=O)N1Cc1cccc(C(F)(F)F)c1)C(=O)N[C@@H](C[C@@H]1CCNC1=O)C(O)S(=O)(=O)O,O=C(CNC(=O)OCC1CCC(=O)N1Cc1ccccc1)NCCC1CCNC1=O,6.113509274827518,sars2_3cl,coronaviral,IC50,650.6730000000003,0.23529411764705882,False,False,False,False
JTFQPOXFMKBYHL-FQEVSTJZSA-N,CN1C(=O)[C@H](CCc2ccccc2)NC(=O)COCCOc2ccc(F)cc2CN1C#N,O=C1COCCOc2ccccc2CNNC(=O)C(CCc2ccccc2)N1,5.8326826652518236,sars2_3cl,coronaviral,IC50,440.47500000000025,0.19767441860465115,False,False,False,False
JTIVMHQHPSUHGV-UHFFFAOYSA-N,CCSC1=CC(=O)c2ccccc2C1=O,O=C1C=CC(=O)c2ccccc21,5.2716462179787715,sars2_3cl,coronaviral,IC50,218.277,0.19047619047619047,False,False,False,False
JTTMGKWFEQNITN-GKCIPKSASA-N,CC(C)C[C@H](NC(=O)C(=O)Nc1ccccc1F)C(=O)N[C@@H](C[C@@H]1CCNC1=O)C(=O)COc1c(F)c(F)cc(F)c1F,O=C(CNC(=O)C(=O)Nc1ccccc1)NC(CC1CCNC1=O)C(=O)COc1ccccc1,7.8297382846050425,sars2_3cl,coronaviral,IC50,612.5520000000005,0.2441860465116279,False,False,False,False
JUDKOGFHZYMDMF-UHFFFAOYSA-N,Oc1cc2c(cc1O)C(c1ccccc1)CNCC2,c1ccc(C2CNCCc3ccccc32)cc1,5.566443110084011,sars2_3cl,coronaviral,IC50,255.31699999999998,0.1774193548387097,False,False,False,False
JUGZNWUUQCXQNL-QFIPXVFZSA-N,CN(C(=O)[C@H](Cc1ccccc1)NC(=O)OCc1ccccc1)N(C#N)Cc1ccc(Br)c(Cl)c1F,O=C(NC(Cc1ccccc1)C(=O)NNCc1ccccc1)OCc1ccccc1,6.903089986991944,sars2_3cl,coronaviral,IC50,573.8500000000001,0.17582417582417584,False,False,False,False
JUNPJKJZKMOWFU-HXUWFJFHSA-N,O=C(NCc1ccccn1)C(=O)[C@@H](Cc1ccccc1)NC(=O)c1ccccc1,O=C(NCc1ccccn1)C(=O)C(Cc1ccccc1)NC(=O)c1ccccc1,6.681727919788373,sars2_3cl,coronaviral,IC50,387.439,0.3275862068965517,False,False,False,False
JUOUNMAXSWHENZ-UHFFFAOYSA-N,O=C1CCCC2=C1C(c1ccc(C(F)(F)F)cc1)N(C(=O)CCl)c1ccc([N+](=O)[O-])cc1N2,O=C1CCCC2=C1C(c1ccccc1)Nc1ccccc1N2,5.991399828238082,sars2_3cl,coronaviral,IC50,479.8420000000002,0.25287356321839083,False,False,False,False
JUQGOGQMRRNBFF-RGVLZGJSSA-N,Cc1cc2nc3s/c(=C/c4ccc(-c5cccc(C(=O)O)c5)o4)c(=O)n3c2cc1C,O=c1c(=Cc2ccc(-c3ccccc3)o2)sc2nc3ccccc3n12,7.259637310505756,sars2_3cl,coronaviral,IC50,416.4580000000002,0.18478260869565216,False,False,False,False
JURAJLFHWXNPHG-UHFFFAOYSA-N,CNC(=O)ON(C(C)=O)C(=O)NC,,5.876148359032914,sars2_3cl,coronaviral,IC50,189.171,0.1590909090909091,False,False,False,False
JVBFKVSPVBUPBJ-ODSXKCLJSA-N,CN(C(=O)[C@@H](NC(=O)OC(C)(C)C)C1CC1)[C@H](CSCc1ccccc1)C(=O)N1C[C@]2(C[C@H]1C#N)C(=O)Nc1ccccc12,O=C(CC1CC1)NC(CSCc1ccccc1)C(=O)N1CCC2(C1)C(=O)Nc1ccccc12,6.17134010346468,sars2_3cl,coronaviral,IC50,617.7720000000002,0.2571428571428571,False,False,False,False
JVBFKVSPVBUPBJ-ZOAKZKCQSA-N,CN(C(=O)[C@@H](NC(=O)OC(C)(C)C)C1CC1)[C@@H](CSCc1ccccc1)C(=O)N1C[C@]2(C[C@H]1C#N)C(=O)Nc1ccccc12,O=C(CC1CC1)NC(CSCc1ccccc1)C(=O)N1CCC2(C1)C(=O)Nc1ccccc12,7.42021640338319,sars2_3cl,coronaviral,IC50,617.7720000000002,0.2571428571428571,False,False,False,False
JVGTXZWPFCLWBU-UHFFFAOYSA-N,CC(C)(C)C1CC2(C1)NC(=O)N(c1cncc(F)c1)C2=O,O=C1NC2(CCC2)C(=O)N1c1cccnc1,5.080921907623926,sars2_3cl,coronaviral,IC50,291.326,0.22857142857142856,False,False,False,False
JVLIBXIZJUCZPD-OWQGQXMQSA-N,CC(C)C[C@H](NC(=O)c1cc2cc(C(F)(F)F)ccc2[nH]1)C(=O)N[C@H](C#N)C[C@@H]1CCNC1=O,O=C(CNC(=O)c1cc2ccccc2[nH]1)NCCC1CCNC1=O,6.583359492661719,sars2_3cl,coronaviral,Ki,477.4870000000002,0.2358490566037736,False,False,False,False
JVSFPWJWCIUVJO-UHFFFAOYSA-N,O=c1[nH]cc(-c2cc(-c3cc(Cl)cc(OCCc4ccccc4)c3)c(=O)n(-c3cccnc3)c2)c(=O)[nH]1,O=c1[nH]cc(-c2cc(-c3cccc(OCCc4ccccc4)c3)c(=O)n(-c3cccnc3)c2)c(=O)[nH]1,7.431798275933005,sars2_3cl,coronaviral,IC50,512.9530000000002,0.16981132075471697,False,False,False,False
JVTQFVOVPQAKPB-YZCJWPANSA-N,CC(C)C[C@H](NC(=O)OCCC12CC3CC(CC(C3)C1)C2)C(=O)N[C@@H](C[C@H]1CCNC1=O)C(O)S(=O)(=O)O,O=C(CNC(=O)OCCC12CC3CC(CC(C3)C1)C2)NCCC1CCNC1=O,6.6020599913279625,sars2_3cl,coronaviral,IC50,557.7100000000004,0.16161616161616163,False,False,False,False
JVXZRQGOGOXCEC-UHFFFAOYSA-N,O=c1cc(-c2ccc(O)cc2)oc2cc(O)c(O)c(O)c12,O=c1cc(-c2ccccc2)oc2ccccc12,5.236572006437063,sars2_3cl,coronaviral,IC50,286.23900000000003,0.140625,False,False,False,False
JVYDGYYQVRQHTD-UHFFFAOYSA-N,CC(=O)OCC1Cc2c(-c3ccc(NCc4ccccc4)cn3)cccc2-c2c(O)ccc(-c3ccc(Br)cc3)c21,c1ccc(CNc2ccc(-c3cccc4c3CCc3c(-c5ccccc5)cccc3-4)nc2)cc1,5.358746721248423,sars2_3cl,coronaviral,IC50,605.5320000000002,0.1797752808988764,False,False,False,False
JWLXOHUMYJGZPC-UHFFFAOYSA-N,O=c1c2ccccc2[se]n1-c1ccc([N+](=O)[O-])cc1,O=c1c2ccccc2[se]n1-c1ccccc1,7.553618187777558,sars2_3cl,coronaviral,IC50,319.17800000000005,0.171875,False,False,False,False
JWOWCQJKTNINSG-UHFFFAOYSA-N,CSc1nc2ccccc2n1C(=O)c1ccc(C)c(Cl)c1,O=C(c1ccccc1)n1cnc2ccccc21,6.821948810943301,sars2_3cl,coronaviral,IC50,316.813,0.2714285714285714,False,False,False,False
JWYGPXZAFHCYIH-UHFFFAOYSA-N,O=C(Cn1sc2cc(F)ccc2c1=O)Nc1ccccc1Cl,O=C(Cn1sc2ccccc2c1=O)Nc1ccccc1,6.721246399047171,sars2_3cl,coronaviral,IC50,336.775,0.2318840579710145,False,False,False,False
JXAJMGFDBKJQCX-UHFFFAOYSA-N,O=C1N(Cc2ccc(Cl)cc2Cl)CCN1c1cncc2ccccc12,O=C1N(Cc2ccccc2)CCN1c1cncc2ccccc12,3.434152181326482,sars2_3cl,coronaviral,Kd,372.25500000000005,0.2558139534883721,False,False,False,False
JXDSBLAFFOUPTJ-UHFFFAOYSA-N,Cc1nnc(SC(=O)c2cc3ccccc3[nH]2)s1,O=C(Sc1nncs1)c1cc2ccccc2[nH]1,6.204815410317575,sars2_3cl,coronaviral,IC50,275.358,0.1935483870967742,False,False,False,False
JXENWKUSJGYYMR-GYHPOREXSA-N,CC(=O)/C=C/[C@H](C[C@@H]1CCNC1=O)NC(=O)[C@H](CC(C)C)NC(=O)OCc1ccccc1,O=C(CNC(=O)OCc1ccccc1)NCCC1CCNC1=O,6.413412695328245,sars2_3cl,coronaviral,Ki,443.54400000000015,0.2391304347826087,False,False,False,False
JXEUENXIFMCCAS-QNDFEYHSSA-N,CC1(C)[C@H](C(=O)OCc2ccc([N+](=O)[O-])cc2)N2C(=O)C(Br)(Br)[C@H]2[S+]1[O-],O=C(OCc1ccccc1)C1C[SH+]C2CC(=O)N21,6.301029995663981,sars2_3cl,coronaviral,IC50,510.1600000000001,0.21518987341772153,False,False,False,False
JXGIYKRRPGCLFV-JOCHJYFZSA-N,CC(C)(C)NC(=O)[C@@H](c1cccnc1)N(C(=O)c1ccco1)c1ccc(C(C)(C)C)cc1,O=C(c1ccco1)N(Cc1cccnc1)c1ccccc1,5.2811247185898065,sars2_3cl,coronaviral,IC50,433.5520000000002,0.2361111111111111,False,False,False,False
JXGIYKRRPGCLFV-JOCHJYFZSA-N,CC(C)(C)NC(=O)[C@@H](c1cccnc1)N(C(=O)c1ccco1)c1ccc(C(C)(C)C)cc1,O=C(c1ccco1)N(Cc1cccnc1)c1ccccc1,5.795880017344075,sars2_3cl,coronaviral,Ki,433.5520000000002,0.2361111111111111,False,False,False,False
JXGIYKRRPGCLFV-UHFFFAOYSA-N,CC(C)(C)NC(=O)C(c1cccnc1)N(C(=O)c1ccco1)c1ccc(C(C)(C)C)cc1,O=C(c1ccco1)N(Cc1cccnc1)c1ccccc1,5.135440293364015,sars2_3cl,coronaviral,IC50,433.5520000000002,0.2361111111111111,False,False,False,False
JXGIYKRRPGCLFV-UHFFFAOYSA-N,CC(C)(C)NC(=O)C(c1cccnc1)N(C(=O)c1ccco1)c1ccc(C(C)(C)C)cc1,O=C(c1ccco1)N(Cc1cccnc1)c1ccccc1,7.154901959985743,sars2_3cl,coronaviral,Ki,433.5520000000002,0.2361111111111111,False,False,False,False
JXIOKIMXGLJRNE-CAPFRKAQSA-N,C/N=c1\nc(-c2ccc(OC)cc2)n(-c2cc(F)c(F)c(F)c2)s1,N=c1nc(-c2ccccc2)n(-c2ccccc2)s1,6.235077015350111,sars2_3cl,coronaviral,IC50,351.353,0.16216216216216217,False,False,False,False
JXJYKTLSMBSDKW-LJEUNREKSA-N,CC(C)C[C@H](NC(=O)OCc1ccccc1)C(=O)N[C@@H](C[C@H]1CCNC1=O)C(=O)C(O)S(=O)(=O)O,O=C(CNC(=O)OCc1ccccc1)NCCC1CCNC1=O,6.3872161432802645,sars2_3cl,coronaviral,IC50,513.5690000000003,0.21052631578947367,False,False,False,False
JXRHVSFTQKNFPK-UHFFFAOYSA-N,COc1ccc(F)c(C(=O)Oc2cncc(Cl)c2)c1F,O=C(Oc1cccnc1)c1ccccc1,7.518557371497695,sars2_3cl,coronaviral,IC50,299.66,0.2727272727272727,False,False,False,False
JYNPCEUBSGNIIR-VJBMBRPKSA-N,CC(C)(C)OC(=O)Nc1cccn([C@@H](CC2CCCCC2)C(=O)N[C@@H](C[C@@H]2CCNC2=O)C(=O)C(=O)NC2CC2)c1=O,O=C(NC1CC1)C(=O)C(CC1CCNC1=O)NC(=O)C(CC1CCCCC1)n1ccccc1=O,5.621602099051863,sars2_3cl,coronaviral,IC50,585.7020000000002,0.26262626262626265,False,False,False,False
JYSHIHOSGWTJAW-DEOSSOPVSA-N,CC[C@@H](C(=O)Nc1cc(NC2COC2)ccc1C)n1cc(Br)cc2nc(SCc3ccc(F)cc3)nc1-2,O=C(Cn1cccc2nc(SCc3ccccc3)nc1-2)Nc1cccc(NC2COC2)c1,7.045757490560675,sars2_3cl,coronaviral,IC50,584.5150000000001,0.20430107526881722,False,False,False,False
JYSHIHOSGWTJAW-DEOSSOPVSA-N,CC[C@@H](C(=O)Nc1cc(NC2COC2)ccc1C)n1cc(Br)cc2nc(SCc3ccc(F)cc3)nc1-2,O=C(Cn1cccc2nc(SCc3ccccc3)nc1-2)Nc1cccc(NC2COC2)c1,7.045757490560675,sars2_3cl,coronaviral,Kd,584.5150000000001,0.20430107526881722,False,False,False,False
JYSHIHOSGWTJAW-UHFFFAOYSA-N,CCC(C(=O)Nc1cc(NC2COC2)ccc1C)n1cc(Br)cc2nc(SCc3ccc(F)cc3)nc1-2,O=C(Cn1cccc2nc(SCc3ccccc3)nc1-2)Nc1cccc(NC2COC2)c1,6.619788758288394,sars2_3cl,coronaviral,IC50,584.5150000000001,0.20430107526881722,False,False,False,False
JYSHIHOSGWTJAW-UHFFFAOYSA-N,CCC(C(=O)Nc1cc(NC2COC2)ccc1C)n1cc(Br)cc2nc(SCc3ccc(F)cc3)nc1-2,O=C(Cn1cccc2nc(SCc3ccccc3)nc1-2)Nc1cccc(NC2COC2)c1,6.301029995663981,sars2_3cl,coronaviral,Kd,584.5150000000001,0.20430107526881722,False,False,False,False
JZBIKLKGEFCHKK-ZJQXAZLASA-N,COc1ccc(C[C@H](NS(=O)(=O)C(F)(F)F)C(=O)N2[C@@H]3CC[C@@H](C3)[C@H]2C(=O)N[C@@H](C[C@@H]2CCNC2=O)C(=O)c2nc3ccccc3s2)cc1,O=C1NCCC1CC(NC(=O)C1C2CCC(C2)N1C(=O)CCc1ccccc1)C(=O)c1nc2ccccc2s1,5.272865576239511,sars2_3cl,coronaviral,IC50,721.7800000000002,0.1951219512195122,False,False,False,False
JZDSOIHNFHXUJF-OAQYLSRUSA-N,Cc1ccc(OCCN(C)C)cc1C(=O)N[C@H](C)c1cc(-c2cnn(CCO)c2)cc(-c2cccs2)c1,O=C(NCc1cc(-c2cn[nH]c2)cc(-c2cccs2)c1)c1ccccc1,6.958607314841775,sars2_3cl,coronaviral,IC50,518.6830000000003,0.21739130434782608,False,False,False,False
JZIJROVMJQZNGP-UHFFFAOYSA-N,Cc1scnc1COc1cc(Cl)cc(-n2cc(-c3ccc(=O)[nH]c3)c(=O)n(-c3cccnc3)c2=O)c1,O=c1ccc(-c2cn(-c3cccc(OCc4cscn4)c3)c(=O)n(-c3cccnc3)c2=O)c[nH]1,6.920818753952375,sars2_3cl,coronaviral,IC50,519.9700000000003,0.16822429906542055,False,False,False,False
JZMXCENGODLQED-UHFFFAOYSA-N,CC(C)Cn1sc2ccccc2c1=O,O=c1[nH]sc2ccccc12,6.318758762624412,sars2_3cl,coronaviral,IC50,207.298,0.23214285714285715,False,False,False,False
JZRMNYIUWCHFMY-XMMPIXPASA-N,Cc1ccc(OCCN(C)C)cc1C(=O)N[C@H](C)c1cc(-c2cnn(CCO)c2)cc(-c2cnn(CCN(C)C)c2)c1,O=C(NCc1cc(-c2cn[nH]c2)cc(-c2cn[nH]c2)c1)c1ccccc1,6.853871964321762,sars2_3cl,coronaviral,IC50,573.7420000000003,0.21176470588235294,False,False,False,False
KAPDZTAMKBHBAC-DBSJAHICSA-N,CC1(C)[C@@H]2[C@@H](C(=O)N[C@H](C#N)C[C@@H]3CCNC3=O)N(C(=O)c3cc4c(F)cc(F)cc4[nH]3)C[C@@H]21,O=C1NCCC1CCNC(=O)C1C2CC2CN1C(=O)c1cc2ccccc2[nH]1,6.259637310505756,sars2_3cl,coronaviral,IC50,469.49200000000013,0.19469026548672566,False,False,False,False
KAQZTNGABLBVAD-CMOCDZPBSA-N,CC(C)[C@H](NC(=O)OCc1ccccc1)C(=O)N[C@@H](CC(C)(C)C)C(=O)N[C@H](C=O)C[C@@H]1CCNC1=O,O=C(CNC(=O)CNC(=O)OCc1ccccc1)NCCC1CCNC1=O,7.721246399047171,sars2_3cl,coronaviral,IC50,516.6390000000004,0.20408163265306123,False,False,False,False
KAUPUNARRGILGQ-MYGLTJDJSA-N,CC(C)(C)C[C@H](NC(=O)[C@@H](NC(=O)OCc1ccccc1)C(C)(C)C)C(=O)N[C@H](C=O)C[C@@H]1CCNC1=O,O=C(CNC(=O)CNC(=O)OCc1ccccc1)NCCC1CCNC1=O,6.065501548756432,sars2_3cl,coronaviral,EC50,530.6660000000003,0.20618556701030927,False,False,False,False
KAUPUNARRGILGQ-MYGLTJDJSA-N,CC(C)(C)C[C@H](NC(=O)[C@@H](NC(=O)OCc1ccccc1)C(C)(C)C)C(=O)N[C@H](C=O)C[C@@H]1CCNC1=O,O=C(CNC(=O)CNC(=O)OCc1ccccc1)NCCC1CCNC1=O,7.443697499232712,sars2_3cl,coronaviral,IC50,530.6660000000003,0.20618556701030927,False,False,False,False
KBBMCAXHKLWKAB-UHFFFAOYSA-N,Cc1nnc(SC(=O)c2ccc(Br)o2)s1,O=C(Sc1nncs1)c1ccco1,6.317854923626168,sars2_3cl,coronaviral,IC50,305.178,0.1935483870967742,False,False,False,False
KBTQAYVMSRLKBV-SRXCXNETSA-N,CC[C@H](C)[C@H](NC(=O)[C@@H](F)Cl)C(=O)N1C[C@@H]2CCC[C@@H]2[C@H]1C(=O)NN(C[C@@H]1CCCNC1=O)C(=O)[C@@H](F)Cl,O=C1NCCCC1CNNC(=O)C1NCC2CCCC21,8.154901959985743,sars2_3cl,coronaviral,IC50,582.4760000000003,0.17525773195876287,False,False,False,False
KBYCKXXXKHZZIE-UHFFFAOYSA-N,COc1cccc(-n2[se]c3ccccc3c2=O)c1,O=c1c2ccccc2[se]n1-c1ccccc1,5.3893398369101195,sars2_3cl,coronaviral,IC50,304.20700000000005,0.2786885245901639,False,False,False,False
KCAITOMIOKBOGD-UHFFFAOYSA-N,O=C(Cn1sc2cc(F)ccc2c1=O)Nc1ccc(C(F)(F)F)cc1,O=C(Cn1sc2ccccc2c1=O)Nc1ccccc1,6.6777807052660805,sars2_3cl,coronaviral,IC50,370.327,0.2222222222222222,False,False,False,False
KCGBRRFWFQLHRV-ACXKHFGCSA-N,CCC#CC(=O)N(c1ccc(-c2ccccc2)cc1)C(C(=O)N[C@@H](C)c1ccccc1)c1cccnc1,O=C(NCc1ccccc1)C(Nc1ccc(-c2ccccc2)cc1)c1cccnc1,5.782516055786093,sars2_3cl,coronaviral,IC50,487.6030000000002,0.25,False,False,False,False
KCGUGVQODCQMBI-UHFFFAOYSA-N,S=C(SSC(=S)N1CCCC1)N1CCCC1,S=C(SSC(=S)N1CCCC1)N1CCCC1,5.872895201635192,sars2_3cl,coronaviral,IC50,292.5200000000001,0.2,False,False,False,False
KCLUDUNRFKYSQJ-HXUWFJFHSA-N,O=C(CNC(=O)C1CCC(F)(F)CC1)N[C@H](Cc1ccccc1)C(=O)C(=O)NCc1ccccn1,O=C(CNC(=O)C1CCCCC1)NC(Cc1ccccc1)C(=O)C(=O)NCc1ccccn1,7.85078088734462,sars2_3cl,coronaviral,IC50,486.5190000000002,0.23076923076923078,False,False,False,False
KCNNMUASRUVWPZ-UHFFFAOYSA-N,O=C(Oc1cncc(Cl)c1)c1cc(Cl)cc(Cl)c1,O=C(Oc1cccnc1)c1ccccc1,6.876148359032914,sars2_3cl,coronaviral,IC50,302.544,0.20754716981132076,False,False,False,False
KCWFCICGHVBXPC-UHFFFAOYSA-N,CC1CC(=O)C2=C(C1)Nc1cc([N+](=O)[O-])ccc1N(C(=O)CCl)C2C1CCCC1,O=C1CCCC2=C1C(C1CCCC1)Nc1ccccc1N2,5.288192770958808,sars2_3cl,coronaviral,IC50,417.89300000000026,0.2,False,False,False,False
KDMQSUUXKLZVNU-UHFFFAOYSA-N,O=c1c2ccccc2sn1-c1ccccc1,O=c1c2ccccc2sn1-c1ccccc1,6.886056647693163,sars2_3cl,coronaviral,IC50,227.288,0.2,False,False,False,False
KDRLYJHSTCMEDX-UHFFFAOYSA-N,[O-][S+](Cc1cccnc1)c1nnc(-c2ccc(C(F)(F)F)cc2)o1,c1ccc(-c2nnc([SH+]Cc3cccnc3)o2)cc1,7.0655015487564325,sars2_3cl,coronaviral,IC50,353.325,0.1896551724137931,False,False,False,False
KDSLSCLNRDDNCB-UHFFFAOYSA-N,O=C(CCl)N1N=C(c2cc(Cl)ccc2F)C(c2ccccc2)C1c1ccc2nccnc2c1,c1ccc(C2=NNC(c3ccc4nccnc4c3)C2c2ccccc2)cc1,7.853871964321762,sars2_3cl,coronaviral,IC50,479.34200000000016,0.2,False,False,False,False
KDVUTHOMPYFSDW-IQHRTIQUSA-N,COc1ccc(OC(C)C(=O)N2C[C@@H]3CCC[C@@H]3[C@H]2C(=O)N[C@H](C=O)C[C@@H]2CCNC2=O)cc1,O=C1NCCC1CCNC(=O)C1C2CCCC2CN1C(=O)COc1ccccc1,7.1605219526258015,sars2_3cl,coronaviral,IC50,471.5540000000002,0.23655913978494625,False,False,False,False
KEAASSFDBHSWDX-WLNPFYQQSA-N,CC(C)(C)NC(=O)C(=O)[C@H](C[C@@H]1CCNC1=O)NC(=O)[C@@H]1[C@H]2CCC[C@H]2CN1C(=O)[C@@H](NC(=O)C(F)(F)F)C1CCCCC1,O=C1NCCC1CCNC(=O)C1C2CCCC2CN1C(=O)CC1CCCCC1,7.468521082957745,sars2_3cl,coronaviral,IC50,627.705,0.18269230769230768,False,False,False,False
KEGCOZYNPKOENI-NJSLBKSFSA-N,CC(C)(C)C[C@H](NC(=O)c1cc2c(C(F)(F)F)cccc2[nH]1)C(=O)N[C@H](C#N)C[C@@H]1CCNC1=O,O=C(CNC(=O)c1cc2ccccc2[nH]1)NCCC1CCNC1=O,6.818156412055227,sars2_3cl,coronaviral,Ki,491.5140000000002,0.20408163265306123,False,False,False,False
KEJXRLNOWBGIJU-DUUCEYBISA-N,CC1(C)[C@@H]2[C@@H](C(=O)N[C@H](C=O)C[C@@H]3CCNC3=O)N(C(=O)c3cc4cccc(F)c4[nH]3)C[C@@H]21,O=C1NCCC1CCNC(=O)C1C2CC2CN1C(=O)c1cc2ccccc2[nH]1,7.958607314841775,sars2_3cl,coronaviral,IC50,454.5020000000001,0.21649484536082475,False,False,False,False
KELCWIHYSVOYMQ-UHFFFAOYSA-N,Cn1cnc(Cn2c(=O)nc(Nc3cc4c(F)n(C)nc4cc3Cl)n(Cc3cc(F)c(F)cc3F)c2=O)n1,O=c1nc(Nc2ccc3n[nH]cc3c2)n(Cc2ccccc2)c(=O)n1Cc1nc[nH]n1,7.721246399047171,sars2_3cl,coronaviral,IC50,549.8760000000001,0.16304347826086957,False,False,False,False
KEPUOYACJXZYTQ-UHFFFAOYSA-N,CCN1CCN(c2ccc(N)cc2)CC1,c1ccc(N2CCNCC2)cc1,7.552841968657781,sars2_3cl,coronaviral,IC50,205.30499999999998,0.2,False,False,False,False
KFFVXVXATZDEKJ-YADHBBJMSA-N,O=C(N[C@H]1CCCC[C@H]1Nc1c(C(=O)N2CCOCC2)cc(Br)cc1[N+](=O)[O-])c1cc(=O)[nH]c2ccccc12,O=C(NC1CCCCC1Nc1ccccc1C(=O)N1CCOCC1)c1cc(=O)[nH]c2ccccc12,7.485452247339714,sars2_3cl,coronaviral,IC50,598.4540000000002,0.25,False,False,False,False
KFPHTHZZLMHALF-DEOSSOPVSA-N,CN(C(=O)[C@H](Cc1ccccc1)NC(=O)OCc1ccccc1)N(C#N)Cc1ccc(Cl)cc1,O=C(NC(Cc1ccccc1)C(=O)NNCc1ccccc1)OCc1ccccc1,6.585026652029182,sars2_3cl,coronaviral,IC50,476.96400000000017,0.21052631578947367,False,False,False,False
KFVMFVGFBJXTMF-UHFFFAOYSA-N,CC1=C(c2ccccc2)C1C(=O)NC(Cc1cc2ccccc2[nH]1)c1nc(-c2ccc(C(F)(F)F)cc2)no1,O=C(NC(Cc1cc2ccccc2[nH]1)c1nc(-c2ccccc2)no1)C1C=C1c1ccccc1,4.831502516476967,sars2_3cl,coronaviral,IC50,528.5340000000001,0.20408163265306123,False,False,False,False
KGCHPHSIWLRUBL-KOUJMVCDSA-N,CC(C)(C)NC(=O)N[C@H](C(=O)N1C[C@H]2[C@@H]([C@H]1C(=O)N[C@H](C#N)C[C@@H]1CCNC1=O)C2(C)C)C(C)(C)C,O=C1NCCC1CCNC(=O)C1NCC2CC21,8.481486060122112,sars2_3cl,coronaviral,Ki,502.6600000000003,0.16666666666666666,False,False,False,False
KGHVTHJFWBMPFA-URORMMCBSA-N,CC(C)(C)OC(=O)Nc1cccn([C@@H](CC2CCCCC2)C(=O)N[C@@H](C[C@@H]2CCNC2=O)C(=O)C(=O)NCc2ccccc2)c1=O,O=C(NCc1ccccc1)C(=O)C(CC1CCNC1=O)NC(=O)C(CC1CCCCC1)n1ccccc1=O,5.621602099051863,sars2_3cl,coronaviral,IC50,635.7620000000003,0.2647058823529412,False,False,False,False
KGTGXCKWUBPWAN-IGMYYROVSA-N,CC(C)[C@H](NC(=O)C(F)(F)F)C(=O)N1C[C@H]2[C@@H]([C@H]1C(=O)N[C@@H](C[C@@H]1CCNC1=O)C(=O)c1nc3ccccc3o1)C2(C)C,O=C1NCCC1CC(NC(=O)C1NCC2CC21)C(=O)c1nc2ccccc2o1,7.886056647693163,sars2_3cl,coronaviral,Ki,605.6140000000001,0.19811320754716982,False,False,False,False
KGZUHYIHYBDNLC-UHFFFAOYSA-N,Cc1ccc2nc(-c3ccc(N)cc3)sc2c1S(=O)(=O)O,c1ccc(-c2nc3ccccc3s2)cc1,5.366531544420413,sars2_3cl,coronaviral,IC50,320.39500000000004,0.17647058823529413,False,False,False,False
KHFZDFJKGAIOGC-UHFFFAOYSA-N,O=C(Sc1nc2ccccc2s1)c1ccc(-c2ccccc2)s1,O=C(Sc1nc2ccccc2s1)c1ccc(-c2ccccc2)s1,6.903089986991944,sars2_3cl,coronaviral,IC50,353.49300000000005,0.1643835616438356,False,False,False,False
KHFZDFJKGAIOGC-UHFFFAOYSA-N,O=C(Sc1nc2ccccc2s1)c1ccc(-c2ccccc2)s1,O=C(Sc1nc2ccccc2s1)c1ccc(-c2ccccc2)s1,7.376750709602099,sars2_3cl,coronaviral,Ki,353.49300000000005,0.1643835616438356,False,False,False,False
KHHXXOWXBTYSNU-XHBHRCDMSA-N,CC(C)C[C@H](NC(=O)OCC1CN(C(=O)C2CC3CCC2C3)C1)C(=O)N[C@H](C=O)C[C@H]1CCNC1=O,O=C(CNC(=O)OCC1CN(C(=O)C2CC3CCC2C3)C1)NCCC1CCNC1=O,6.2839966563652006,sars2_3cl,coronaviral,IC50,504.6280000000004,0.19607843137254902,False,False,False,False
KIDNRTQJOUBKKT-UHFFFAOYSA-N,CCC(C(=O)Nc1cc(NC2CNC2)ccc1C)n1cc(Br)cc2nc(SCc3ccc(F)cc3)nc1-2,O=C(Cn1cccc2nc(SCc3ccccc3)nc1-2)Nc1cccc(NC2CNC2)c1,7.154901959985743,sars2_3cl,coronaviral,IC50,583.5310000000001,0.20430107526881722,False,False,False,False
KIDNRTQJOUBKKT-UHFFFAOYSA-N,CCC(C(=O)Nc1cc(NC2CNC2)ccc1C)n1cc(Br)cc2nc(SCc3ccc(F)cc3)nc1-2,O=C(Cn1cccc2nc(SCc3ccccc3)nc1-2)Nc1cccc(NC2CNC2)c1,7.0,sars2_3cl,coronaviral,Kd,583.5310000000001,0.20430107526881722,False,False,False,False
KIJKUSPNZALBLD-UHFFFAOYSA-N,Cn1cc(-c2cc(-c3cc(Cl)c(F)c(OCc4ccccc4Cl)c3)c(=O)n(-c3cccnc3)c2)c(=O)[nH]c1=O,O=c1[nH]cc(-c2cc(-c3cccc(OCc4ccccc4)c3)c(=O)n(-c3cccnc3)c2)c(=O)[nH]1,7.356547323513812,sars2_3cl,coronaviral,IC50,565.388,0.20388349514563106,False,False,False,False
KIJREEXIGFXERD-JOCHJYFZSA-N,COCCn1cc(-c2cc(-c3cnn(CC(N)=O)c3)cc([C@@H](C)NC(=O)c3cc(OCCN(C)C)ccc3C)c2)cn1,O=C(NCc1cc(-c2cn[nH]c2)cc(-c2cn[nH]c2)c1)c1ccccc1,7.045757490560675,sars2_3cl,coronaviral,IC50,573.6980000000002,0.22727272727272727,False,False,False,False
KIMAGKJQPHKEMO-UHFFFAOYSA-N,CC(C)(C)OC(=O)N1CCC(CCCNC(=O)n2cc(F)c(=O)[nH]c2=O)CC1,O=C(NCCCC1CCNCC1)n1ccc(=O)[nH]c1=O,5.468521082957745,sars2_3cl,coronaviral,IC50,398.4350000000001,0.25,False,False,False,False
KIRIGTQPZIKIAF-IGKWTDBASA-N,COc1cccc2[nH]c(C(=O)N[C@@H](CC(C)C)C(=O)N[C@@H](C[C@@H]3CCCNC3=O)C(=O)COC(=O)c3cccnc3)cc12,O=C(CNC(=O)c1cc2ccccc2[nH]1)NC(CC1CCCNC1=O)C(=O)COC(=O)c1cccnc1,8.397940008672037,sars2_3cl,coronaviral,IC50,591.6650000000003,0.24731182795698925,False,False,False,False
KIYZRANEFPEAJE-UZVDJONISA-N,CC(C)C[C@H](NC(=O)OCC1CCN(Cc2ccccc2)C1=O)C(=O)N[C@H](C=O)C[C@@H]1CCNC1=O,O=C(CNC(=O)OCC1CCN(Cc2ccccc2)C1=O)NCCC1CCNC1=O,6.102372908709558,sars2_3cl,coronaviral,IC50,500.59600000000023,0.2222222222222222,False,False,False,False
KJFITMGECKBXRB-UHFFFAOYSA-N,O=C(NCCC1CCCC1)C1CN(c2ccc(Cl)c(Cl)c2)CCN1C(=O)c1cc(=O)[nH]c2ccccc12,O=C(NCCC1CCCC1)C1CN(c2ccccc2)CCN1C(=O)c1cc(=O)[nH]c2ccccc12,6.036212172654444,sars2_3cl,coronaviral,IC50,541.4790000000003,0.23863636363636365,False,False,False,False
KJHKTHWMRKYKJE-SUGCFTRWSA-N,Cc1cccc(C)c1OCC(=O)N[C@@H](Cc1ccccc1)[C@@H](O)C[C@H](Cc1ccccc1)NC(=O)[C@H](C(C)C)N1CCCNC1=O,O=C(COc1ccccc1)NC(CCC(Cc1ccccc1)NC(=O)CN1CCCNC1=O)Cc1ccccc1,5.0400051616715835,sars2_3cl,coronaviral,IC50,628.8139999999999,0.21212121212121213,False,False,False,False
KJLVHVRGNPOMFN-UHFFFAOYSA-N,O=S(=O)(Cc1ccccn1)c1nnc(-c2ccc(Cl)cc2)o1,O=S(=O)(Cc1ccccn1)c1nnc(-c2ccccc2)o1,6.494850021680094,sars2_3cl,coronaviral,IC50,335.77200000000005,0.19402985074626866,False,False,False,False
KJMGYPHPPVHAMZ-IIHKLAMMSA-N,COC[C@H]1C/C=C/CCNc2cncc(c2)C(=O)N2CC3(CC3)C[C@@H]2CC(=O)N[C@H](Cc2ccc(Cl)cc2)C(=O)N1,O=C1CC2CC3(CC3)CN2C(=O)c2cncc(c2)NCCC=CCCNC(=O)C(Cc2ccccc2)N1,8.301029995663981,sars2_3cl,coronaviral,IC50,580.1290000000004,0.16521739130434782,False,False,False,False
KJXSIXMJHKAJOD-GICMACPYSA-N,O=C1c2c(O)cc(O)cc2OC(c2cc(O)c(O)c(O)c2)[C@@H]1O,O=C1CC(c2ccccc2)Oc2ccccc21,5.920818753952375,sars2_3cl,coronaviral,IC50,320.253,0.12857142857142856,False,False,False,False
KJXSIXMJHKAJOD-LSDHHAIUSA-N,O=C1c2c(O)cc(O)cc2O[C@H](c2cc(O)c(O)c(O)c2)[C@H]1O,O=C1CC(c2ccccc2)Oc2ccccc21,6.34391132178011,sars2_3cl,coronaviral,IC50,320.253,0.12857142857142856,False,False,False,False
KKGROCOPOYFJKZ-UHFFFAOYSA-N,CC(=O)OCC1Cc2c(-c3ccc(-c4ccccc4)cn3)cccc2-c2c(O)ccc(-c3ccc(Br)cc3)c21,c1ccc(-c2ccc(-c3cccc4c3CCc3c(-c5ccccc5)cccc3-4)nc2)cc1,5.081969663215119,sars2_3cl,coronaviral,IC50,576.4900000000002,0.1935483870967742,False,False,False,False
KKHPHLOVWCACRM-UHFFFAOYSA-N,CC(C)CCn1sc2c(Br)cccc2c1=O,O=c1[nH]sc2ccccc12,4.024568191490737,sars2_3cl,coronaviral,IC50,300.22100000000006,0.20967741935483872,False,False,False,False
KKNJQFHEHQASFG-KRWDZBQOSA-N,Cc1cncc(CC(=O)N2CCC[C@H]2c2cccc(Cl)c2)c1,O=C(Cc1cccnc1)N1CCCC1c1ccccc1,5.6777807052660805,sars2_3cl,coronaviral,IC50,314.816,0.4,False,False,False,False
KKVYOWPPMNSLCP-UHFFFAOYSA-N,S=C(SSC(=S)N1CCOCC1)N1CCOCC1,S=C(SSC(=S)N1CCOCC1)N1CCOCC1,5.654167561592071,sars2_3cl,coronaviral,IC50,324.51800000000014,0.18032786885245902,False,False,False,False
KLHGPGIQPWAONQ-UHFFFAOYSA-N,O=C(Sc1ncccn1)c1ccc(-c2ccccc2)s1,O=C(Sc1ncccn1)c1ccc(-c2ccccc2)s1,7.863279432843593,sars2_3cl,coronaviral,IC50,298.392,0.2,False,False,False,False
KLHLSKWJVKEYCK-UHFFFAOYSA-N,CN(C)C1CN(Cc2ccc(NC(=O)c3ccc(OCCC(F)(F)F)c([N+](=O)[O-])c3)cc2C(F)(F)F)C1,O=C(Nc1ccc(CN2CCC2)cc1)c1ccccc1,4.417141537775501,sars2_3cl,coronaviral,IC50,534.4570000000002,0.24242424242424243,False,False,False,False
KLHLSKWJVKEYCK-UHFFFAOYSA-N,CN(C)C1CN(Cc2ccc(NC(=O)c3ccc(OCCC(F)(F)F)c([N+](=O)[O-])c3)cc2C(F)(F)F)C1,O=C(Nc1ccc(CN2CCC2)cc1)c1ccccc1,4.928486194904911,sars2_3cl,coronaviral,Kd,534.4570000000002,0.24242424242424243,False,False,False,False
KLJDWIICVLKCFV-JOCHJYFZSA-N,Cc1ccc(OCCN(C)C)cc1C(=O)N[C@H](C)c1cc(-c2ccc3cnn(C)c3c2)cc(-c2cnn(C)c2)c1,O=C(NCc1cc(-c2cn[nH]c2)cc(-c2ccc3cn[nH]c3c2)c1)c1ccccc1,6.886056647693163,sars2_3cl,coronaviral,IC50,536.6800000000003,0.27472527472527475,False,False,False,False
KLUAZXFCICCKIR-GXFFZTMASA-N,CC1(C)[C@H](C(=O)OCc2ccc([N+](=O)[O-])cc2)N2C(=O)C(Br)(Br)[C@H]2S1(=O)=O,O=C(OCc1ccccc1)C1CS(=O)(=O)C2CC(=O)N12,6.221848749616356,sars2_3cl,coronaviral,IC50,526.1590000000001,0.21518987341772153,False,False,False,False
KLUUYEHQDTUBDY-MHZLTWQESA-N,CN(C(=O)[C@H](Cc1ccccc1)NC(=O)COc1cccc2ccccc12)N(C#N)Cc1ccc(Cl)cc1,O=C(COc1cccc2ccccc12)NC(Cc1ccccc1)C(=O)NNCc1ccccc1,5.97469413473523,sars2_3cl,coronaviral,IC50,527.0240000000002,0.2111111111111111,False,False,False,False
KLXHMZDATSPDMW-UHFFFAOYSA-N,O=C(Oc1cncc(Cl)c1)c1ccc(Cl)cc1,O=C(Oc1cccnc1)c1ccccc1,6.661543506395395,sars2_3cl,coronaviral,IC50,268.099,0.23333333333333334,False,False,False,False
KMKPNFMRNGXUPH-UHFFFAOYSA-N,CC1=C(c2ccccc2)C1C(=O)NC(C)c1nc(-c2ccc(C(F)(F)F)cc2)no1,O=C(NCc1nc(-c2ccccc2)no1)C1C=C1c1ccccc1,4.013541787262693,sars2_3cl,coronaviral,IC50,413.399,0.19444444444444445,False,False,False,False
KMPOAXYUGWTIIV-UHFFFAOYSA-N,CCC(C)c1ccc(N(C(=O)c2ccco2)C(C(=O)NC2CCCC2)c2cccnc2)cc1,O=C(NC1CCCC1)C(c1cccnc1)N(C(=O)c1ccco1)c1ccccc1,5.657577319177793,sars2_3cl,coronaviral,IC50,445.5630000000002,0.27380952380952384,False,False,False,False
KMZFYHXAHHZBTC-YDONVPIESA-N,Cc1ccc(NCC2(C)CCN2)cc1C(=O)N[C@H](C)c1cccc2ccccc12,O=C(NCc1cccc2ccccc12)c1cccc(NCC2CCN2)c1,6.096910013008056,sars2_3cl,coronaviral,IC50,387.52700000000016,0.2535211267605634,False,False,False,False
KNBRWWCHBRQLNY-UHFFFAOYSA-N,S=C(SSC(=S)N1CCCCC1)N1CCCCC1,S=C(SSC(=S)N1CCCCC1)N1CCCCC1,5.8297382846050425,sars2_3cl,coronaviral,IC50,320.5740000000002,0.2222222222222222,False,False,False,False
KNDLPUFRZOTZBI-UHFFFAOYSA-N,Cc1nnc(SC(=O)c2cccc3[nH]ccc23)s1,O=C(Sc1nncs1)c1cccc2[nH]ccc12,7.221848749616356,sars2_3cl,coronaviral,IC50,275.358,0.20833333333333334,False,False,False,False
KNFARXVTOTYHMG-IZZNHLLZSA-N,CN(C(=O)[C@H](Cc1ccccc1)NC(=O)[C@@H](NC(=O)C1CCCC1)C(C)(C)C)N(C#N)Cc1ccc(Cl)cc1,O=C(CNC(=O)C1CCCC1)NC(Cc1ccccc1)C(=O)NNCc1ccccc1,7.494850021680094,sars2_3cl,coronaviral,IC50,552.1190000000005,0.23863636363636365,False,False,False,False
KNFARXVTOTYHMG-IZZNHLLZSA-N,CN(C(=O)[C@H](Cc1ccccc1)NC(=O)[C@@H](NC(=O)C1CCCC1)C(C)(C)C)N(C#N)Cc1ccc(Cl)cc1,O=C(CNC(=O)C1CCCC1)NC(Cc1ccccc1)C(=O)NNCc1ccccc1,7.638272163982407,sars2_3cl,coronaviral,Ki,552.1190000000005,0.23863636363636365,False,False,False,False
KNYFJYVFUYERQR-UHFFFAOYSA-N,COC(=O)Cn1sc2ccccc2c1=O,O=c1[nH]sc2ccccc12,5.548213564475709,sars2_3cl,coronaviral,IC50,223.25300000000001,0.2807017543859649,False,False,False,False
KOLYTGQLLOECLD-QESAQDPVSA-N,CC(C)C[C@H](NC(=O)[C@@H](NC(=O)c1ccc(C(F)(F)F)cc1)C(C)C)C(=O)N[C@H](C=O)C[C@@H]1CCCNC1=O,O=C(CNC(=O)CNC(=O)c1ccccc1)NCCC1CCCNC1=O,5.845880474484153,sars2_3cl,coronaviral,IC50,554.6100000000002,0.2,False,False,False,False
KONXKYODPVUNQU-WOYTXXSLSA-N,CC1(C)[C@@H]2[C@@H](C(=O)N[C@H](C=O)C[C@@H]3CCNC3=O)N(C(=O)C3(O)CCCCC3)C[C@@H]21,O=C1NCCC1CCNC(=O)C1C2CC2CN1C(=O)C1CCCCC1,7.346787486224656,sars2_3cl,coronaviral,IC50,419.5220000000003,0.20512820512820512,False,False,False,False
KOUVVHAGIUSYCU-ZONLJJFTSA-N,CC1(C)[C@@H]2[C@@H](C(=O)N[C@H](C=O)C[C@@H]3CCNC3=O)N(C(=O)C3(c4ccccc4)CCCC3)C[C@@H]21,O=C1NCCC1CCNC(=O)C1C2CC2CN1C(=O)C1(c2ccccc2)CCCC1,7.823908740944319,sars2_3cl,coronaviral,IC50,465.5940000000003,0.23076923076923078,False,False,False,False
KPCNQJQWSGJPJP-OAQYLSRUSA-N,O=C(CNC(=O)c1cc2ccccc2o1)N[C@H](Cc1ccccc1)C(=O)C(=O)NCc1ccccn1,O=C(CNC(=O)c1cc2ccccc2o1)NC(Cc1ccccc1)C(=O)C(=O)NCc1ccccn1,6.668977828958171,sars2_3cl,coronaviral,IC50,484.5120000000002,0.25,False,False,False,False
KPIUSQYHRHFTRT-SFHVURJKSA-N,NC(=O)CCN(NC(=O)[C@H](CC1CCCCC1)NC(=O)OCc1ccccc1)C(=O)CF,O=C(NCCC1CCCCC1)OCc1ccccc1,5.920818753952375,sars2_3cl,coronaviral,IC50,450.5110000000002,0.27906976744186046,False,False,False,False
KPPDQYCGRCZHMK-OALUTQOASA-N,CC(C)(C)CC(=O)N1CC2(CCCCC2)C[C@H]1C(=O)N[C@@H](CCC(C)(F)F)C(=O)C(=O)NC1CC1,O=C(CNC(=O)C1CC2(CCCCC2)CN1)C(=O)NC1CC1,6.050609993355087,sars2_3cl,coronaviral,IC50,497.62700000000024,0.1958762886597938,False,False,False,False
KPPRBOLFVPVWMS-OERUSLLMSA-N,CCOC(=O)/C=C/[C@H](C[C@@H]1CCNC1=O)NC(=O)[C@H](Cc1ccccc1)NC(=O)[C@H](N)Cc1ccccc1,O=C(CCc1ccccc1)NC(Cc1ccccc1)C(=O)NCCC1CCNC1=O,6.045757490560675,sars2_3cl,coronaviral,IC50,520.6300000000002,0.26373626373626374,False,False,False,False
KPTCFQSFRDOBIJ-UHFFFAOYSA-N,O=C(Oc1cncc(Cl)c1)c1ccc(OCc2ccccc2)cc1F,O=C(Oc1cccnc1)c1ccc(OCc2ccccc2)cc1,6.492144128304169,sars2_3cl,coronaviral,IC50,357.76800000000003,0.20270270270270271,False,False,False,False
KPYQLMJUGSDJQX-MRXNPFEDSA-N,N#Cc1cc(C(=O)N2CCOCC2)c(N2CC[C@@H](NC(=O)c3cc(=O)[nH]c4c(F)cccc34)C2)c(C(F)(F)F)c1,O=C(NC1CCN(c2ccccc2C(=O)N2CCOCC2)C1)c1cc(=O)[nH]c2ccccc12,9.318758762624412,sars2_3cl,coronaviral,EC50,557.5040000000002,0.23958333333333334,False,False,False,False
KQMPYPUEXZIKFX-ONEGZZNKSA-N,O=C(/C=C/c1c(Cl)c(O)c(O)c(O)c1Cl)c1ccc(Cl)cc1Cl,O=C(C=Cc1ccccc1)c1ccccc1,6.5141366704026655,sars2_3cl,coronaviral,IC50,394.03700000000015,0.2153846153846154,False,False,False,False
KQSNHTMXKHXQRH-AICCOOGYSA-N,COC(=O)N[C@H](C(=O)N1C[C@H](C(F)(F)F)C[C@H]1C(=O)N[C@H](C#N)C[C@@H]1CCNC1=O)C(C)C,O=C1NCCC1CCNC(=O)C1CCCN1,7.877129077135565,sars2_3cl,coronaviral,Ki,475.4680000000002,0.1836734693877551,False,False,False,False
KQTJKSCNSCEMEY-NOENIZQJSA-N,CCc1cccc(NC(=O)[C@@H](Cc2ccc(O)c(O)c2)OC(=O)/C=C/c2ccc(O)c(O)c2)c1,O=C(C=Cc1ccccc1)OC(Cc1ccccc1)C(=O)Nc1ccccc1,4.34008379993015,sars2_3cl,coronaviral,IC50,463.48600000000016,0.23809523809523808,False,False,False,False
KRDVNSPVUINXKD-DEOSSOPVSA-N,COc1c(Cl)cccc1CN(C#N)N(C)C(=O)[C@H](Cc1ccccc1)NC(=O)OCc1ccccc1,O=C(NC(Cc1ccccc1)C(=O)NNCc1ccccc1)OCc1ccccc1,6.371611069949688,sars2_3cl,coronaviral,IC50,506.99000000000024,0.21794871794871795,False,False,False,False
KRNGPDUFHQXSOZ-GVZUZGFXSA-N,N#C[C@H](C[C@@H]1CCNC1=O)NC(=O)[C@@H]1[C@H]2CCC[C@H]2CN1C(=O)c1cc2c(Cl)cccc2[nH]1,O=C1NCCC1CCNC(=O)C1C2CCCC2CN1C(=O)c1cc2ccccc2[nH]1,6.259637310505756,sars2_3cl,coronaviral,IC50,467.95700000000016,0.2631578947368421,False,False,False,False
KRTFGRDXCFYARD-CMOCDZPBSA-N,CC(C)(C)C[C@H](NC(=O)[C@@H](NC(=O)OCc1ccccc1)C1CC1)C(=O)N[C@H](C=O)C[C@@H]1CCNC1=O,O=C(CNC(=O)C(NC(=O)OCc1ccccc1)C1CC1)NCCC1CCNC1=O,7.795880017344075,sars2_3cl,coronaviral,IC50,514.6230000000003,0.20408163265306123,False,False,False,False
KRUSHXMEHBIKCV-IBGZPJMESA-N,C=CC(=O)O[C@H](C(=O)NCc1cccc(OC)c1OC)c1ccc([N+](=O)[O-])cc1,O=C(Cc1ccccc1)NCc1ccccc1,5.027334407733889,sars2_3cl,coronaviral,IC50,400.3870000000001,0.2328767123287671,False,False,False,False
KRVVOUNPPPSHGQ-UHFFFAOYSA-N,O=c1c2c(O)c(O)c(O)cc2nc(-c2ccccc2)n1C1CC1,O=c1c2ccccc2nc(-c2ccccc2)n1C1CC1,6.537602002101044,sars2_3cl,coronaviral,IC50,310.3090000000001,0.21621621621621623,False,False,False,False
KRXMYBAZKJBJAB-UHFFFAOYSA-N,Cc1ccc(-n2sc3ccccc3c2=O)cc1,O=c1c2ccccc2sn1-c1ccccc1,6.481486060122112,sars2_3cl,coronaviral,IC50,241.31500000000003,0.23404255319148937,False,False,False,False
KSABZAUCRGTZGL-UHFFFAOYSA-N,O=C(C#Cc1ccccc1)NCc1nc(-c2ccc(C(F)(F)F)cc2)no1,O=C(C#Cc1ccccc1)NCc1nc(-c2ccccc2)no1,4.32910504647979,sars2_3cl,coronaviral,IC50,371.318,0.24242424242424243,False,False,False,False
KSBJTEAOFRKHIW-UHFFFAOYSA-N,Cn1cnc(Cn2c(=O)nc(Nc3cc4cn(C)nc4cc3Cl)n(Cc3cc(F)c(F)c(F)c3F)c2=O)n1,O=c1nc(Nc2ccc3n[nH]cc3c2)n(Cc2ccccc2)c(=O)n1Cc1nc[nH]n1,8.0,sars2_3cl,coronaviral,IC50,549.8760000000001,0.18888888888888888,False,False,False,False
KSCRVOKQPYZBHZ-IXPOFIJOSA-N,CC(C)C[C@H](NC(=O)[C@@H](NC(=O)OCc1ccccc1)C(C)C)C(=O)N[C@@H](C[C@@H]1CCNC1=O)C(=O)c1nc2ccccc2s1,O=C(CNC(=O)OCc1ccccc1)NCC(=O)NC(CC1CCNC1=O)C(=O)c1nc2ccccc2s1,7.026872146400302,sars2_3cl,coronaviral,IC50,635.7870000000001,0.2,False,False,False,False
KSCRVOKQPYZBHZ-IXPOFIJOSA-N,CC(C)C[C@H](NC(=O)[C@@H](NC(=O)OCc1ccccc1)C(C)C)C(=O)N[C@@H](C[C@@H]1CCNC1=O)C(=O)c1nc2ccccc2s1,O=C(CNC(=O)OCc1ccccc1)NCC(=O)NC(CC1CCNC1=O)C(=O)c1nc2ccccc2s1,7.838631997765026,sars2_3cl,coronaviral,Ki,635.7870000000001,0.2,False,False,False,False
KSRJOIIPUNWUFN-UHFFFAOYSA-N,CCNc1ccc(-c2cccc3c2CC(CO)c2c(-c4ccc(Br)cc4)ccc(O)c2-3)nc1,c1ccc(-c2cccc3c2CCc2c(-c4ccccn4)cccc2-3)cc1,5.259637310505756,sars2_3cl,coronaviral,IC50,501.4240000000001,0.1650485436893204,False,False,False,False
KSSDFKAUXACCMX-ORIJERBGSA-N,CNC(=O)C(=O)[C@H](CCC(C)(F)F)NC(=O)[C@@H]1C[C@H](C(F)(F)F)CCN1C(=O)[C@@H](NC(=O)OC)C(C)(C)C,C1CCNCC1,8.00436480540245,sars2_3cl,coronaviral,IC50,558.5450000000002,0.2222222222222222,False,True,False,True
KTAAIKREGSDHNS-WIOPSUGQSA-N,CN(C(=O)[C@H](Cc1ccccc1)NC(=O)[C@@H](NC(=O)c1cccs1)C(C)(C)C)N(C#N)Cc1cccc(Cl)c1F,O=C(CNC(=O)c1cccs1)NC(Cc1ccccc1)C(=O)NNCc1ccccc1,7.823908740944319,sars2_3cl,coronaviral,IC50,584.1170000000003,0.21505376344086022,False,False,False,False
KTHUNEPOBNFVRP-VWLOTQADSA-N,COc1ccc(OCC(=O)N[C@@H](Cc2ccccc2)C(=O)N(C)N(C#N)Cc2ccc(Cl)cc2)cc1,O=C(COc1ccccc1)NC(Cc1ccccc1)C(=O)NNCc1ccccc1,5.910094888560602,sars2_3cl,coronaviral,IC50,506.99000000000024,0.21839080459770116,False,False,False,False
KTLXUNDQIWCCCN-UHFFFAOYSA-N,O=C1CCCC2=C1C(C1CC1)N(C(=O)CCl)c1ccc([N+](=O)[O-])cc1N2,O=C1CCCC2=C1C(C1CC1)Nc1ccccc1N2,5.5934598195660445,sars2_3cl,coronaviral,IC50,375.812,0.2235294117647059,False,False,False,False
KTPSEIKHZBDCBJ-UHFFFAOYSA-N,CC(C)(C)OC(=O)NCCc1nnc(S(=O)(=O)Cc2ccc(Cl)cc2Cl)o1,O=S(=O)(Cc1ccccc1)c1nnco1,5.374687549038326,sars2_3cl,coronaviral,IC50,436.3170000000001,0.20481927710843373,False,False,False,False
KTQZLYPNFBVPDF-UHFFFAOYSA-N,CCCCCCNC(=O)n1cc(CC)c(=O)[nH]c1=O,O=c1cc[nH]c(=O)[nH]1,5.207608310501746,sars2_3cl,coronaviral,IC50,267.329,0.19117647058823528,False,False,False,False
KTYWNUWPRNQPLS-UHFFFAOYSA-N,Cn1cnc2c1c(=O)n(CC(=O)Nc1ccc(S(=O)(=O)Nc3ncccn3)cc1)c(=O)n2C,O=C(Cn1c(=O)[nH]c2nc[nH]c2c1=O)Nc1ccc(S(=O)(=O)Nc2ncccn2)cc1,5.093664958194909,sars2_3cl,coronaviral,IC50,470.4710000000002,0.21176470588235294,False,False,False,False
KUAZQDVKQLNFPE-UHFFFAOYSA-N,CN(C)C(=S)SSC(=S)N(C)C,,7.301029995663981,sars2_3cl,coronaviral,IC50,240.44400000000002,0.1276595744680851,False,False,False,False
KUIRLIWNBIUATO-UHFFFAOYSA-N,COc1cncc(Cn2[se]c3ccccc3c2=O)c1,O=c1c2ccccc2[se]n1Cc1cccnc1,6.330683119433887,sars2_3cl,coronaviral,IC50,319.22200000000004,0.26865671641791045,False,False,False,False
KUKFVLSATYSWQD-AUXUEWEXSA-N,CN1C(=O)C[C@H]2CC3(CC3)CN2C(=O)c2cncc(c2)NCCC/C=C/CNC(=O)[C@H]1Cc1ccc(Cl)cc1Cl,O=C1CC2CC3(CC3)CN2C(=O)c2cncc(c2)NCCCC=CCNC(=O)C(Cc2ccccc2)N1,8.154901959985743,sars2_3cl,coronaviral,IC50,584.5480000000002,0.17142857142857143,False,False,False,False
KVCQNIVHLQSAIT-BXWFABGCSA-N,CC1(C)C[C@@H](C(=O)N[C@H](C=O)C[C@@H]2CCNC2=O)N(C(=O)c2cc3ccccc3[nH]2)C1,O=C1NCCC1CCNC(=O)C1CCCN1C(=O)c1cc2ccccc2[nH]1,7.585026652029182,sars2_3cl,coronaviral,IC50,424.50100000000015,0.2247191011235955,False,False,False,False
KVGPDFGILCIGLC-UHFFFAOYSA-N,CC(=O)OCC1Cc2c(-c3cc4ccccc4cn3)cccc2-c2c(O)ccc(C)c21,c1ccc2c(c1)CCc1c(-c3cc4ccccc4cn3)cccc1-2,4.921905849593589,sars2_3cl,coronaviral,IC50,409.4850000000002,0.20454545454545456,False,False,False,False
KVIMNSGFJXLOGD-UHFFFAOYSA-N,CC(C)Cc1nc2cc(O)c(O)c(O)c2c(=O)n1-c1ccc(Br)cc1F,O=c1c2ccccc2ncn1-c1ccccc1,6.546681659952963,sars2_3cl,coronaviral,IC50,423.23800000000006,0.21794871794871795,False,False,False,False
KVIYJUZUCGCFON-NRFANRHFSA-N,COc1cc(OC)c(NC(=O)[C@@H]2CN(C(=O)c3cnccc3OC)CCN2c2ccc(Cl)c(Cl)c2)cc1F,O=C(Nc1ccccc1)C1CN(C(=O)c2cccnc2)CCN1c1ccccc1,6.3979400086720375,sars2_3cl,coronaviral,IC50,563.4130000000002,0.30120481927710846,False,False,False,False
KVMJONNVSMEASA-WIOPSUGQSA-N,CN(C(=O)[C@H](Cc1ccccc1Cl)NC(=O)[C@@H](NC(=O)c1cccs1)C(C)(C)C)N(C#N)Cc1cccc(Cl)c1F,O=C(CNC(=O)c1cccs1)NC(Cc1ccccc1)C(=O)NNCc1ccccc1,7.585026652029182,sars2_3cl,coronaviral,IC50,618.5620000000002,0.21978021978021978,False,False,False,False
KVPGYHGZPGLHSI-CUYJMHBOSA-N,CC(C)C[C@H](NC(=O)OC1CC2(CCN(C(=O)Cc3ccccc3)CC2)C1)C(=O)N[C@H](C=O)C[C@H]1CCNC1=O,O=C(CNC(=O)OC1CC2(CCN(C(=O)Cc3ccccc3)CC2)C1)NCCC1CCNC1=O,6.455931955649724,sars2_3cl,coronaviral,IC50,554.6880000000003,0.23529411764705882,False,False,False,False
KVVRECUZEBNORV-NKPWNUPESA-N,[2H]C([2H])([2H])C(=O)N[C@H](C(=O)N1[C@@H]2CC[C@@H](C2)[C@H]1C(=O)N[C@@H](C[C@@H]1CCNC1=O)C(=O)c1nc2ccccc2s1)C(C)(C)C,O=C1NCCC1CC(NC(=O)C1NC2CCC1C2)C(=O)c1nc2ccccc2s1,6.278189384787453,sars2_3cl,coronaviral,IC50,570.7303053340001,0.19230769230769232,False,False,False,False
KWVFYHUBJOWJRT-UHFFFAOYSA-N,O=C(NCC1CCO1)C1CN(c2ccc(Cl)c(Cl)c2)CCN1C(=O)c1cc(=O)[nH]c2ccccc12,O=C(NCC1CCO1)C1CN(c2ccccc2)CCN1C(=O)c1cc(=O)[nH]c2ccccc12,6.508638306165727,sars2_3cl,coronaviral,IC50,515.3970000000003,0.21978021978021978,False,False,False,False
KXBWAZAMMJVLJC-UHFFFAOYSA-N,N#CSCC(=O)N1c2ccccc2Sc2ccc(Cl)cc21,c1ccc2c(c1)Nc1ccccc1S2,6.280668713016274,sars2_3cl,coronaviral,IC50,332.83700000000005,0.2328767123287671,False,False,False,False
KXGLBZMRWKVPSY-UHFFFAOYSA-N,N#Cc1ccccc1-c1cc(-c2cc(Cl)cc(Cl)c2)c(=O)n(-c2cccnc2)c1,O=c1c(-c2ccccc2)cc(-c2ccccc2)cn1-c1cccnc1,5.39577394691553,sars2_3cl,coronaviral,IC50,418.2830000000001,0.2077922077922078,False,False,False,False
KXIOGQRSFMIHRF-UHFFFAOYSA-N,Clc1ccc(-c2c(-n3ccnc3)c(-c3ccc(Br)cc3)nn2-c2ccc(Cl)c(Cl)c2)cc1,c1ccc(-c2nn(-c3ccccc3)c(-c3ccccc3)c2-n2ccnc2)cc1,5.6020599913279625,sars2_3cl,coronaviral,IC50,544.6670000000001,0.19540229885057472,False,False,False,False
KXLYVMOBYBNVEL-NBAFEDJBSA-N,CC(C)C[C@H](NC(=O)[C@H](Cc1ccc(F)cc1)NC(=O)OCc1ccccc1)C(=O)NC(C=O)CC1CCCO1,O=C(CNC(=O)C(Cc1ccccc1)NC(=O)OCc1ccccc1)NCCC1CCCO1,8.899974269892137,sars2_3cl,coronaviral,IC50,555.6470000000002,0.2727272727272727,False,False,False,False
KYVHVIZAWOQSCR-UHFFFAOYSA-N,OC1CCN(C(=S)SSc2ccccc2)CC1,S=C(SSc1ccccc1)N1CCCCC1,6.455931955649724,sars2_3cl,coronaviral,IC50,285.4590000000001,0.3269230769230769,False,False,False,False
KZLMFVFEFRXJLP-UWDVWBIHSA-N,CC(C)C[C@H](NC(=O)[C@H](Cc1ccc(F)cc1)NC(=O)OCc1ccccc1)C(=O)NC(C=O)Cc1ccccn1,O=C(CNC(=O)C(Cc1ccccc1)NC(=O)OCc1ccccc1)NCCc1ccccn1,7.899974269892137,sars2_3cl,coronaviral,IC50,562.6420000000003,0.22727272727272727,False,False,False,False
KZNIFHPLKGYRTM-UHFFFAOYSA-N,O=c1cc(-c2ccc(O)cc2)oc2cc(O)cc(O)c12,O=c1cc(-c2ccccc2)oc2ccccc12,5.51999305704285,sars2_3cl,coronaviral,IC50,270.24,0.1388888888888889,False,False,False,False
LAUGHRNJOKHKGY-UHFFFAOYSA-N,CSc1nc2ccc(F)cc2n1C(=O)c1ccc(C)c(F)c1,O=C(c1ccccc1)n1cnc2ccccc21,6.5875129697428605,sars2_3cl,coronaviral,IC50,318.348,0.27586206896551724,False,False,False,False
LBGNOOANBBSFHY-SLYNCCJLSA-N,CC1(C)[C@H](C(=O)OCc2ccccc2)N2C(=O)[C@@H](NC(=O)COc3c(F)c(F)c(F)c(F)c3F)[C@H]2S1(=O)=O,O=C(COc1ccccc1)NC1C(=O)N2C(C(=O)OCc3ccccc3)CS(=O)(=O)C12,5.275724130399211,sars2_3cl,coronaviral,IC50,562.4690000000003,0.1951219512195122,False,False,False,False
LBLGMVCPRZTJIF-UHFFFAOYSA-N,O=C(c1cc(=O)[nH]c2ccccc12)N1CCN(c2ccc(Cl)c(Cl)c2)CC1CN1CCOCC1,O=C(c1cc(=O)[nH]c2ccccc12)N1CCN(c2ccccc2)CC1CN1CCOCC1,6.823908740944319,sars2_3cl,coronaviral,IC50,501.4140000000004,0.22580645161290322,False,False,False,False
LBLGMVCPRZTJIF-UHFFFAOYSA-N,O=C(c1cc(=O)[nH]c2ccccc12)N1CCN(c2ccc(Cl)c(Cl)c2)CC1CN1CCOCC1,O=C(c1cc(=O)[nH]c2ccccc12)N1CCN(c2ccccc2)CC1CN1CCOCC1,6.931814138253838,sars2_3cl,coronaviral,Kd,501.4140000000004,0.22580645161290322,False,False,False,False
LBPYSOVHFLACRR-ZIFCJYIRSA-N,CC1(C)[C@H](C(=O)OCc2ccc(C(F)(F)F)o2)N2C(=O)[C@@H](NC(=O)COc3ccccc3)[C@H]2S1(=O)=O,O=C(COc1ccccc1)NC1C(=O)N2C(C(=O)OCc3ccco3)CS(=O)(=O)C12,4.991399828238082,sars2_3cl,coronaviral,IC50,530.4770000000002,0.20588235294117646,False,False,False,False
LBUUIJNAUHKLAU-MPGHIAIKSA-N,O=C[C@H](C[C@@H]1CCNC1=O)NC(=O)[C@@H]1CCCN1C(=O)c1cc2ccccc2[nH]1,O=C1NCCC1CCNC(=O)C1CCCN1C(=O)c1cc2ccccc2[nH]1,6.301029995663981,sars2_3cl,coronaviral,IC50,396.4470000000001,0.27380952380952384,False,False,False,False
LBYOFCUCYJBWCX-CISPMOHPSA-N,C[C@@H](C(=O)N1C[C@H]2[C@@H]([C@H]1C(=O)N[C@H](C=O)C[C@@H]1CCNC1=O)C2(C)C)c1ccccc1,O=C1NCCC1CCNC(=O)C1C2CC2CN1C(=O)Cc1ccccc1,7.6777807052660805,sars2_3cl,coronaviral,IC50,425.52900000000017,0.23076923076923078,False,False,False,False
LBYOFCUCYJBWCX-ZXIXUEFNSA-N,C[C@H](C(=O)N1C[C@H]2[C@@H]([C@H]1C(=O)N[C@H](C=O)C[C@@H]1CCNC1=O)C2(C)C)c1ccccc1,O=C1NCCC1CCNC(=O)C1C2CC2CN1C(=O)Cc1ccccc1,7.187086643357144,sars2_3cl,coronaviral,IC50,425.52900000000017,0.23076923076923078,False,False,False,False
LCWOWEHYQQINPR-UHFFFAOYSA-N,CC1(C)CC(=O)C2=C(C1)Nc1cc([N+](=O)[O-])ccc1N(C(=O)CCl)C2C1CC1,O=C1CCCC2=C1C(C1CC1)Nc1ccccc1N2,4.87484417041947,sars2_3cl,coronaviral,IC50,403.8660000000002,0.20238095238095238,False,False,False,False
LDIYKNYAKFYBAP-UHFFFAOYSA-N,CCC(C(=O)Nc1cc(NC2CCOC2)ccc1C)n1cc(Cl)cc2nc(SCc3ccc(F)cc3)nc1-2,O=C(Cn1cccc2nc(SCc3ccccc3)nc1-2)Nc1cccc(NC2CCOC2)c1,6.795880017344075,sars2_3cl,coronaviral,IC50,554.0910000000001,0.23958333333333334,False,False,False,False
LDIYKNYAKFYBAP-UHFFFAOYSA-N,CCC(C(=O)Nc1cc(NC2CCOC2)ccc1C)n1cc(Cl)cc2nc(SCc3ccc(F)cc3)nc1-2,O=C(Cn1cccc2nc(SCc3ccccc3)nc1-2)Nc1cccc(NC2CCOC2)c1,5.954677021213342,sars2_3cl,coronaviral,Kd,554.0910000000001,0.23958333333333334,False,False,False,False
LDVVMCZRFWMZSG-UHFFFAOYSA-N,O=C1C2CC=CCC2C(=O)N1SC(Cl)(Cl)Cl,O=C1NC(=O)C2CC=CCC12,6.173925197299173,sars2_3cl,coronaviral,IC50,300.59399999999994,0.16666666666666666,False,False,False,False
LEOCNIZCHQOMFL-IBVKSMDESA-N,C[C@@H](NC(=O)[C@H](c1cccnc1)N(C(=O)C(Cl)Cl)c1ccc(-c2ccccc2)cc1)c1ccccc1,O=C(NCc1ccccc1)C(Nc1ccc(-c2ccccc2)cc1)c1cccnc1,6.366531544420413,sars2_3cl,coronaviral,IC50,518.4440000000002,0.2727272727272727,False,False,False,False
LEOCNIZCHQOMFL-RXFWQSSRSA-N,C[C@H](NC(=O)[C@@H](c1cccnc1)N(C(=O)C(Cl)Cl)c1ccc(-c2ccccc2)cc1)c1ccccc1,O=C(NCc1ccccc1)C(Nc1ccc(-c2ccccc2)cc1)c1cccnc1,6.173925197299173,sars2_3cl,coronaviral,IC50,518.4440000000002,0.2727272727272727,False,False,False,False
LERCEIGOROJLAY-RBQQCVMASA-N,C[C@H](NC(=O)C(c1cnccn1)N(C(=O)c1ccco1)c1ccc(-c2ccccc2)cc1)c1ccccc1,O=C(NCc1ccccc1)C(c1cnccn1)N(C(=O)c1ccco1)c1ccc(-c2ccccc2)cc1,6.552841968657781,sars2_3cl,coronaviral,IC50,502.5740000000002,0.2125,False,False,False,False
LESDUZBRCAELOF-UHFFFAOYSA-N,[O-][S+](c1ccccc1)c1nnc(-c2ccc(Cl)cc2)o1,c1ccc([SH+]c2nnc(-c3ccccc3)o2)cc1,6.236572006437063,sars2_3cl,coronaviral,IC50,304.75800000000004,0.15873015873015872,False,False,False,False
LESXTOUGELPNSK-KKUMJFAQSA-N,CC(C)OCC(=O)N[C@@H](CC(C)(C)C)C(=O)N[C@H](C#N)C[C@@H]1CCNC1=O,O=C1CCCN1,5.346787486224656,sars2_3cl,coronaviral,Ki,380.4890000000002,0.17721518987341772,False,False,False,False
LFJBGLBYMSLGML-UHFFFAOYSA-N,O=C(Oc1cncc(Cl)c1)c1ccccc1Cl,O=C(Oc1cccnc1)c1ccccc1,7.218963061378869,sars2_3cl,coronaviral,IC50,268.09900000000005,0.23636363636363636,False,False,False,False
LFOYOVFWQBHENZ-UHFFFAOYSA-N,O=c1[nH]cccc1-c1cn(-c2cc(Cl)cc(OCc3nccn3C(F)F)c2)c(=O)n(-c2cccnc2)c1=O,O=c1[nH]cccc1-c1cn(-c2cccc(OCc3ncc[nH]3)c2)c(=O)n(-c2cccnc2)c1=O,7.886056647693163,sars2_3cl,coronaviral,IC50,538.8980000000001,0.15555555555555556,False,False,False,False
LFTGEFQQVKCYNX-UHFFFAOYSA-N,O=C(Oc1cncc(Br)c1)c1ccccc1Cl,O=C(Oc1cccnc1)c1ccccc1,7.406713932979542,sars2_3cl,coronaviral,IC50,312.54999999999995,0.22807017543859648,False,False,False,False
LGLOPWIQZGBWRF-UHFFFAOYSA-N,O=c1c2ccccc2[se]n1CCN1CCOCC1,O=c1c2ccccc2[se]n1CCN1CCOCC1,6.619788758288394,sars2_3cl,coronaviral,IC50,311.2430000000001,0.23076923076923078,False,False,False,False
LHHCSNFAOIFYRV-DOVBMPENSA-N,CC(C)(C)NC(=O)N[C@H](C(=O)N1C[C@H]2[C@@H]([C@H]1C(=O)NC(CC1CCC1)C(=O)C(N)=O)C2(C)C)C(C)(C)C,O=C(NCCC1CCC1)C1NCC2CC21,5.07727454200674,sars2_3cl,coronaviral,Kd,519.6870000000004,0.20652173913043478,False,False,False,False
LHHCSNFAOIFYRV-DOVBMPENSA-N,CC(C)(C)NC(=O)N[C@H](C(=O)N1C[C@H]2[C@@H]([C@H]1C(=O)NC(CC1CCC1)C(=O)C(N)=O)C2(C)C)C(C)(C)C,O=C(NCCC1CCC1)C1NCC2CC21,5.928117992693874,sars2_3cl,coronaviral,Ki,519.6870000000004,0.20652173913043478,False,False,False,False
LHJSKFCASYYJBN-UHFFFAOYSA-N,O=c1c2ccccc2[se]n1-c1c(F)cccc1F,O=c1c2ccccc2[se]n1-c1ccccc1,5.679926454812109,sars2_3cl,coronaviral,IC50,310.161,0.2033898305084746,False,False,False,False
LHPNNCFPSMFSSP-FQEVSTJZSA-N,O=C(NCc1cccs1)[C@@H]1CN(C(=O)c2cncc(F)c2)CCN1c1ccc(Cl)c(Cl)c1,O=C(NCc1cccs1)C1CN(C(=O)c2cccnc2)CCN1c1ccccc1,6.455931955649724,sars2_3cl,coronaviral,IC50,493.3910000000002,0.2625,False,False,False,False
LHSPGMOZRNQAQD-UHFFFAOYSA-N,COc1cccc(C(=O)Oc2cncc(Br)c2)c1OC,O=C(Oc1cccnc1)c1ccccc1,7.106793246940152,sars2_3cl,coronaviral,IC50,338.15700000000004,0.288135593220339,False,False,False,False
LHWFSCKGLKPNMS-UHFFFAOYSA-N,Cn1cnc(Cn2c(=O)cc(Nc3cc4cn(C)nc4cc3Cl)n(Cc3cc(F)c(F)cc3F)c2=O)n1,O=c1cc(Nc2ccc3n[nH]cc3c2)n(Cc2ccccc2)c(=O)n1Cc1nc[nH]n1,8.0,sars2_3cl,coronaviral,IC50,530.8980000000001,0.19318181818181818,False,False,False,False
LHZQQNSHGOVHCL-UHFFFAOYSA-N,O=C(c1ccc2cc[nH]c2c1)N1CCC(CCCNC(=O)n2cc(F)c(=O)[nH]c2=O)CC1,O=C(c1ccc2cc[nH]c2c1)N1CCC(CCCNC(=O)n2ccc(=O)[nH]c2=O)CC1,5.508638306165727,sars2_3cl,coronaviral,IC50,441.4630000000002,0.32,False,False,False,False
LIENCHBZNNMNKG-OJFNHCPVSA-N,CC(C)(C)[C@H](NC(=O)C(F)(F)F)C(=O)N1C[C@H]2[C@@H]([C@H]1C(=O)N[C@H](C#N)C[C@@H]1CCNC1=O)C2(C)C,O=C1NCCC1CCNC(=O)C1NCC2CC21,5.468521082957745,sars2_3cl,coronaviral,EC50,499.5340000000003,0.1782178217821782,False,False,False,False
LIENCHBZNNMNKG-PLZKBRGSSA-N,CC(C)(C)[C@H](NC(=O)C(F)(F)F)C(=O)N1C[C@H]2[C@@H]([C@H]1C(=O)N[C@@H](C#N)C[C@@H]1CCNC1=O)C2(C)C,O=C1NCCC1CCNC(=O)C1NCC2CC21,6.073657553374344,sars2_3cl,coronaviral,Ki,499.5340000000003,0.1782178217821782,False,False,False,False
LIENCHBZNNMNKG-QNILMXGZSA-N,CC(C)(C)[C@@H](NC(=O)C(F)(F)F)C(=O)N1C[C@H]2[C@@H]([C@H]1C(=O)N[C@H](C#N)C[C@@H]1CCNC1=O)C2(C)C,O=C1NCCC1CCNC(=O)C1NCC2CC21,8.507239610973162,sars2_3cl,coronaviral,Ki,499.5340000000003,0.1782178217821782,False,False,False,False
LIENCHBZNNMNKG-QOTRURMSSA-N,CC(C)(C)[C@H](NC(=O)C(F)(F)F)C(=O)N1C[C@H]2[C@@H]([C@H]1C(=O)N[C@H](C#N)C[C@H]1CCNC1=O)C2(C)C,O=C1NCCC1CCNC(=O)C1NCC2CC21,5.468521082957745,sars2_3cl,coronaviral,EC50,499.5340000000003,0.1782178217821782,False,False,False,False
LIENCHBZNNMNKG-QOTRURMSSA-N,CC(C)(C)[C@H](NC(=O)C(F)(F)F)C(=O)N1C[C@H]2[C@@H]([C@H]1C(=O)N[C@H](C#N)C[C@H]1CCNC1=O)C2(C)C,O=C1NCCC1CCNC(=O)C1NCC2CC21,7.533256356075647,sars2_3cl,coronaviral,IC50,499.5340000000003,0.1782178217821782,False,False,False,False
LILMGDHNUAKBHW-OCQMGLTQSA-N,CC(C)C[C@H](NC(=O)OCC1CC(=O)N(CC2CC3CCC2C3)C1)C(=O)N[C@H](C=O)C[C@@H]1CCNC1=O,O=C(CNC(=O)OCC1CC(=O)N(CC2CC3CCC2C3)C1)NCCC1CCNC1=O,6.795880017344075,sars2_3cl,coronaviral,IC50,518.6550000000003,0.1836734693877551,False,False,False,False
LJBJVAVFPLJZST-PMPSAXMXSA-N,CC(C)C[C@H](NC(=O)OCC1CN(S(C)(=O)=O)C1)C(=O)N[C@H](C=O)C[C@H]1CCNC1=O,O=C(CNC(=O)OCC1CNC1)NCCC1CCNC1=O,5.305394801066431,sars2_3cl,coronaviral,IC50,460.5530000000003,0.2,False,False,False,False
LJONLPGJCYXVAO-HPMPOATDSA-N,CC(C)(C)[C@H](NC(=O)OCc1ccccn1)C(=O)N1C[C@H]2[C@@H]([C@H]1C(=O)N[C@H](C#N)C[C@@H]1CCNC1=O)C2(C)C,O=C(NCC(=O)N1CC2CC2C1C(=O)NCCC1CCNC1=O)OCc1ccccn1,7.492144128304169,sars2_3cl,coronaviral,Ki,538.6490000000002,0.21495327102803738,False,False,False,False
LJTINUKMKJKLBT-UHFFFAOYSA-N,O=C(Oc1cncc(Cl)c1)c1cc2ccccc2[nH]1,O=C(Oc1cccnc1)c1cc2ccccc2[nH]1,7.187086643357144,sars2_3cl,coronaviral,IC50,272.69100000000003,0.21666666666666667,False,False,False,False
LJWALKABMDOAQJ-WLNPFYQQSA-N,CC(=O)N[C@H](C(=O)N1C[C@@H]2CCC[C@@H]2[C@H]1C(=O)N[C@H](C#N)C[C@@H]1CCNC1=O)C1CCCCC1,O=C1NCCC1CCNC(=O)C1C2CCCC2CN1C(=O)CC1CCCCC1,6.2588484011482155,sars2_3cl,coronaviral,IC50,471.6020000000004,0.2111111111111111,False,False,False,False
LJYWFTHHZPFVGW-PSLIXUCBSA-N,CN1C[C@@H](c2ccc(Br)cc2)[C@@]2(CN(P(=O)(CO)CO)C/C(=C\c3ccccc3)C2=O)[C@@]12C(=O)Nc1ccccc12,O=C1Nc2ccccc2C12NCC(c1ccccc1)C21CNCC(=Cc2ccccc2)C1=O,4.807153884811158,sars2_3cl,coronaviral,IC50,636.4830000000002,0.17582417582417584,False,False,False,False
LKQWYCHLNLZIPG-UHFFFAOYSA-N,N#CSCC(=O)N1c2ccccc2Sc2ccccc21,c1ccc2c(c1)Nc1ccccc1S2,5.733063088840828,sars2_3cl,coronaviral,IC50,298.39200000000005,0.22580645161290322,False,False,False,False
LLIAUWAYLJLCJT-UHFFFAOYSA-N,O=C(NC1CCCC1)C(c1cccnc1)N(C(=O)c1cnc[nH]1)c1ccc(-c2ccccc2)cc1,O=C(NC1CCCC1)C(c1cccnc1)N(C(=O)c1cnc[nH]1)c1ccc(-c2ccccc2)cc1,5.138465589140962,sars2_3cl,coronaviral,IC50,465.5570000000002,0.2682926829268293,False,False,False,False
LLRJQFMAXXADBL-UHFFFAOYSA-N,CCCCCCNC(=O)n1cc(C(F)(F)F)c(=O)[nH]c1=O,O=c1cc[nH]c(=O)[nH]1,5.130768280269024,sars2_3cl,coronaviral,IC50,307.272,0.19736842105263158,False,False,False,False
LLWYQEAZQZXULI-UHFFFAOYSA-N,CC1CC(=O)C2=C(C1)Nc1cc([N+](=O)[O-])ccc1N(C(=O)CCl)C2c1ccc(C(F)(F)F)cc1,O=C1CCCC2=C1C(c1ccccc1)Nc1ccccc1N2,5.480172006224281,sars2_3cl,coronaviral,IC50,493.86900000000014,0.23863636363636365,False,False,False,False
LMEIDHKXHONFHL-UHFFFAOYSA-N,O=C(Oc1cncc(Br)c1)c1cccc(Cl)c1,O=C(Oc1cccnc1)c1ccccc1,7.296708621881338,sars2_3cl,coronaviral,IC50,312.54999999999995,0.23529411764705882,False,False,False,False
LMKDOIPYZMFCOC-CYBMUJFWSA-N,CC(C)C[C@H](CNC(=O)c1cc2ccccc2[nH]1)CNC(=O)n1cc(F)c(=O)[nH]c1=O,O=C(NCCCNC(=O)n1ccc(=O)[nH]c1=O)c1cc2ccccc2[nH]1,5.356547323513812,sars2_3cl,coronaviral,IC50,429.45200000000017,0.2,False,False,False,False
LMQVVTANQIEXJB-UHFFFAOYSA-N,COCCS(=O)(=O)c1nnc(-c2ccc(Cl)cc2)o1,c1ccc(-c2nnco2)cc1,6.6020599913279625,sars2_3cl,coronaviral,IC50,302.73900000000003,0.19444444444444445,False,False,False,False
LNJUOLMXYJRILU-PNSMXUMWSA-N,CC1(C)COC(=O)[C@@H]2C[C@@H](C[C@@H](C#N)NC(=O)[C@@H]3[C@@H]4[C@H](CN3C(=O)[C@H]1NC(=O)C(F)(F)F)C4(C)C)C(=O)N2,O=C1NC2CC1CCNC(=O)C1C3CC3CN1C(=O)CCCOC2=O,7.468521082957745,sars2_3cl,coronaviral,IC50,541.5270000000002,0.16494845360824742,False,False,False,False
LNRHXFDDRMUVPS-HXUWFJFHSA-N,Cc1ccc(OCCN(C)C)cc1C(=O)N[C@H](C)c1cc(-c2cccs2)cc(-c2ccc(CN)s2)c1,O=C(NCc1cc(-c2cccs2)cc(-c2cccs2)c1)c1ccccc1,7.045757490560675,sars2_3cl,coronaviral,IC50,519.7360000000003,0.20481927710843373,False,False,False,False
LNYJCRYARNXWHY-VYDXJSESSA-N,CC(C)C[C@H](NC(=O)OC1CC2(C1)CN(S(C)(=O)=O)C2)C(=O)N[C@H](C=O)C[C@H]1CCNC1=O,O=C(CNC(=O)OC1CC2(CNC2)C1)NCCC1CCNC1=O,6.167491087293763,sars2_3cl,coronaviral,IC50,486.5910000000003,0.1595744680851064,False,False,False,False
LNZKUXODRFRIPK-RUFFXQMRSA-N,Cc1cccc(C)c1OCC(=O)N[C@@H]1C(=O)N2C[C@H]3[C@@H]([C@H]2C(=O)N[C@H](C#N)C[C@@H]2C[C@H](NC2=O)C(=O)NCC1(C)C)C3(C)C,O=C(COc1ccccc1)NC1CCNC(=O)C2CC(CCNC(=O)C3C4CC4CN3C1=O)C(=O)N2,6.494850021680094,sars2_3cl,coronaviral,IC50,606.7239999999999,0.1941747572815534,False,False,False,False
LOFFTBAELMOYKZ-OJFNHCPVSA-N,CC(C)(CO)[C@H](NC(=O)C(F)(F)F)C(=O)N1C[C@H]2[C@@H]([C@H]1C(=O)N[C@H](C#N)C[C@@H]1CCNC1=O)C2(C)C,O=C1NCCC1CCNC(=O)C1NCC2CC21,8.522878745280337,sars2_3cl,coronaviral,Ki,515.5330000000002,0.17307692307692307,False,False,False,False
LOFGZGVYCFBPQV-VIZOYTHASA-N,NC(=S)N/N=C/c1ccc(-c2ccc(S(N)(=O)=O)cc2)o1,c1ccc(-c2ccco2)cc1,5.268411234813261,sars2_3cl,coronaviral,IC50,324.38700000000006,0.15,False,False,False,False
LOOFBLJETYWAIL-CMOCDZPBSA-N,CC(C)C[C@H](NC(=O)[C@@H](NC(=O)C1CCCCC1)C(C)C)C(=O)N[C@H](C=O)C[C@@H]1CCCNC1=O,O=C(CNC(=O)CNC(=O)C1CCCCC1)NCCC1CCCNC1=O,5.851089006890644,sars2_3cl,coronaviral,IC50,492.66100000000023,0.1797752808988764,False,False,False,False
LORSPHJORSJQNK-UHFFFAOYSA-N,Cn1cnc(Cn2c(=O)nc(NC3=CC4CCOC4C=C3Cl)n(Cc3cc(F)c(F)c(F)c3)c2=O)n1,O=c1nc(NC2=CC3CCOC3C=C2)n(Cc2ccccc2)c(=O)n1Cc1nc[nH]n1,7.823908740944319,sars2_3cl,coronaviral,IC50,521.8870000000002,0.18518518518518517,False,False,False,False
LQBGCNBNMNHLCI-UHFFFAOYSA-N,CN1CCN(C(=O)C2CN(c3ccc(Cl)c(Cl)c3)CCN2C(=O)c2cc(=O)[nH]c3ccccc23)CC1,O=C(C1CN(c2ccccc2)CCN1C(=O)c1cc(=O)[nH]c2ccccc12)N1CCNCC1,5.8794260687941495,sars2_3cl,coronaviral,IC50,528.4400000000002,0.2716049382716049,False,False,False,False
LQCVZCCEYLDBQM-YDHLFZDLSA-N,COc1ccc(C(F)(F)F)c2[nH]c(C(=O)N[C@@H](CC(C)C)C(=O)N[C@H](C#N)C[C@@H]3CCNC3=O)c(C(F)(F)F)c12,O=C(CNC(=O)c1cc2ccccc2[nH]1)NCCC1CCNC1=O,6.548213564475709,sars2_3cl,coronaviral,Ki,575.5100000000004,0.20588235294117646,False,False,False,False
LQJNKBXQOHFWCY-UHFFFAOYSA-N,CS(=O)(=O)c1nnc(-c2ccc(Cl)cc2)o1,c1ccc(-c2nnco2)cc1,6.853871964321762,sars2_3cl,coronaviral,IC50,258.68600000000004,0.20930232558139536,False,False,False,False
LQMJXKADORALLN-ICWLNENESA-N,O=C[C@H](C[C@@H]1CCNC1=O)NC(=O)[C@@H]1[C@H]2CCC[C@H]2CN1C(=O)COc1ccc(Cl)c(Cl)c1,O=C1NCCC1CCNC(=O)C1C2CCCC2CN1C(=O)COc1ccccc1,5.568636235841012,sars2_3cl,coronaviral,EC50,496.3910000000003,0.24468085106382978,False,False,False,False
LQMJXKADORALLN-ICWLNENESA-N,O=C[C@H](C[C@@H]1CCNC1=O)NC(=O)[C@@H]1[C@H]2CCC[C@H]2CN1C(=O)COc1ccc(Cl)c(Cl)c1,O=C1NCCC1CCNC(=O)C1C2CCCC2CN1C(=O)COc1ccccc1,7.522878745280337,sars2_3cl,coronaviral,IC50,496.3910000000003,0.24468085106382978,False,False,False,False
LQOZKVSWTFOYLD-PMSHJDNMSA-N,CN1C[C@@H](c2ccccc2)[C@@]2(CN(P(=O)(CO)CO)C/C(=C\c3ccccc3)C2=O)[C@@]12C(=O)Nc1ccc(Cl)cc12,O=C1Nc2ccccc2C12NCC(c1ccccc1)C21CNCC(=Cc2ccccc2)C1=O,5.017502630802287,sars2_3cl,coronaviral,IC50,592.0320000000002,0.18947368421052632,False,False,False,False
LRCFXBHLSLTBFR-UHFFFAOYSA-N,Cc1scnc1COc1cc(Cl)cc(-n2cc(-c3ccc[nH]c3=O)c(=O)n(-c3cccnc3)c2=O)c1,O=c1[nH]cccc1-c1cn(-c2cccc(OCc3cscn3)c2)c(=O)n(-c2cccnc2)c1=O,7.769551078621726,sars2_3cl,coronaviral,IC50,519.9700000000003,0.17045454545454544,False,False,False,False
LRMVIFNWRPQXKN-NRFANRHFSA-N,COc1ccncc1C(=O)N1CCN(c2ccc(Cl)c(Cl)c2)[C@H](C(=O)Nc2ccc(OC(F)F)cc2)C1,O=C(Nc1ccccc1)C1CN(C(=O)c2cccnc2)CCN1c1ccccc1,6.318758762624412,sars2_3cl,coronaviral,IC50,551.3770000000002,0.2808988764044944,False,False,False,False
LRQVFOZUXMMRGE-UXHICEINSA-N,O=C(N[C@H]1CCC[C@H]1Nc1c(C(=O)N2CCOCC2)cc(Br)cc1[N+](=O)[O-])c1cc(=O)[nH]c2c(F)cccc12,O=C(NC1CCCC1Nc1ccccc1C(=O)N1CCOCC1)c1cc(=O)[nH]c2ccccc12,7.437707135543525,sars2_3cl,coronaviral,IC50,602.4170000000001,0.22580645161290322,False,False,False,False
LSFMSEYLICBQLD-CLSOUDOTSA-N,CC(C)CC(NC(=O)OCc1ccccc1)C(=O)N1C[C@]2(C[C@H]1C#N)C(=O)Nc1ccccc12,O=C(NCC(=O)N1CCC2(C1)C(=O)Nc1ccccc12)OCc1ccccc1,6.259637310505756,sars2_3cl,coronaviral,IC50,460.5340000000002,0.21875,False,False,False,False
LSFMSEYLICBQLD-NHZRIVAWSA-N,CC(C)C[C@H](NC(=O)OCc1ccccc1)C(=O)N1C[C@]2(C[C@H]1C#N)C(=O)Nc1ccccc12,O=C(NCC(=O)N1CCC2(C1)C(=O)Nc1ccccc12)OCc1ccccc1,6.259637310505756,sars2_3cl,coronaviral,IC50,460.5340000000002,0.21875,False,False,False,False
LSSJUNZXZYWFAQ-AOIWGVFYSA-N,CC(C)C[C@H](NC(=O)OC1CC2(C1)CN(C(=O)C(C)C)C2)C(=O)N[C@H](C=O)C[C@H]1CCNC1=O,O=C(CNC(=O)OC1CC2(CNC2)C1)NCCC1CCNC1=O,5.939302159646388,sars2_3cl,coronaviral,IC50,478.59000000000026,0.18085106382978725,False,False,False,False
LTCAMZPTBRHGIT-YHUYYLMFSA-N,CC(C)C[C@@H](O)C(=O)N1CC2(CC2)C[C@H]1C(=O)N[C@@H](C[C@@H]1CCNC1=O)C(=O)COC(F)(F)F,O=C1NCCC1CCNC(=O)C1CC2(CC2)CN1,7.6307841425898575,sars2_3cl,coronaviral,IC50,491.5070000000002,0.1702127659574468,False,False,False,False
LTJSOMARXLSDFD-UHFFFAOYSA-N,Cc1cc(-n2c(-c3ccccc3)nc3cc(O)c(O)c(O)c3c2=O)ccc1F,O=c1c2ccccc2nc(-c2ccccc2)n1-c1ccccc1,6.931814138253838,sars2_3cl,coronaviral,IC50,378.35900000000015,0.203125,False,False,False,False
LUEKVAPVPUFLEP-QHCPKHFHSA-N,CN(C(=O)[C@H](Cc1ccccc1)NC(=O)OCc1ccccc1)N(C#N)Cc1cccc(Cl)c1F,O=C(NC(Cc1ccccc1)C(=O)NNCc1ccccc1)OCc1ccccc1,7.455931955649724,sars2_3cl,coronaviral,IC50,494.9540000000002,0.2289156626506024,False,False,False,False
LUMXDKZMUPIRHM-FKJUYZFESA-N,COc1cccc2[nH]c(C(=O)N3C[C@@H]4CCC[C@@H]4[C@H]3C(=O)N[C@@H](C[C@@H]3CCNC3=O)C(=O)CO)cc12,O=C1NCCC1CCNC(=O)C1C2CCCC2CN1C(=O)c1cc2ccccc2[nH]1,6.629818655252878,sars2_3cl,coronaviral,IC50,496.56400000000025,0.29473684210526313,False,False,False,False
LVDKZNITIUWNER-UHFFFAOYSA-N,O=[N+]([O-])C(Br)(CO)CO,,6.376750709602099,sars2_3cl,coronaviral,IC50,199.988,0.10714285714285714,False,False,False,False
LVLPBPSLLDDHMK-HOUREDQLSA-N,COc1cc(C#N)cc2[nH]c(C(=O)N[C@@H](CC(C)C)C(=O)N3C[C@]4(C[C@H]3C#N)C(=O)Nc3ccccc34)cc12,O=C(NCC(=O)N1CCC2(C1)C(=O)Nc1ccccc12)c1cc2ccccc2[nH]1,6.259637310505756,sars2_3cl,coronaviral,IC50,524.5810000000004,0.23232323232323232,False,False,False,False
LVUKWBPECUZOET-NSHDSACASA-N,CC(C)(C)OC(=O)CC[C@H](NC(=O)CNC(=O)OC(C)(C)C)C(=O)CCl,,5.7594507517174005,sars2_3cl,coronaviral,IC50,392.8800000000002,0.21518987341772153,False,False,False,False
LVVJVZNOPSQKEV-QGZVFWFLSA-N,Cc1ccc(NCC2CNC2)cc1C(=O)N[C@H](C)c1cccc2ccccc12,O=C(NCc1cccc2ccccc12)c1cccc(NCC2CNC2)c1,6.0,sars2_3cl,coronaviral,IC50,373.5000000000001,0.2608695652173913,False,False,False,False
LWCOBWFCZRXIAT-SOADLSRISA-N,O=C[C@H](C[C@@H]1CCNC1=O)NC(=O)[C@@H]1[C@H]2CCC[C@H]2CN1C(=O)c1cc2ccccc2[nH]1,O=C1NCCC1CCNC(=O)C1C2CCCC2CN1C(=O)c1cc2ccccc2[nH]1,6.81502480930174,sars2_3cl,coronaviral,IC50,436.51200000000017,0.22826086956521738,False,False,False,False
LWEOWFCXPNNQPT-XFDPCYLGSA-N,CN(C)S(=O)(=O)N[C@H](C(=O)N1[C@@H]2CC[C@@H](C2)[C@H]1C(=O)N[C@@H](C[C@@H]1CCNC1=O)C(=O)c1nc2ccccc2s1)C(C)(C)C,O=C1NCCC1CC(NC(=O)C1NC2CCC1C2)C(=O)c1nc2ccccc2s1,6.2335871528876,sars2_3cl,coronaviral,IC50,632.8090000000002,0.18867924528301888,False,False,False,False
LWFAKCHGRFSJTJ-VABKMULXSA-N,O=C[C@H](C[C@@H]1CCNC1=O)NC(=O)[C@H](CC1CCCCC1)NC(=O)C1(NC(=O)OCc2ccccc2)CC1,O=C(NC1(C(=O)NC(CC2CCCCC2)C(=O)NCCC2CCNC2=O)CC1)OCc1ccccc1,6.455931955649724,sars2_3cl,coronaviral,IC50,526.6340000000002,0.21739130434782608,False,False,False,False
LWQLRCPQUYDNRB-UHFFFAOYSA-N,CC(=O)OCC1Cc2c(-c3ccccn3)ccc(Cl)c2-c2c(O)ccc(C)c21,c1ccc(-c2cccc3c2CCc2ccccc2-3)nc1,4.067627717852086,sars2_3cl,coronaviral,IC50,393.8700000000002,0.21739130434782608,False,False,False,False
LWRKAKOEJBMOFQ-NLPMMIMISA-N,N#C[C@@H]1C[C@@]2(CN1C(=O)[C@@H](CSCc1ccc(F)cc1)NC(=O)[C@@H](NC(=O)C(F)(F)F)C1CC1)C(=O)Nc1ccccc12,O=C(CC1CC1)NC(CSCc1ccccc1)C(=O)N1CCC2(C1)C(=O)Nc1ccccc12,7.6020599913279625,sars2_3cl,coronaviral,IC50,617.6250000000001,0.21782178217821782,False,False,False,False
LWTCUUDOFVIVEV-VULFUBBASA-N,CC1(C)C=Cc2c(ccc3cc(C(=O)N/N=C/c4cccc5ncccc45)oc23)O1,O=C(NN=Cc1cccc2ncccc12)c1cc2ccc3c(c2o1)C=CCO3,4.3655227298392685,sars2_3cl,coronaviral,IC50,397.43400000000014,0.22727272727272727,False,False,False,False
LXKAJKLRKRVRCL-GBLYOYEHSA-N,O=C[C@H](C[C@@H]1CCNC1=O)NC(=O)[C@@H]1[C@H]2CCC[C@H]2CN1C(=O)COc1ccc2c(c1)OCCO2,O=C1NCCC1CCNC(=O)C1C2CCCC2CN1C(=O)COc1ccc2c(c1)OCCO2,7.029188389127482,sars2_3cl,coronaviral,IC50,485.5370000000004,0.22340425531914893,False,False,False,False
LXKXHISGOOZAGB-UHFFFAOYSA-N,O=C(Oc1cncc(Cl)c1)c1ccc2c(ccn2S(=O)(=O)c2cccc([N+](=O)[O-])c2)c1,O=C(Oc1cccnc1)c1ccc2c(ccn2S(=O)(=O)c2ccccc2)c1,6.920818753952375,sars2_3cl,coronaviral,IC50,457.85100000000017,0.16901408450704225,False,False,False,False
LXLFKRYIQOAYEK-UHFFFAOYSA-N,O=S(=O)(Cc1ccc2cnccc2c1)c1nnc(-c2ccc(Cl)cc2)o1,O=S(=O)(Cc1ccc2cnccc2c1)c1nnc(-c2ccccc2)o1,5.8297382846050425,sars2_3cl,coronaviral,IC50,385.8320000000001,0.18333333333333332,False,False,False,False
LXVQEIXQMAMHAY-AATRIKPKSA-N,O=C(/C=C/c1c(Cl)c(O)c(O)c(O)c1Cl)c1ccc(Cl)cc1,O=C(C=Cc1ccccc1)c1ccccc1,6.200521601162019,sars2_3cl,coronaviral,IC50,359.5920000000001,0.1864406779661017,False,False,False,False
LXYJMGNZIFSCQM-GJZUVCINSA-N,Cc1ccc(NC2CCN(C[C@@H]3CCCN3)CC2)cc1C(=O)N[C@H](C)c1cccc2ccccc12,O=C(NCc1cccc2ccccc12)c1cccc(NC2CCN(CC3CCCN3)CC2)c1,6.0,sars2_3cl,coronaviral,IC50,470.6610000000001,0.2441860465116279,False,False,False,False
LYDZCXVWCFJAKQ-ZFGGDYGUSA-N,COc1cc(O)c(C(=O)[C@@H]2[C@H](CC=C(C)C)C(C)=CC[C@H]2c2ccccc2)c(O)c1,O=C(c1ccccc1)C1CC=CCC1c1ccccc1,6.09151498112135,sars2_3cl,coronaviral,IC50,406.5220000000001,0.21621621621621623,False,False,False,False
LYHYGWZUSDXIHQ-UHFFFAOYSA-N,O=C(NC1CCCC1)C(c1cccnc1)N(C(=O)c1ccco1)c1ccc(-c2ccccc2)cc1,O=C(NC1CCCC1)C(c1cccnc1)N(C(=O)c1ccco1)c1ccc(-c2ccccc2)cc1,5.3872161432802645,sars2_3cl,coronaviral,IC50,465.5530000000002,0.2682926829268293,False,False,False,False
LYIYERPQBFVRLU-AULMYGDYSA-N,CC(C)C[C@H](NC(=O)OC[C@@H]1CCC(=O)N1C[C@H]1C[C@@H]2CC[C@H]1C2)C(=O)N[C@H](C=O)C[C@@H]1CCNC1=O,O=C(CNC(=O)OCC1CCC(=O)N1CC1CC2CCC1C2)NCCC1CCNC1=O,6.301029995663981,sars2_3cl,coronaviral,IC50,518.6550000000003,0.16326530612244897,False,False,False,False
LYKXEPXXGWKVPB-AOIWGVFYSA-N,CC(C)C[C@H](NC(=O)OC1CC2(C1)CN(C(=O)OC(C)(C)C)C2)C(=O)N[C@H](C=O)C[C@H]1CCNC1=O,O=C(CNC(=O)OC1CC2(CNC2)C1)NCCC1CCNC1=O,5.481486060122112,sars2_3cl,coronaviral,IC50,508.6160000000003,0.20388349514563106,False,False,False,False
LYTLONQPOWCAQI-XFIYOXNOSA-N,COC(=O)N[C@H](C(=O)N1C[C@H](C(F)(F)F)C[C@H]1C(=O)N[C@H](C#N)C[C@@H]1CCCNC1=O)C(C)(C)C,O=C1NCCCC1CCNC(=O)C1CCCN1,9.769551078621726,sars2_3cl,coronaviral,Ki,503.5220000000003,0.20408163265306123,False,False,False,False
LZAUVQWXLSHGJJ-KWMCZYFOSA-N,CC(C)C[C@H](NC(=O)OCC12CC3CC(CC(C3)C1)C2)C(=O)N[C@H](C=O)C[C@H]1CCNC1=O,O=C(CNC(=O)OCC12CC3CC(CC(C3)C1)C2)NCCC1CCNC1=O,6.7447274948966935,sars2_3cl,coronaviral,IC50,461.60300000000024,0.16842105263157894,False,False,False,False
LZAUVQWXLSHGJJ-ZVWKKYBFSA-N,[2H]C([2H])(OC(=O)N[C@@H](CC(C)C)C(=O)N[C@H](C=O)C[C@H]1CCNC1=O)C12CC3CC(CC(C3)C1)C2,O=C(CNC(=O)OCC12CC3CC(CC(C3)C1)C2)NCCC1CCNC1=O,6.537602002101044,sars2_3cl,coronaviral,IC50,463.6152035560004,0.16494845360824742,False,False,False,False
LZINVNIRRCILMQ-DZKIICNBSA-N,COc1cccc2[nH]c(C(=O)N[C@@H](CC(C)(C)C)C(=O)N[C@H](C#N)C[C@@H]3CCNC3=O)c(F)c12,O=C(CNC(=O)c1cc2ccccc2[nH]1)NCCC1CCNC1=O,7.180456064458131,sars2_3cl,coronaviral,Ki,471.53300000000024,0.2268041237113402,False,False,False,False
MABWOLPFGYAASC-BQYQJAHWSA-N,O=C(/C=C/c1cccs1)NCc1nc(-c2ccc(C(F)(F)F)cc2)no1,O=C(C=Cc1cccs1)NCc1nc(-c2ccccc2)no1,4.263125638351577,sars2_3cl,coronaviral,IC50,379.363,0.20253164556962025,False,False,False,False
MADFDBAXBFAOMQ-NQAHGSOSSA-N,[2H]C([2H])(OC(=O)N[C@@H](CC(C)C)C(=O)N[C@@H](C[C@H]1CCNC1=O)C(O)S(=O)(=O)O)C12CCC(CCCCC)(CC1)CC2,O=C(CNC(=O)OCC12CCC(CC1)CC2)NCCC1CCNC1=O,6.508638306165727,sars2_3cl,coronaviral,IC50,589.792203556,0.1619047619047619,False,False,False,False
MADFDBAXBFAOMQ-UNYSPDHCSA-N,CCCCCC12CCC(COC(=O)N[C@@H](CC(C)C)C(=O)N[C@@H](C[C@H]3CCNC3=O)C(O)S(=O)(=O)O)(CC1)CC2,O=C(CNC(=O)OCC12CCC(CC1)CC2)NCCC1CCNC1=O,6.522878745280337,sars2_3cl,coronaviral,IC50,587.78,0.1650485436893204,False,False,False,False
MBCJUIJWPYUEBX-UHFFFAOYSA-N,CCn1c(-c2nonc2N)nc2cncc(CNC3CCNCC3)c21,c1nonc1-c1nc2cncc(CNC3CCNCC3)c2[nH]1,5.684029654543082,sars2_3cl,coronaviral,IC50,342.40700000000015,0.16091954022988506,False,False,False,False
MBHPRFZHIVZXHA-UHFFFAOYSA-N,N=C(N)Nc1ccc(C(=O)Oc2cncc(Cl)c2)cc1,O=C(Oc1cccnc1)c1ccccc1,7.18111458540599,sars2_3cl,coronaviral,IC50,290.71,0.2711864406779661,False,False,False,False
MBIAYIJPUBZDIZ-AWEZNQCLSA-N,Cc1cc(C(=O)N[C@@H](CC2CCCCC2)C(=O)NN(CCC(N)=O)C(=O)CCl)no1,O=C(NCCC1CCCCC1)c1ccon1,8.397940008672037,sars2_3cl,coronaviral,IC50,441.9160000000002,0.20430107526881722,False,False,False,False
MBIWELOVLSUPFE-GITLDSMSSA-N,CCCC[C@H](NC(=O)/C=C/c1ccccc1)C(=O)N[C@H](C=O)C[C@@H]1CCCNC1=O,O=C(C=Cc1ccccc1)NCC(=O)NCCC1CCCNC1=O,6.557520230935552,sars2_3cl,coronaviral,IC50,413.5180000000002,0.20652173913043478,False,False,False,False
MBKPOIMSNKOYFA-UHFFFAOYSA-N,O=C(Oc1cncc(Cl)c1)c1cccc(F)c1,O=C(Oc1cccnc1)c1ccccc1,7.333482019445119,sars2_3cl,coronaviral,IC50,251.644,0.32142857142857145,False,False,False,False
MBQZJJXFODWHCE-UHFFFAOYSA-N,O=C(Oc1cncc(Cl)c1)c1c(F)cccc1F,O=C(Oc1cccnc1)c1ccccc1,7.534617148551582,sars2_3cl,coronaviral,IC50,269.634,0.22033898305084745,False,False,False,False
MBUJECNPYZDFKF-PPZLUTABSA-N,CC1(C)COC(=O)[C@@H]2C[C@@H](C[C@@H](C#N)NC(=O)[C@@H]3[C@@H]4[C@H](CN3C(=O)[C@H]1NC(=O)CC1CC1)C4(C)C)C(=O)N2,O=C(CC1CC1)NC1CCOC(=O)C2CC(CCNC(=O)C3C4CC4CN3C1=O)C(=O)N2,7.6777807052660805,sars2_3cl,coronaviral,IC50,527.6220000000003,0.18811881188118812,False,False,False,False
MBWYOTWPCIHPRB-UHFFFAOYSA-N,O=S(=O)(c1ccccc1)c1nnc(-c2ccc(Cl)cc2)o1,O=S(=O)(c1ccccc1)c1nnc(-c2ccccc2)o1,6.318758762624412,sars2_3cl,coronaviral,IC50,320.757,0.21739130434782608,False,False,False,False
MCPPPOVHJSKCNH-UHFFFAOYSA-O,Cc1ccc(N2C(=O)C[n+]3ccccc3C2C(=O)Nc2ccccc2C)cc1,O=C(Nc1ccccc1)C1c2cccc[n+]2CC(=O)N1c1ccccc1,5.214670164989233,sars2_3cl,coronaviral,IC50,372.44800000000015,0.31343283582089554,False,False,False,False
MCSRHGLYNCIRNI-UHFFFAOYSA-N,CCc1ccc(-n2[se]c3ccccc3c2=O)cc1,O=c1c2ccccc2[se]n1-c1ccccc1,5.209005903048919,sars2_3cl,coronaviral,IC50,302.23500000000007,0.203125,False,False,False,False
MCUFOTYYNFKNFM-UHFFFAOYSA-N,O=C(Oc1cncc(Cl)c1)c1ccc(Br)cc1F,O=C(Oc1cccnc1)c1ccccc1,7.45717457304082,sars2_3cl,coronaviral,IC50,330.54,0.21428571428571427,False,False,False,False
MEINJOFNXASMAP-TXDMSJPOSA-N,CC1(C)[C@@H]2[C@@H](C(=O)N[C@H](C=O)C[C@@H]3CCNC3=O)N(C(=O)c3cc4ccc(F)cc4[nH]3)C[C@@H]21,O=C1NCCC1CCNC(=O)C1C2CC2CN1C(=O)c1cc2ccccc2[nH]1,7.823908740944319,sars2_3cl,coronaviral,IC50,454.5020000000001,0.22105263157894736,False,False,False,False
MELIXBXRMPEWIP-ZWOKBUDYSA-N,CC(C)C[C@H](NC(=O)c1cc2c3c(ccc2[nH]1)CCO3)C(=O)N[C@H](C#N)C[C@@H]1CCCNC1=O,O=C(CNC(=O)c1cc2c3c(ccc2[nH]1)CCO3)NCCC1CCCNC1=O,7.309803919971486,sars2_3cl,coronaviral,IC50,465.55400000000026,0.21052631578947367,False,False,False,False
MELQIVNSCYAZCO-HXUWFJFHSA-N,CC(=O)n1cc(-c2cc(-c3cnn(C)c3)cc([C@@H](C)NC(=O)c3cc(OCCN(C)C)ccc3C)c2)cn1,O=C(NCc1cc(-c2cn[nH]c2)cc(-c2cn[nH]c2)c1)c1ccccc1,6.958607314841775,sars2_3cl,coronaviral,IC50,514.6300000000003,0.20930232558139536,False,False,False,False
MESFUGFVZGOZJQ-FFYZIMEISA-N,C[C@@H](OC(C)(C)C)[C@H](NC(=O)OCc1ccccc1)C(=O)N[C@@H](CC(C)(C)C)C(=O)N[C@H](C=O)C[C@@H]1CCNC1=O,O=C(CNC(=O)CNC(=O)OCc1ccccc1)NCCC1CCNC1=O,7.251811972993799,sars2_3cl,coronaviral,EC50,574.7190000000002,0.19801980198019803,False,False,False,False
MESFUGFVZGOZJQ-FFYZIMEISA-N,C[C@@H](OC(C)(C)C)[C@H](NC(=O)OCc1ccccc1)C(=O)N[C@@H](CC(C)(C)C)C(=O)N[C@H](C=O)C[C@@H]1CCNC1=O,O=C(CNC(=O)CNC(=O)OCc1ccccc1)NCCC1CCNC1=O,6.823908740944319,sars2_3cl,coronaviral,IC50,574.7190000000002,0.19801980198019803,False,False,False,False
MESGVCRNTSNGEG-UHFFFAOYSA-N,O=C(Cn1sc2ccc(C(F)(F)F)cc2c1=O)Nc1ccccc1,O=C(Cn1sc2ccccc2c1=O)Nc1ccccc1,6.405939098729582,sars2_3cl,coronaviral,IC50,352.337,0.23684210526315788,False,False,False,False
MEUSWLJSHKSUKY-UKILVPOCSA-N,COc1ccc(-c2sc3n(c(NC(C)(C)C)c4[n+]3[C@H]3CC(=O)C=C[C@H]3OC4)c2-c2ccc(OC)cc2)cc1,O=C1C=CC2OCc3cn4c(-c5ccccc5)c(-c5ccccc5)sc4[n+]3C2C1,4.684029654543083,sars2_3cl,coronaviral,IC50,530.6700000000003,0.16129032258064516,False,False,False,False
MEWSAFKJOGMCKZ-QDLLFRBVSA-N,C[C@H](NC(=O)C(c1cnccn1)N(C(=O)c1c[nH]cn1)c1ccc(-c2ccccc2)cc1)c1ccccc1,O=C(NCc1ccccc1)C(c1cnccn1)N(C(=O)c1c[nH]cn1)c1ccc(-c2ccccc2)cc1,6.173925197299173,sars2_3cl,coronaviral,IC50,502.5780000000002,0.20512820512820512,False,False,False,False
MFAGBOFQNNFTHG-UHFFFAOYSA-N,CC(C)(C)C1CC2(C1)NC(=O)N(c1cncc3ccccc13)C2=O,O=C1NC2(CCC2)C(=O)N1c1cncc2ccccc12,6.337242168318426,sars2_3cl,coronaviral,IC50,323.3960000000001,0.25609756097560976,False,False,False,False
MFEFXBDUWYIWCB-UHFFFAOYSA-N,O=C(Nc1cccc(I)c1)c1ccc(COc2ccc(Nc3ncnc4ccccc34)cc2Cl)cc1,O=C(Nc1ccccc1)c1ccc(COc2ccc(Nc3ncnc4ccccc34)cc2)cc1,5.0400051616715835,sars2_3cl,coronaviral,IC50,606.8510000000002,0.25609756097560976,False,False,False,False
MFZROQNGEHAGLE-VWLOTQADSA-N,COc1ccc(CN(C#N)N(C)C(=O)[C@H](Cc2ccccc2)NC(=O)OCc2ccccc2)cc1,O=C(NC(Cc1ccccc1)C(=O)NNCc1ccccc1)OCc1ccccc1,6.462180904926726,sars2_3cl,coronaviral,IC50,472.54500000000013,0.2125,False,False,False,False
MGEQARLYTHFXRC-PKTZIBPZSA-N,COc1ccc2[nH]c(=O)cc(C(=O)N[C@H]3CCCC[C@H]3Nc3c(C(=O)N4CCOCC4)cc(Br)cc3[N+](=O)[O-])c2c1,O=C(NC1CCCCC1Nc1ccccc1C(=O)N1CCOCC1)c1cc(=O)[nH]c2ccccc12,7.534617148551582,sars2_3cl,coronaviral,IC50,628.4800000000002,0.2268041237113402,False,False,False,False
MHJPHUFUJGFFSH-RBISFHTESA-N,C=C(Cl)C(=O)N(c1ccc(-c2ccccc2)cc1)[C@@H](C(=O)N[C@@H](C)c1ccccc1)c1cccnc1,O=C(NCc1ccccc1)C(Nc1ccc(-c2ccccc2)cc1)c1cccnc1,5.374687549038326,sars2_3cl,coronaviral,IC50,496.01000000000016,0.2608695652173913,False,False,False,False
MHJPHUFUJGFFSH-XYXHBKGXSA-N,C=C(Cl)C(=O)N(c1ccc(-c2ccccc2)cc1)C(C(=O)N[C@@H](C)c1ccccc1)c1cccnc1,O=C(NCc1ccccc1)C(Nc1ccc(-c2ccccc2)cc1)c1cccnc1,5.374687549038326,sars2_3cl,coronaviral,IC50,496.01000000000016,0.2608695652173913,False,False,False,False
MHLMDEZVRVBNCE-DEOSSOPVSA-N,CN(C(=O)[C@H](Cc1ccccc1)NC(=O)OCc1ccccc1)N(C#N)Cc1ccc(Br)cc1Cl,O=C(NC(Cc1ccccc1)C(=O)NNCc1ccccc1)OCc1ccccc1,6.844663962534938,sars2_3cl,coronaviral,IC50,555.8600000000001,0.1958762886597938,False,False,False,False
MILYKLXTMFVKOC-BZBFZXGJSA-N,CC1(C)CNC(=O)[C@@H]2C[C@@H](C[C@@H](C#N)NC(=O)[C@@H]3[C@@H]4[C@H](CN3C(=O)[C@H]1NC(=O)OCc1ccccc1)C4(C)C)C(=O)N2,O=C(NC1CCNC(=O)C2CC(CCNC(=O)C3C4CC4CN3C1=O)C(=O)N2)OCc1ccccc1,8.05551732784983,sars2_3cl,coronaviral,IC50,578.6700000000002,0.19801980198019803,False,False,False,False
MILYKLXTMFVKOC-HXWZHSPTSA-N,CC1(C)CNC(=O)[C@@H]2C[C@H](C[C@@H](C#N)NC(=O)[C@@H]3[C@@H]4[C@H](CN3C(=O)[C@H]1NC(=O)OCc1ccccc1)C4(C)C)C(=O)N2,O=C(NC1CCNC(=O)C2CC(CCNC(=O)C3C4CC4CN3C1=O)C(=O)N2)OCc1ccccc1,7.920818753952375,sars2_3cl,coronaviral,IC50,578.6700000000002,0.19801980198019803,False,False,False,False
MIOBUUSPHNSVRE-KNRSNOANSA-N,C[C@@H](C(=O)N[C@H](C(=O)N1C[C@H](OC(F)F)C[C@H]1C(=O)N[C@H](C#N)C[C@@H]1CCNC1=O)C(C)(C)C)N(C)C(=O)CCCCCNc1cccc2c1C(=O)N(C1CCC(=O)NC1=O)C2=O,O=C(CCCCCNc1cccc2c1C(=O)N(C1CCC(=O)NC1=O)C2=O)NCC(=O)NCC(=O)N1CCCC1C(=O)NCCC1CCNC1=O,6.739928612014925,sars2_3cl,coronaviral,IC50,883.9509999999996,0.16030534351145037,False,False,False,False
MIUONOMPQQAGIS-AATRIKPKSA-N,O=C(/C=C/c1c(Cl)c(O)c(O)c(O)c1Cl)c1ccc([N+](=O)[O-])cc1,O=C(C=Cc1ccccc1)c1ccccc1,6.558461961297839,sars2_3cl,coronaviral,IC50,370.1440000000001,0.14285714285714285,False,False,False,False
MJIHNNLFOKEZEW-UHFFFAOYSA-N,Cc1c(OCC(F)(F)F)ccnc1C[S+]([O-])c1nc2ccccc2[nH]1,c1ccc(C[SH+]c2nc3ccccc3[nH]2)nc1,6.102407705158788,sars2_3cl,coronaviral,IC50,369.3680000000001,0.2125,False,False,False,False
MJVAVZPDRWSRRC-UHFFFAOYSA-N,CC1=CC(=O)c2ccccc2C1=O,O=C1C=CC(=O)c2ccccc21,5.267210434005121,sars2_3cl,coronaviral,IC50,172.18299999999996,0.2222222222222222,False,False,False,False
MJZNRHTYZRSATJ-GRZALLJUSA-N,COC(=O)N[C@H](C(=O)N1CC[C@@H](C(F)(F)F)C[C@H]1C(=O)N[C@@H](CCC(C)(F)F)C(=O)C(=O)NC1CC1)C(C)(C)C,O=C(CNC(=O)C1CCCCN1)C(=O)NC1CC1,7.795880017344075,sars2_3cl,coronaviral,IC50,584.583,0.21505376344086022,False,False,False,False
MKEBFQGBKOZBJM-DOXZYTNZSA-N,COc1cccc2[nH]c(C(=O)N[C@@H](CC(C)(C)C)C(=O)N[C@H](C=O)C[C@@H]3CCNC3=O)cc12,O=C(CNC(=O)c1cc2ccccc2[nH]1)NCCC1CCNC1=O,6.040958607678906,sars2_3cl,coronaviral,EC50,456.54300000000023,0.2268041237113402,False,False,False,False
MKEBFQGBKOZBJM-DOXZYTNZSA-N,COc1cccc2[nH]c(C(=O)N[C@@H](CC(C)(C)C)C(=O)N[C@H](C=O)C[C@@H]3CCNC3=O)cc12,O=C(CNC(=O)c1cc2ccccc2[nH]1)NCCC1CCNC1=O,7.130768280269024,sars2_3cl,coronaviral,IC50,456.54300000000023,0.2268041237113402,False,False,False,False
MKZYMKKUBVPEET-PHSGOXPASA-N,CC(OC1CCCCC1)C(=O)N[C@@H](CC(C)(C)C)C(=O)N[C@@H](C#N)C[C@@H]1CCNC1=O,O=C(CNC(=O)COC1CCCCC1)NCCC1CCNC1=O,6.161150909262744,sars2_3cl,coronaviral,Ki,434.58100000000024,0.17204301075268819,False,False,False,False
MLCPSWPIYHDOKG-BUHFOSPRSA-N,O=C1Nc2ccccc2/C1=C1\C(=O)Nc2ccccc21,O=C1Nc2ccccc2C1=C1C(=O)Nc2ccccc21,5.920818753952375,sars2_3cl,coronaviral,IC50,262.268,0.1951219512195122,False,False,False,False
MLDFHDFSUKKYQC-IZIIKQMZSA-N,C=CC(=O)N(CCC(N)=O)NC(=O)[C@H](CC(C)C)NC(=O)[C@@H](NC(=O)OCc1ccccc1)[C@@H](C)OC(C)(C)C,c1ccccc1,7.468521082957745,sars2_3cl,coronaviral,IC50,561.6800000000002,0.2289156626506024,False,True,False,True
MLLXNLSWJKVLBW-ZXVCEFQRSA-N,CC(C)C[C@H](NC(=O)OCC1CN(C(=O)Cc2ccccc2)C1)C(=O)N[C@@H](C[C@H]1CCNC1=O)C(=O)C(O)S(=O)(=O)O,O=C(CNC(=O)OCC1CN(C(=O)Cc2ccccc2)C1)NCCC1CCNC1=O,6.119186407719209,sars2_3cl,coronaviral,IC50,610.6860000000005,0.24752475247524752,False,False,False,False
MMDUKUSNQNWVET-VYUBKLCTSA-N,O=c1cc(-c2ccc(O)cc2)oc2c([C@@H]3OC[C@H](O)[C@H](O)[C@H]3O)c(O)c([C@@H]3O[C@H](CO)[C@@H](O)[C@H](O)[C@H]3O)c(O)c12,O=c1cc(-c2ccccc2)oc2c(C3CCCCO3)cc(C3CCCCO3)cc12,4.906578314837765,sars2_3cl,coronaviral,Kd,564.4960000000002,0.1566265060240964,False,False,False,False
MMJOEXVNWNBGTD-UHFFFAOYSA-N,[O-][S+](Cc1cscn1)c1nnc(-c2ccc(Cl)cc2)o1,c1ccc(-c2nnc([SH+]Cc3cscn3)o2)cc1,6.769551078621726,sars2_3cl,coronaviral,IC50,325.802,0.21428571428571427,False,False,False,False
MMOGDCKWHZFLMO-GTFGCAHESA-N,CC(C)C[C@H](NC(=O)OC(C)(C)c1cccc(Cl)c1)C(=O)N1C[C@]2(C[C@H]1C#N)C(=O)Nc1ccccc12,O=C(NCC(=O)N1CCC2(C1)C(=O)Nc1ccccc12)OCc1ccccc1,6.259637310505756,sars2_3cl,coronaviral,IC50,523.0330000000002,0.21359223300970873,False,False,False,False
MMPDGMULGJOKKO-UHFFFAOYSA-N,CC(=O)OCC1Cc2c(-c3ccccn3)cccc2-c2c(O)ccc(C(C)C)c21,c1ccc(-c2cccc3c2CCc2ccccc2-3)nc1,4.5307672574933875,sars2_3cl,coronaviral,IC50,387.4790000000002,0.21978021978021978,False,False,False,False
MMROTVDTGZNSHR-ZDUSSCGKSA-N,O=C1N[C@@H](Cc2cc(Cl)ccc2F)C(=O)N1c1cncc(F)c1,O=C1NC(Cc2ccccc2)C(=O)N1c1cccnc1,4.581698708680254,sars2_3cl,coronaviral,IC50,337.713,0.21333333333333335,False,False,False,False
MMROTVDTGZNSHR-ZDUSSCGKSA-N,O=C1N[C@@H](Cc2cc(Cl)ccc2F)C(=O)N1c1cncc(F)c1,O=C1NC(Cc2ccccc2)C(=O)N1c1cccnc1,4.422508200162775,sars2_3cl,coronaviral,Kd,337.713,0.21333333333333335,False,False,False,False
MMZNSFGNZLNDCE-DIZVHYTASA-N,CC(C)C[C@H](NC(=O)OC[C@@H]1C[C@H]1c1cccc(Cl)c1)C(=O)N[C@H](C=O)C[C@H]1CCNC1=O,O=C(CNC(=O)OCC1CC1c1ccccc1)NCCC1CCNC1=O,6.769551078621726,sars2_3cl,coronaviral,IC50,477.98900000000026,0.19791666666666666,False,False,False,False
MNOBGYDUSHCPFP-QMMMGPOBSA-N,O=C1C[C@H](Cn2sc3ccccc3c2=O)CN1,O=C1CC(Cn2sc3ccccc3c2=O)CN1,6.292429823902063,sars2_3cl,coronaviral,IC50,248.30700000000002,0.203125,False,False,False,False
MOAAHRQSKSONTG-UHFFFAOYSA-N,O=C1CCCC2=C1CN(C(=O)CCl)c1ccc([N+](=O)[O-])cc1N2,O=C1CCCC2=C1CNc1ccccc1N2,5.291579099865287,sars2_3cl,coronaviral,IC50,335.74700000000007,0.20987654320987653,False,False,False,False
MODFCHUDBQIQAH-QAYVNIIMSA-N,CC(C)C[C@H](NC(=O)OC1CCC(F)(F)CC1)C(=O)N[C@@H](C[C@@H]1CCNC1=O)C(O)S(=O)(=O)O,O=C(CNC(=O)OC1CCCCC1)NCCC1CCNC1=O,6.3872161432802645,sars2_3cl,coronaviral,IC50,513.5600000000002,0.15384615384615385,False,False,False,False
MOHIRSXUNWJSRA-UHFFFAOYSA-N,O=c1c2ccccc2[se]n1-c1ccccc1Br,O=c1c2ccccc2[se]n1-c1ccccc1,7.590235895733654,sars2_3cl,coronaviral,IC50,353.077,0.1836734693877551,False,False,False,False
MOYGJNHMYWCTOO-ULBBIQHKSA-N,CC(C)C[C@H](NC(=O)OCC(C)(C)Sc1cccc(Cl)c1)C(=O)N[C@@H](C[C@@H]1CCNC1=O)C(O)S(=O)(=O)O,O=C(CNC(=O)OCCSc1ccccc1)NCCC1CCNC1=O,6.769551078621726,sars2_3cl,coronaviral,IC50,594.1520000000004,0.18867924528301888,False,False,False,False
MOZWZZUFWVJVEO-UHFFFAOYSA-N,Cc1cnc(Cn2c(=O)nc(Nc3cc4cn(C)nc4cc3Cl)n(Cc3cc(F)c(F)cc3F)c2=O)nc1,O=c1nc(Nc2ccc3n[nH]cc3c2)n(Cc2ccccc2)c(=O)n1Cc1ncccn1,6.585026652029182,sars2_3cl,coronaviral,IC50,542.9090000000001,0.19540229885057472,False,False,False,False
MPDPCSZJIQTMDD-IEOZYHAZSA-N,CC(C)(C)[C@H](NC(=O)C(F)(F)F)C(=O)N1C[C@H]2[C@@H]([C@H]1C(=O)N[C@@H](C[C@@H]1CCNC1=O)C(=O)C(=O)NC1CC1)C2(C)C,O=C(NC1CC1)C(=O)C(CC1CCNC1=O)NC(=O)C1NCC2CC21,7.721246399047171,sars2_3cl,coronaviral,IC50,585.624,0.18627450980392157,False,False,False,False
MPHIPHNISPPXRX-UHFFFAOYSA-N,O=c1[nH]cc(-c2cc(-c3cc(Cl)cc(COc4ccccc4F)c3)c(=O)n(-c3cccnc3)c2)c(=O)[nH]1,O=c1[nH]cc(-c2cc(-c3cccc(COc4ccccc4)c3)c(=O)n(-c3cccnc3)c2)c(=O)[nH]1,7.619788758288394,sars2_3cl,coronaviral,IC50,516.9160000000002,0.2,False,False,False,False
MPTSPHGWUSPONR-ZTFIZQGXSA-N,CC(C)C[C@H](NC(=O)OCc1ccccc1)C(=O)N[C@H](/C=C/C(=O)OCc1ccccc1)CCC(N)=O,O=C(CNC(=O)OCc1ccccc1)NCC=CC(=O)OCc1ccccc1,5.6020599913279625,sars2_3cl,coronaviral,IC50,509.6030000000003,0.2619047619047619,False,False,False,False
MQBSQHLLEDVAAM-UHFFFAOYSA-N,COc1cc(F)ccc1-n1[se]c2ccccc2c1=O,O=c1c2ccccc2[se]n1-c1ccccc1,5.7448638579163855,sars2_3cl,coronaviral,IC50,322.19700000000006,0.2537313432835821,False,False,False,False
MQUQNUAYKLCRME-INIZCTEOSA-N,Cc1ccc(S(=O)(=O)N[C@@H](Cc2ccccc2)C(=O)CCl)cc1,O=S(=O)(NCCc1ccccc1)c1ccccc1,5.863279432843593,sars2_3cl,coronaviral,IC50,351.85500000000013,0.2537313432835821,False,False,False,False
MQUSWPWQXVBYLV-UHFFFAOYSA-N,Clc1cc(Nc2ncnc3ccccc23)ccc1OCc1ccccc1,c1ccc(COc2ccc(Nc3ncnc4ccccc34)cc2)cc1,5.401209493236885,sars2_3cl,coronaviral,IC50,361.8320000000001,0.25,False,False,False,False
MQVYGJYJHLBMAT-MUGJNUQGSA-N,CC(C)C[C@H](NC(=O)OC[C@@H]1CCC(=O)N1Cc1ccc2c(c1)OC(F)(F)O2)C(=O)N[C@H](C=O)C[C@@H]1CCNC1=O,O=C(CNC(=O)OCC1CCC(=O)N1Cc1ccc2c(c1)OCO2)NCCC1CCNC1=O,6.568636235841012,sars2_3cl,coronaviral,IC50,580.585,0.20388349514563106,False,False,False,False
MRLVEDPYCIICRM-JBJRXJHCSA-N,CC(C)(C)CC(=O)N1C[C@H]2[C@@H]([C@H]1C(=O)N[C@H](C=O)C[C@@H]1CCNC1=O)C2(C)C,O=C1NCCC1CCNC(=O)C1NCC2CC21,7.337242168318426,sars2_3cl,coronaviral,IC50,391.5120000000003,0.1839080459770115,False,False,False,False
MRORARXZMFZSPG-HGRFCZHOSA-N,CC(C)C[C@H](NC(=O)OCC1CCN(CC2CCCCC2)C1=O)C(=O)N[C@@H](C[C@@H]1CCNC1=O)C(O)S(=O)(=O)O,O=C(CNC(=O)OCC1CCN(CC2CCCCC2)C1=O)NCCC1CCNC1=O,6.657577319177793,sars2_3cl,coronaviral,IC50,588.7240000000004,0.1941747572815534,False,False,False,False
MRSXETXDOITHNK-ZDKGMAKWSA-N,CC1(C)[C@@H]2[C@@H](C(=O)N[C@H](C#N)C[C@@H]3CCNC3=O)N(C(=O)c3cc4c(F)ccc(F)c4[nH]3)C[C@@H]21,O=C1NCCC1CCNC(=O)C1C2CC2CN1C(=O)c1cc2ccccc2[nH]1,6.259637310505756,sars2_3cl,coronaviral,IC50,469.49200000000013,0.21052631578947367,False,False,False,False
MSFBUYKNJPZORW-UHFFFAOYSA-N,COc1ccc(C(=O)n2c(SC)nc3ccccc32)cc1OC,O=C(c1ccccc1)n1cnc2ccccc21,5.398970097364309,sars2_3cl,coronaviral,IC50,328.3930000000001,0.2638888888888889,False,False,False,False
MSFOIQNYTTYSCY-CIUSRJSNSA-N,CC(C)C[C@H](NC(=O)[C@H](Cc1ccc(F)cc1)NC(=O)OCc1ccccc1)C(=O)N[C@H](/C=C1\CCOC1=O)C[C@@H]1CCCO1,O=C(CNC(=O)C(Cc1ccccc1)NC(=O)OCc1ccccc1)NC(C=C1CCOC1=O)CC1CCCO1,7.400007822415902,sars2_3cl,coronaviral,IC50,623.7220000000001,0.25,False,False,False,False
MSFOIQNYTTYSCY-IODMJEBQSA-N,CC(C)C[C@H](NC(=O)[C@H](Cc1ccc(F)cc1)NC(=O)OCc1ccccc1)C(=O)NC(/C=C1\CCOC1=O)CC1CCCO1,O=C(CNC(=O)C(Cc1ccccc1)NC(=O)OCc1ccccc1)NC(C=C1CCOC1=O)CC1CCCO1,6.799998134593398,sars2_3cl,coronaviral,IC50,623.7220000000001,0.25,False,False,False,False
MSFOIQNYTTYSCY-ZKXHCYTNSA-N,CC(C)C[C@H](NC(=O)[C@H](Cc1ccc(F)cc1)NC(=O)OCc1ccccc1)C(=O)N[C@H](/C=C1\CCOC1=O)C[C@H]1CCCO1,O=C(CNC(=O)C(Cc1ccccc1)NC(=O)OCc1ccccc1)NC(C=C1CCOC1=O)CC1CCCO1,6.900008766455315,sars2_3cl,coronaviral,IC50,623.7220000000001,0.25,False,False,False,False
MSLQPABJZUQBQC-GIWBLDEGSA-N,CC(C)C[C@H](NC(=O)OC1CC2(C1)CN(C(=O)Cc1ccccc1)C2)C(=O)N[C@H](C=O)C[C@H]1CCNC1=O,O=C(CNC(=O)OC1CC2(C1)CN(C(=O)Cc1ccccc1)C2)NCCC1CCNC1=O,6.585026652029182,sars2_3cl,coronaviral,IC50,526.6340000000002,0.24,False,False,False,False
MSRIXUCOJKCCJJ-TUSQITKMSA-N,COc1cccc2[nH]c(C(=O)N[C@@H](CC(C)C)C(=O)N[C@@H](C[C@@H]3CCCNC3=O)C(=O)COC(=O)c3ccccc3)cc12,O=C(CNC(=O)c1cc2ccccc2[nH]1)NC(CC1CCCNC1=O)C(=O)COC(=O)c1ccccc1,7.197226274708024,sars2_3cl,coronaviral,IC50,590.6770000000004,0.22916666666666666,False,False,False,False
MSTFBYKYODXVAK-UHFFFAOYSA-N,O=C1OCCN1C(=O)C(Cc1ccco1)Sc1nc2ccc(Cl)cc2n1Cc1ccccc1,O=C1OCCN1C(=O)C(Cc1ccco1)Sc1nc2ccccc2n1Cc1ccccc1,4.276544327964814,sars2_3cl,coronaviral,IC50,481.9610000000002,0.23076923076923078,False,False,False,False
MTDULWXVXPYYDW-DDRFXAKFSA-N,CC(C)C[C@H](NC(=O)OC1CC2CCC(C1)N2C(=O)OC(C)(C)C)C(=O)N[C@@H](C[C@H]1CCNC1=O)C(O)S(=O)(=O)O,O=C(CNC(=O)OC1CC2CCC(C1)N2)NCCC1CCNC1=O,5.767003889607846,sars2_3cl,coronaviral,IC50,604.7230000000004,0.18627450980392157,False,False,False,False
MTDXSRBZZFMIHM-HIFTYOEDSA-N,CC(C)C[C@H](NC(=O)OC[C@@H]1CCC(=O)N1Cc1ccco1)C(=O)N[C@@H](C[C@@H]1CCNC1=O)C(O)S(=O)(=O)O,O=C(CNC(=O)OCC1CCC(=O)N1Cc1ccco1)NCCC1CCNC1=O,6.6020599913279625,sars2_3cl,coronaviral,IC50,572.6370000000003,0.21495327102803738,False,False,False,False
MTXAPYGDANDQKT-YDHLFZDLSA-N,COc1ccc(C(F)(F)F)c2[nH]c(C(=O)N[C@@H](CC(C)(C)C)C(=O)N[C@H](C#N)C[C@@H]3CCNC3=O)c(C(F)(F)F)c12,O=C(CNC(=O)c1cc2ccccc2[nH]1)NCCC1CCNC1=O,6.954677021213342,sars2_3cl,coronaviral,Ki,589.5370000000005,0.2079207920792079,False,False,False,False
MUNFBYOTGGMQOS-UHFFFAOYSA-N,CC(C)(C)c1ccc(N(C(=O)c2c[nH]cn2)C(C(=O)NC2CCCCC2)c2cccnc2)cc1,O=C(NC1CCCCC1)C(c1cccnc1)N(C(=O)c1c[nH]cn1)c1ccccc1,5.3872161432802645,sars2_3cl,coronaviral,IC50,459.5940000000003,0.2823529411764706,False,False,False,False
MUNFBYOTGGMQOS-XMMPIXPASA-N,CC(C)(C)c1ccc(N(C(=O)c2cnc[nH]2)[C@@H](C(=O)NC2CCCCC2)c2cccnc2)cc1,O=C(NC1CCCCC1)C(c1cccnc1)N(C(=O)c1cnc[nH]1)c1ccccc1,5.552841968657781,sars2_3cl,coronaviral,IC50,459.5940000000003,0.2891566265060241,False,False,False,False
MVAKMWCFLBGPRM-UHFFFAOYSA-N,O=C(OCc1cccc(B(O)O)c1)c1cc(B(O)O)cc([N+](=O)[O-])c1,O=C(OCc1ccccc1)c1ccccc1,5.346787486224656,sars2_3cl,coronaviral,Ki,344.8810000000001,0.18571428571428572,False,False,False,False
MVHBODFTFWPKCE-KBMGCXNNSA-N,CC(C)C[C@H](NC(=O)OCC(C)(C)Sc1ccccc1)C(=O)N[C@@H](C[C@@H]1CCNC1=O)C(O)(C(=O)NC1CC1)S(=O)(=O)O,O=C(CC(CC1CCNC1=O)NC(=O)CNC(=O)OCCSc1ccccc1)NC1CC1,6.346787486224656,sars2_3cl,coronaviral,IC50,642.7970000000003,0.19626168224299065,False,False,False,False
MVMXSHQQBNAWMC-HOUREDQLSA-N,COc1cc(C#N)cc2[nH]c(C(=O)N[C@@H](CC(C)C)C(=O)N3C[C@]4(C[C@H]3C=O)C(=O)Nc3ccccc34)cc12,O=C(NCC(=O)N1CCC2(C1)C(=O)Nc1ccccc12)c1cc2ccccc2[nH]1,6.259637310505756,sars2_3cl,coronaviral,IC50,527.5810000000004,0.24489795918367346,False,False,False,False
MVRDUMBTEAQCDF-ZWOKBUDYSA-N,CCOc1cccc2[nH]c(C(=O)N[C@@H](CC(C)C)C(=O)N[C@H](C#N)C[C@@H]3CCCNC3=O)cc12,O=C(CNC(=O)c1cc2ccccc2[nH]1)NCCC1CCCNC1=O,7.619788758288394,sars2_3cl,coronaviral,IC50,467.5700000000003,0.2,False,False,False,False
MVWIGWIKOQYGRO-UHFFFAOYSA-N,CCCCCCNC(=O)n1cc(Cl)c(=O)[nH]c1=O,O=c1cc[nH]c(=O)[nH]1,5.259637310505756,sars2_3cl,coronaviral,IC50,273.72,0.19117647058823528,False,False,False,False
MVXGEYVENMHUPC-YADHBBJMSA-N,CNC(=O)c1cc(C2CC2)cc([N+](=O)[O-])c1N[C@@H]1CCCC[C@@H]1NC(=O)c1cc(=O)[nH]c2ccccc12,O=C(NC1CCCCC1Nc1ccc(C2CC2)cc1)c1cc(=O)[nH]c2ccccc12,7.684029654543082,sars2_3cl,coronaviral,IC50,503.5590000000003,0.2465753424657534,False,False,False,False
MVYAWGQHSHSYHE-IBGZPJMESA-N,O=C(NCc1ccc(F)s1)[C@@H]1CN(C(=O)c2cccnc2)CCN1c1ccc(Cl)c(Cl)c1,O=C(NCc1cccs1)C1CN(C(=O)c2cccnc2)CCN1c1ccccc1,6.3979400086720375,sars2_3cl,coronaviral,IC50,493.3910000000002,0.24691358024691357,False,False,False,False
MWAOOVAMKAOKJN-UHFFFAOYSA-N,O=c1[nH]cccc1-c1cn(-c2cc(Cl)cc(Cl)c2)c(=O)n(-c2cccnc2)c1=O,O=c1[nH]cccc1-c1cn(-c2ccccc2)c(=O)n(-c2cccnc2)c1=O,6.552841968657781,sars2_3cl,coronaviral,IC50,427.2470000000001,0.2,False,False,False,False
MWOBNUZBAFCVJM-UHFFFAOYSA-N,CC(C)(C)OC(=O)NCn1[se]c2ccccc2c1=O,O=c1[nH][se]c2ccccc12,6.481486060122112,sars2_3cl,coronaviral,IC50,327.242,0.2638888888888889,False,False,False,False
MWSUIZKGNWELRF-UHFFFAOYSA-N,O=C1C(Cl)=C(N2CCOCC2)C(=O)N1c1ccc(Cl)c(Cl)c1,O=C1C=C(N2CCOCC2)C(=O)N1c1ccccc1,5.643498473325348,sars2_3cl,coronaviral,IC50,361.6120000000001,0.2361111111111111,False,False,False,False
MXANJRGHSFELEJ-MRXNPFEDSA-N,CC(C)=CC[C@@H](OC(=O)CC(C)(C)O)C1=CC(=O)c2c(O)ccc(O)c2C1=O,O=C1C=CC(=O)c2ccccc21,5.991399828238082,sars2_3cl,coronaviral,IC50,388.4160000000001,0.14285714285714285,False,False,False,False
MXCJZXPAMXQYDV-UHFFFAOYSA-N,O=c1c2c(O)c(O)c(O)cc2nc(-c2ccccc2)n1-c1ccc(O)cc1,O=c1c2ccccc2nc(-c2ccccc2)n1-c1ccccc1,6.567030709125595,sars2_3cl,coronaviral,IC50,362.34100000000007,0.17567567567567569,False,False,False,False
MXEGAMGMDDENAC-KBCNZALWSA-N,CNC(=O)N[C@H](C(=O)N1C[C@H]2[C@@H]([C@H]1C(=O)N[C@H](C#N)C[C@@H]1CCNC1=O)C2(C)C)C(C)(C)C,O=C1NCCC1CCNC(=O)C1NCC2CC21,8.260427655549908,sars2_3cl,coronaviral,Ki,460.57900000000035,0.18478260869565216,False,False,False,False
MXEYFHLZFXXVGA-UHFFFAOYSA-N,Cn1cc2cc(/N=c3\[nH]c(=O)n(Cc4nnn[nH]4)c(=O)n3Cc3cc(F)c(F)cc3F)c(Cl)cc2n1,O=c1[nH]c(=Nc2ccc3n[nH]cc3c2)n(Cc2ccccc2)c(=O)n1Cc1nnn[nH]1,6.921905849593589,sars2_3cl,coronaviral,IC50,518.8470000000002,0.15789473684210525,False,False,False,False
MXUTXVPUVMWLOG-UHFFFAOYSA-N,[O-][S+](Cc1cccnc1)c1nnc(-c2ccc(OC(F)F)cc2)o1,c1ccc(-c2nnc([SH+]Cc3cccnc3)o2)cc1,6.698970004336019,sars2_3cl,coronaviral,IC50,351.334,0.20224719101123595,False,False,False,False
MXUVSVFESWXECZ-UHFFFAOYSA-N,CCC(C(=O)Nc1cc(NC2CCOCC2)ccc1C)n1cc(F)cc2nc(SCc3ccc(F)cc3)nc1-2,O=C(Cn1cccc2nc(SCc3ccccc3)nc1-2)Nc1cccc(NC2CCOCC2)c1,5.853871964321762,sars2_3cl,coronaviral,IC50,551.6630000000001,0.21978021978021978,False,False,False,False
MXWZRRPNVLCHMY-UHFFFAOYSA-N,O=C1C=Cc2cc(Br)ccc2C1=O,O=C1C=Cc2ccccc2C1=O,7.096910013008056,sars2_3cl,coronaviral,IC50,237.052,0.1694915254237288,False,False,False,False
MYGHVYLHBGINFY-LWYYNNOASA-N,CC(C)(C)C[C@H](NC(=O)N1CC[C@@H]1c1ccccc1)C(=O)N[C@H](C=O)C[C@@H]1CCNC1=O,O=C(CNC(=O)N1CCC1c1ccccc1)NCCC1CCNC1=O,7.552841968657781,sars2_3cl,coronaviral,IC50,442.56000000000023,0.23333333333333334,False,False,False,False
MYQPMSRWHFUSDC-HLLBOEOZSA-N,C#CCOC(=O)[C@@H]1N2C(=O)[C@@H](NC(=O)COc3ccccc3)[C@H]2S(=O)(=O)C1(C)C,O=C(COc1ccccc1)NC1C(=O)N2CCS(=O)(=O)C12,5.522878745280337,sars2_3cl,coronaviral,IC50,420.4430000000001,0.1927710843373494,False,False,False,False
MYVUXRRMNMASTR-UHFFFAOYSA-N,O=C(NCCCc1ccccc1)C(c1cccnc1)N(C(=O)c1ccco1)c1ccc(-c2ccccc2)cc1,O=C(NCCCc1ccccc1)C(c1cccnc1)N(C(=O)c1ccco1)c1ccc(-c2ccccc2)cc1,5.978810700930062,sars2_3cl,coronaviral,IC50,515.6130000000003,0.22972972972972974,False,False,False,False
MYZBZAKEDAINDR-WZBMDJBFSA-N,O=C1C[C@H]2CCCN2C(=O)c2cncc(c2)/C=C/CCCCOC(=O)[C@@H](Cc2ccc(Cl)cc2)N1,O=C1CC2CCCN2C(=O)c2cncc(c2)C=CCCCCOC(=O)C(Cc2ccccc2)N1,7.6020599913279625,sars2_3cl,coronaviral,IC50,496.0070000000004,0.22826086956521738,False,False,False,False
MZBODFNXEFAFEI-IBVKSMDESA-N,C[C@@H](NC(=O)[C@H](c1cccnc1)N(C(=O)C(Br)(Br)Br)c1ccc(-c2ccccc2)cc1)c1ccccc1,O=C(NCc1ccccc1)C(Nc1ccc(-c2ccccc2)cc1)c1cccnc1,7.096910013008056,sars2_3cl,coronaviral,IC50,686.2420000000001,0.26865671641791045,False,False,False,False
MZBODFNXEFAFEI-RXFWQSSRSA-N,C[C@H](NC(=O)[C@@H](c1cccnc1)N(C(=O)C(Br)(Br)Br)c1ccc(-c2ccccc2)cc1)c1ccccc1,O=C(NCc1ccccc1)C(Nc1ccc(-c2ccccc2)cc1)c1cccnc1,7.096910013008056,sars2_3cl,coronaviral,IC50,686.2420000000001,0.26865671641791045,False,False,False,False
MZIWENCLBBMTQK-UHFFFAOYSA-N,[O-][S+](Cc1ncccn1)c1nnc(-c2ccc(Cl)cc2)o1,c1ccc(-c2nnc([SH+]Cc3ncccn3)o2)cc1,6.958607314841775,sars2_3cl,coronaviral,IC50,320.761,0.19402985074626866,False,False,False,False
MZTSIVGSXJLRDB-HVRBKMHZSA-N,CC1(C)[C@@H]2[C@@H](C(=O)N[C@H](C#N)C[C@@H]3CCNC3=O)N(C(=O)C3(c4cccc(Cl)c4)CC3)C[C@@H]21,O=C1NCCC1CCNC(=O)C1C2CC2CN1C(=O)C1(c2ccccc2)CC1,6.7447274948966935,sars2_3cl,coronaviral,IC50,468.98500000000024,0.22105263157894736,False,False,False,False
NAHPMFRSKCFCDL-UHFFFAOYSA-N,O=C(Nc1ccccc1)c1cccc(COc2ccc(Nc3ncnc4ccccc34)cc2Cl)c1,O=C(Nc1ccccc1)c1cccc(COc2ccc(Nc3ncnc4ccccc34)cc2)c1,5.426084559578449,sars2_3cl,coronaviral,IC50,480.95500000000015,0.2692307692307692,False,False,False,False
NALFXGDWJKEEGP-OYDLWJJNSA-N,COc1cccc2[nH]c(C(=O)N[C@@H](CC(C)C)C(=O)N[C@@H](C[C@@H]3CCCNC3=O)C(=O)COC(=O)c3c(C)nn(C)c3C)cc12,O=C(CNC(=O)c1cc2ccccc2[nH]1)NC(CC1CCCNC1=O)C(=O)COC(=O)c1cn[nH]c1,7.145693958198919,sars2_3cl,coronaviral,IC50,622.7230000000001,0.21621621621621623,False,False,False,False
NAOYSRBUEYWQNL-UHFFFAOYSA-N,O=c1c2ccccc2[se]n1Cc1ccccc1,O=c1c2ccccc2[se]n1Cc1ccccc1,6.438898616350944,sars2_3cl,coronaviral,IC50,288.20799999999997,0.2,False,False,False,False
NAQVFTHUFHJOPN-QRFRQXIXSA-N,CC(C)C[C@H](NC(=O)OCC(C)(C)Oc1ccc(F)cc1)C(=O)N[C@H](C=O)C[C@@H]1CCNC1=O,O=C(CNC(=O)OCCOc1ccccc1)NCCC1CCNC1=O,6.657577319177793,sars2_3cl,coronaviral,IC50,479.5490000000002,0.18181818181818182,False,False,False,False
NAXBTMOXVUBTMT-UHFFFAOYSA-N,CC(C)Cn1c(C(=O)NCCCNC(=O)n2cc(F)c(=O)[nH]c2=O)cc2cc(F)ccc21,O=C(NCCCNC(=O)n1ccc(=O)[nH]c1=O)c1cc2ccccc2[nH]1,6.431798275933005,sars2_3cl,coronaviral,IC50,447.4420000000001,0.24358974358974358,False,False,False,False
NAZUYGCSVSLAME-UHFFFAOYSA-N,O=c1[nH]c(-c2ccc(F)cc2)nc2cc(O)c(O)c(O)c12,O=c1[nH]c(-c2ccccc2)nc2ccccc12,4.8941493256148565,sars2_3cl,coronaviral,IC50,288.23400000000004,0.19298245614035087,False,False,False,False
NBUBKDAZNOWKCZ-XEZPLFJOSA-N,CC(C)(C)C[C@H](NC(=O)c1c(Cl)cccc1Cl)C(=O)N[C@H](C#N)C[C@@H]1CCNC1=O,O=C(CNC(=O)c1ccccc1)NCCC1CCNC1=O,6.357535479757878,sars2_3cl,coronaviral,Ki,453.37000000000023,0.21686746987951808,False,False,False,False
NBXAVIZDYSIRAK-CRZNDOOOSA-N,[2H]C([2H])(OC(=O)N[C@@H](CC(C)C)C(=O)N[C@H](C=O)C[C@H]1CCNC1=O)C1CN(C(=O)OC(C)(C)C)C1,O=C(CNC(=O)OCC1CNC1)NCCC1CCNC1=O,6.481486060122112,sars2_3cl,coronaviral,IC50,484.59020355600035,0.23,False,False,False,False
NBXAVIZDYSIRAK-SQNIBIBYSA-N,CC(C)C[C@H](NC(=O)OCC1CN(C(=O)OC(C)(C)C)C1)C(=O)N[C@H](C=O)C[C@H]1CCNC1=O,O=C(CNC(=O)OCC1CNC1)NCCC1CCNC1=O,6.3872161432802645,sars2_3cl,coronaviral,IC50,482.57800000000026,0.23469387755102042,False,False,False,False
NBYZPPQBOIPEAD-UQHJYHGZSA-N,C#CC[C@H](NC(=O)/C=C/c1ccccc1)C(=O)N[C@H](C=O)C[C@@H]1CCCNC1=O,O=C(C=Cc1ccccc1)NCC(=O)NCCC1CCCNC1=O,5.484788695672198,sars2_3cl,coronaviral,IC50,395.45900000000023,0.1956521739130435,False,False,False,False
NCMFMCKMLNQQFZ-DIAVIDTQSA-N,Cc1ccc(NCC2CCN2)cc1C(=O)N[C@H](C)c1cccc2ccccc12,O=C(NCc1cccc2ccccc12)c1cccc(NCC2CCN2)c1,6.045757490560675,sars2_3cl,coronaviral,IC50,373.5000000000001,0.2631578947368421,False,False,False,False
NDDNJOIBDROFPF-AGGYBRLQSA-N,N=C(N/N=C/c1ccccc1O)c1nonc1NCNc1nonc1C(=N)N/N=C/c1ccccc1O,N=C(NN=Cc1ccccc1)c1nonc1NCNc1nonc1C(=N)NN=Cc1ccccc1,6.958607314841775,sars2_3cl,coronaviral,IC50,504.4710000000002,0.16923076923076924,False,False,False,False
NDPQMAYCKQFXJW-UHFFFAOYSA-N,O=c1[nH]c(-c2ccc(Br)cc2)nc2cc(O)c(O)c(O)c12,O=c1[nH]c(-c2ccccc2)nc2ccccc12,5.008906891951113,sars2_3cl,coronaviral,IC50,349.1400000000001,0.15942028985507245,False,False,False,False
NDVMECTXGSLZNF-UHFFFAOYSA-N,CC1COP(=O)(Oc2cc(O)c3c(=O)c(O)c(-c4cc(O)c(O)c(O)c4)oc3c2)OC1,O=c1cc(-c2ccccc2)oc2cc(OP3(=O)OCCCO3)ccc12,5.1791420105603,sars2_3cl,coronaviral,IC50,452.3080000000002,0.16455696202531644,False,False,False,False
NDWPYQPCJIYJGR-MDZDMXLPSA-N,O=C(/C=C/c1c(Cl)c(O)c(O)c(O)c1Cl)c1ccc(-c2ccc(F)cc2)cc1,O=C(C=Cc1ccccc1)c1ccc(-c2ccccc2)cc1,5.9714287473074625,sars2_3cl,coronaviral,IC50,419.2350000000001,0.2,False,False,False,False
NDZWTVDDZTUZSJ-IFSAWZKESA-N,CC1(C)[C@@H]2[C@@H](C(=O)N[C@H](C=O)C[C@@H]3CCNC3=O)N(C(=O)c3cc4cc(F)ccc4[nH]3)C[C@@H]21,O=C1NCCC1CCNC(=O)C1C2CC2CN1C(=O)c1cc2ccccc2[nH]1,7.769551078621726,sars2_3cl,coronaviral,IC50,454.5020000000001,0.22105263157894736,False,False,False,False
NELMAQCQYVSAFW-IBGZPJMESA-N,CN1C(=O)[C@H](Cc2ccccc2)NC(=O)COCCOc2ccc(F)cc2CN1C#N,O=C1COCCOc2ccccc2CNNC(=O)C(Cc2ccccc2)N1,6.645891560852599,sars2_3cl,coronaviral,IC50,426.4480000000002,0.20238095238095238,False,False,False,False
NFBHWPKBAAFNKD-RUZDIDTESA-N,Cc1ccc(OCCN(C)C)cc1C(=O)N[C@H](C)c1cc(-c2cnn(CCN3CCOCC3)c2)cc(-c2cccs2)c1,O=C(NCc1cc(-c2cnn(CCN3CCOCC3)c2)cc(-c2cccs2)c1)c1ccccc1,7.221848749616356,sars2_3cl,coronaviral,IC50,587.7900000000005,0.20202020202020202,False,False,False,False
NFBIFRGJRDPCEK-SVFBPWRDSA-N,CC1(C)[C@H](C(=O)OCOc2ccccc2)N2C(=O)[C@@H](NC(=O)COc3ccccc3)[C@H]2S1(=O)=O,O=C(COc1ccccc1)NC1C(=O)N2C(C(=O)OCOc3ccccc3)CS(=O)(=O)C12,5.180456064458131,sars2_3cl,coronaviral,IC50,488.5180000000002,0.21052631578947367,False,False,False,False
NFGYZOGYBLHAQA-UHFFFAOYSA-N,O=c1c2ccc(F)cc2sn1CCCc1ccccc1,O=c1c2ccccc2sn1CCCc1ccccc1,6.267686672528757,sars2_3cl,coronaviral,IC50,287.359,0.234375,False,False,False,False
NFIDBBKGYMAWPL-UHFFFAOYSA-N,[O-][S+](Cc1cccnc1)c1nnc(-c2ccc(Cl)cc2)o1,c1ccc(-c2nnc([SH+]Cc3cccnc3)o2)cc1,7.045757490560675,sars2_3cl,coronaviral,IC50,319.773,0.2,False,False,False,False
NFQUTFRPWQDRIQ-BJLQDIEVSA-N,CC(C)C[C@H](NC(=O)OCC(C)(C)Sc1ccccc1)C(=O)N[C@H](C=O)C[C@@H]1CCNC1=O,O=C(CNC(=O)OCCSc1ccccc1)NCCC1CCNC1=O,7.154901959985743,sars2_3cl,coronaviral,IC50,477.62700000000024,0.21875,False,False,False,False
NFQUTFRPWQDRIQ-VKULXEKBSA-N,[2H]C([2H])(OC(=O)N[C@@H](CC(C)C)C(=O)N[C@H](C=O)C[C@@H]1CCNC1=O)C(C)(C)Sc1ccccc1,O=C(CNC(=O)OCCSc1ccccc1)NCCC1CCNC1=O,6.698970004336019,sars2_3cl,coronaviral,IC50,479.6392035560002,0.21428571428571427,False,False,False,False
NFUJGDDAPVJCFE-UHFFFAOYSA-N,CCCCCCCCc1ccc(-n2[se]c3ccccc3c2=O)cc1,O=c1c2ccccc2[se]n1-c1ccccc1,5.570124247569637,sars2_3cl,coronaviral,IC50,386.39700000000016,0.22058823529411764,False,False,False,False
NFWHYSIWTLKADL-ULBBIQHKSA-N,CC(C)C[C@H](NC(=O)OCC(C)(C)Sc1cccc(F)c1)C(=O)N[C@@H](C[C@@H]1CCNC1=O)C(O)S(=O)(=O)O,O=C(CNC(=O)OCCSc1ccccc1)NCCC1CCNC1=O,6.886056647693163,sars2_3cl,coronaviral,IC50,577.6970000000003,0.19791666666666666,False,False,False,False
NFXZAFCZOMISJH-UHFFFAOYSA-N,O=c1[nH]cc(-c2cc(-c3cc(Cl)cc(OCc4ccccc4Cl)c3)c(=O)n(-c3cccnc3)c2)c(=O)[nH]1,O=c1[nH]cc(-c2cc(-c3cccc(OCc4ccccc4)c3)c(=O)n(-c3cccnc3)c2)c(=O)[nH]1,7.7447274948966935,sars2_3cl,coronaviral,IC50,533.3710000000001,0.18181818181818182,False,False,False,False
NFZDCYXPRXQTGV-KXNJDZORSA-N,CC(C)C[C@H](NC(=O)[C@H](Cc1ccc(F)cc1)NC(=O)OCc1ccccc1)C(=O)NC(C=O)CC(F)F,O=C(NCCc1ccccc1)OCc1ccccc1,6.0,sars2_3cl,coronaviral,IC50,535.5630000000003,0.25925925925925924,False,False,False,False
NGAPBLRRJSKIRT-UHFFFAOYSA-N,CCN1CCN(C(c2ccc(C(F)(F)F)cc2)c2ccc3cccnc3c2O)CC1,c1ccc(C(c2ccc3cccnc3c2)N2CCNCC2)cc1,6.823908740944319,sars2_3cl,coronaviral,IC50,415.4590000000002,0.24691358024691357,False,False,False,False
NHAJTJDPZWUYJW-UHFFFAOYSA-N,[O-][S+](Cc1ccncc1)c1nnc(-c2ccc(Cl)cc2)o1,c1ccc(-c2nnc([SH+]Cc3ccncc3)o2)cc1,6.0,sars2_3cl,coronaviral,IC50,319.773,0.15714285714285714,False,False,False,False
NHEHESJUSBQBIK-UROKBPPFSA-N,O=C(N[C@@H](Cc1ccccc1)C(=O)N[C@@H](C[C@@H]1CCNC1=O)C(O)S(=O)(=O)O)OCc1ccccc1,O=C(NC(Cc1ccccc1)C(=O)NCCC1CCNC1=O)OCc1ccccc1,7.346787486224656,sars2_3cl,coronaviral,IC50,519.5760000000002,0.20652173913043478,False,False,False,False
NHEHESJUSBQBIK-UROKBPPFSA-N,O=C(N[C@@H](Cc1ccccc1)C(=O)N[C@@H](C[C@@H]1CCNC1=O)C(O)S(=O)(=O)O)OCc1ccccc1,O=C(NC(Cc1ccccc1)C(=O)NCCC1CCNC1=O)OCc1ccccc1,7.455931955649724,sars2_3cl,coronaviral,Ki,519.5760000000002,0.20652173913043478,False,False,False,False
NHRFEXZIAQNJJL-PZIPIOTPSA-N,CC(C)(C)OC[C@H](NS(=O)(=O)C(F)(F)F)C(=O)N1[C@@H]2CC[C@@H](C2)[C@H]1C(=O)N[C@@H](C[C@@H]1CCNC1=O)C(=O)c1nc2ccccc2s1,O=C1NCCC1CC(NC(=O)C1NC2CCC1C2)C(=O)c1nc2ccccc2s1,5.562090964460502,sars2_3cl,coronaviral,IC50,687.7630000000001,0.20353982300884957,False,False,False,False
NHYPDBAMPIURIJ-HKIGIVDHSA-N,C[C@H](NC(=O)C(c1cccnc1)N(C(=O)C#CC(C)(C)C)c1ccc(-c2ccccc2)cc1)c1ccccc1,O=C(NCc1ccccc1)C(Nc1ccc(-c2ccccc2)cc1)c1cccnc1,5.600326278518962,sars2_3cl,coronaviral,IC50,515.6570000000002,0.25,False,False,False,False
NIPUPOUEGOSAAO-OWOJBTEDSA-N,Oc1cc(CNC(=S)/C=C/c2cc(O)c(O)c(Br)c2)cc(O)c1O,S=C(C=Cc1ccccc1)NCc1ccccc1,6.318758762624412,sars2_3cl,coronaviral,IC50,412.2610000000001,0.17391304347826086,False,False,False,False
NIZOKTIWSFNXCV-NFBCFJMWSA-N,N#C[C@H](C[C@@H]1CCNC1=O)NC(=O)C1CC2(CCCC2)CN1C(=O)OCc1ccccc1,O=C1NCCC1CCNC(=O)C1CC2(CCCC2)CN1C(=O)OCc1ccccc1,5.657577319177793,sars2_3cl,coronaviral,IC50,438.52800000000025,0.2087912087912088,False,False,False,False
NJBLNLYXYOSECJ-VULFUBBASA-N,CC1(C)C=Cc2c(ccc3cc(C(=O)N/N=C/c4cccc5cccnc45)oc23)O1,O=C(NN=Cc1cccc2cccnc12)c1cc2ccc3c(c2o1)C=CCO3,4.79317412396815,sars2_3cl,coronaviral,IC50,397.43400000000014,0.2111111111111111,False,False,False,False
NJHXVAHRUHQGKT-VWLOTQADSA-N,COc1ccc(NCC(=O)N[C@@H](Cc2ccccc2)C(=O)N(C)N(C#N)Cc2ccc(Cl)cc2)c(Cl)c1,O=C(CNc1ccccc1)NC(Cc1ccccc1)C(=O)NNCc1ccccc1,6.171984935776023,sars2_3cl,coronaviral,IC50,540.4510000000002,0.2159090909090909,False,False,False,False
NJKJFKJKSOABDF-IGKWTDBASA-N,COc1cccc2[nH]c(C(=O)N[C@@H](CC(C)C)C(=O)N[C@@H](C[C@@H]3CCNC3=O)C(=O)COC(=O)c3c(C(F)(F)F)cc(C)nc3C)cc12,O=C(CNC(=O)c1cc2ccccc2[nH]1)NC(CC1CCNC1=O)C(=O)COC(=O)c1cccnc1,7.769551078621726,sars2_3cl,coronaviral,IC50,673.6890000000003,0.20353982300884957,False,False,False,False
NJPUBJFSKWSUAL-LQCCLCBXSA-N,CC(C)(C)NC(=O)N[C@H](C(=O)N1C[C@H]2[C@@H]([C@H]1C(=O)N[C@@H](C[C@@H]1CCNC1=O)C(=O)C(=O)NCc1ccccc1)C2(C)C)C(C)(C)C,O=C(NCc1ccccc1)C(=O)C(CC1CCNC1=O)NC(=O)C1NCC2CC21,6.920818753952375,sars2_3cl,coronaviral,IC50,638.8100000000001,0.21,False,False,False,False
NJXPUSRCRCOWEQ-QDLLFRBVSA-N,C[C@H](NC(=O)C(c1cccnc1)N(C(=O)c1ccco1)c1ccc(-c2cccs2)cc1)c1ccccc1,O=C(NCc1ccccc1)C(c1cccnc1)N(C(=O)c1ccco1)c1ccc(-c2cccs2)cc1,6.251811972993799,sars2_3cl,coronaviral,IC50,507.6150000000002,0.225,False,False,False,False
NKTRQIVDYTWQDF-XMMPIXPASA-N,CC(C)(C)NC(=O)[C@@H](c1cnccn1)N(C(=O)c1ccco1)c1ccc(-c2ccccc2)cc1,O=C(c1ccco1)N(Cc1cnccn1)c1ccc(-c2ccccc2)cc1,6.552841968657781,sars2_3cl,coronaviral,IC50,454.53000000000014,0.21333333333333335,False,False,False,False
NLGZYIOUBQCYSZ-XEZPLFJOSA-N,COc1c(F)ccc2[nH]c(C(=O)N[C@@H](CC(C)C)C(=O)N[C@H](C#N)C[C@@H]3CCNC3=O)c(F)c12,O=C(CNC(=O)c1cc2ccccc2[nH]1)NCCC1CCNC1=O,6.681936665037238,sars2_3cl,coronaviral,Ki,475.49600000000027,0.18,False,False,False,False
NLQLHNHRQGQHQD-IRXDYDNUSA-N,CC(=O)NCC(=O)N[C@@H](Cc1ccccc1)C(=O)N[C@H](C=O)Cc1c[nH]cn1,O=C(CCc1ccccc1)NCCc1c[nH]cn1,5.600326278518962,sars2_3cl,coronaviral,IC50,385.4240000000001,0.25882352941176473,False,False,False,False
NLQLHNHRQGQHQD-IRXDYDNUSA-N,CC(=O)NCC(=O)N[C@@H](Cc1ccccc1)C(=O)N[C@H](C=O)Cc1c[nH]cn1,O=C(CCc1ccccc1)NCCc1c[nH]cn1,6.0467247404492745,sars2_3cl,coronaviral,Kd,385.4240000000001,0.25882352941176473,False,False,False,False
NLVRHQFXQFSBQK-GXBCDIMNSA-N,CC(C)(C)OC(=O)Nc1cccn(C(CC2CC2)C(=O)N[C@@H](C[C@@H]2CCNC2=O)C(=O)C(=O)NCc2ccccc2)c1=O,O=C(NCc1ccccc1)C(=O)C(CC1CCNC1=O)NC(=O)C(CC1CC1)n1ccccc1=O,6.2970708003411815,sars2_3cl,coronaviral,IC50,593.6810000000004,0.24752475247524752,False,False,False,False
NLVRHQFXQFSBQK-QPTUXGOLSA-N,CC(C)(C)OC(=O)Nc1cccn([C@H](CC2CC2)C(=O)N[C@H](C[C@@H]2CCNC2=O)C(=O)C(=O)NCc2ccccc2)c1=O,O=C(NCc1ccccc1)C(=O)C(CC1CCNC1=O)NC(=O)C(CC1CC1)n1ccccc1=O,6.1739640928256145,sars2_3cl,coronaviral,IC50,593.6810000000004,0.24752475247524752,False,False,False,False
NLVRHQFXQFSBQK-XWGVYQGASA-N,CC(C)(C)OC(=O)Nc1cccn([C@@H](CC2CC2)C(=O)N[C@@H](C[C@@H]2CCNC2=O)C(=O)C(=O)NCc2ccccc2)c1=O,O=C(NCc1ccccc1)C(=O)C(CC1CCNC1=O)NC(=O)C(CC1CC1)n1ccccc1=O,6.173925197299173,sars2_3cl,coronaviral,IC50,593.6810000000004,0.24752475247524752,False,False,False,False
NLZYHNMMELNHKU-UHFFFAOYSA-N,OCC1Cc2c(-c3ccc(Cl)cn3)cccc2-c2c(O)ccc(-c3ccc(Br)cc3)c21,c1ccc(-c2cccc3c2CCc2c(-c4ccccn4)cccc2-3)cc1,5.153101802338773,sars2_3cl,coronaviral,IC50,492.8000000000002,0.16279069767441862,False,False,False,False
NMRKTOGTCSDEDK-UHFFFAOYSA-N,CCC(C(=O)Nc1ccccc1C)n1cccc2nc(SCc3ccc(F)cc3)nc1-2,O=C(Cn1cccc2nc(SCc3ccccc3)nc1-2)Nc1ccccc1,5.97061622231479,sars2_3cl,coronaviral,IC50,434.54000000000013,0.2602739726027397,False,False,False,False
NMRKTOGTCSDEDK-UHFFFAOYSA-N,CCC(C(=O)Nc1ccccc1C)n1cccc2nc(SCc3ccc(F)cc3)nc1-2,O=C(Cn1cccc2nc(SCc3ccccc3)nc1-2)Nc1ccccc1,5.489454989793388,sars2_3cl,coronaviral,Kd,434.54000000000013,0.2602739726027397,False,False,False,False
NMSLISZLPWSTIL-IWQFPCRVSA-N,CCC(CC)OC(=O)[C@H](C)N[P@@](=O)(CC[C@H]1O[C@@](C#N)(c2ccc3c(N)ncnn23)[C@H](O)[C@@H]1O)Oc1ccccc1,O=[PH](CCC1CCC(c2ccc3cncnn23)O1)Oc1ccccc1,4.942714355581785,sars2_3cl,coronaviral,IC50,586.5860000000002,0.1782178217821782,False,False,False,False
NMYPUIWPZPTQLW-KKUMJFAQSA-N,CC1(C)CC(O)(C(=O)N2CC3(CC3)C[C@H]2C(=O)N[C@@H](C[C@@H]2CCNC2=O)C(=O)COC(F)(F)F)C1,O=C1NCCC1CCNC(=O)C1CC2(CC2)CN1C(=O)C1CCC1,7.437707135543525,sars2_3cl,coronaviral,IC50,503.51800000000026,0.1702127659574468,False,False,False,False
NNBKJFDJYNBTBP-UHFFFAOYSA-N,O=c1c2ccccc2[se]n1-c1cccc(Cl)c1,O=c1c2ccccc2[se]n1-c1ccccc1,6.167245339087412,sars2_3cl,coronaviral,IC50,308.626,0.19607843137254902,False,False,False,False
NNQHRWPKJSNGPN-ALCCZGGFSA-N,NC(=O)CN1C(=O)C(O)(CC(=O)/C=C\c2ccc3c(c2)OCO3)c2ccccc21,O=C(C=Cc1ccc2c(c1)OCO2)CC1C(=O)Nc2ccccc21,4.442853857681637,sars2_3cl,coronaviral,IC50,394.38300000000015,0.20987654320987653,False,False,False,False
NOCVUEORRDQZJB-PMYIEUMKSA-N,CN(C(=O)[C@@H](NC(=O)C(F)(F)F)C1CC1)[C@@H](Cc1ccc(F)cc1)C(=O)N1C[C@]2(C[C@H]1C#N)C(=O)Nc1ccccc12,O=C(CC1CC1)NC(Cc1ccccc1)C(=O)N1CCC2(C1)C(=O)Nc1ccccc12,7.6777807052660805,sars2_3cl,coronaviral,IC50,585.5580000000002,0.24489795918367346,False,False,False,False
NONZSDPDKFMLSC-RXFWQSSRSA-N,C[C@H](NC(=O)[C@@H](c1cccnc1)N(C(=O)CCl)c1ccc(-n2cccc2)cc1)c1ccccc1,O=C(NCc1ccccc1)C(Nc1ccc(-n2cccc2)cc1)c1cccnc1,7.301029995663981,sars2_3cl,coronaviral,IC50,472.9760000000001,0.2465753424657534,False,False,False,False
NPPJLSILDPVHCM-UHFFFAOYSA-N,CCOC(=O)Cc1ccc(-c2ccccc2)cc1,c1ccc(-c2ccccc2)cc1,6.698970004336019,sars2_3cl,coronaviral,IC50,240.30200000000002,0.25806451612903225,False,False,False,False
NPXURFUHUJZXJT-UHFFFAOYSA-N,CC(C)(C)c1cccc(-c2nc3cc(O)c(O)c(O)c3c(=O)[nH]2)c1,O=c1[nH]c(-c2ccccc2)nc2ccccc12,5.074533199308462,sars2_3cl,coronaviral,IC50,326.35200000000003,0.16216216216216217,False,False,False,False
NQDIZVUBEKEURQ-JWQCQUIFSA-N,O=C1C[C@H]2CCCN2C(=O)c2cncc(c2)CCCCCCCOC(=O)[C@@H](Cc2ccc(Cl)cc2)N1,O=C1CC2CCCN2C(=O)c2cncc(c2)CCCCCCCOC(=O)C(Cc2ccccc2)N1,7.769551078621726,sars2_3cl,coronaviral,IC50,512.0500000000004,0.25287356321839083,False,False,False,False
NQQBNZBOOHHVQP-UHFFFAOYSA-N,Nc1nnc(Sc2ncc([N+](=O)[O-])s2)s1,c1csc(Sc2nncs2)n1,7.522878745280337,sars2_3cl,coronaviral,IC50,261.313,0.11267605633802817,False,False,False,False
NQTGDCQJUDURCQ-UHFFFAOYSA-N,O=S(=O)(CC1CC1)c1nnc(-c2ccc(Cl)cc2)o1,O=S(=O)(CC1CC1)c1nnc(-c2ccccc2)o1,6.795880017344075,sars2_3cl,coronaviral,IC50,298.75100000000003,0.19718309859154928,False,False,False,False
NQXKERHGLSPYPQ-UHFFFAOYSA-N,O=C(CSc1nc2cc(Cl)c(Cl)cc2n1Cc1ccccc1)N1CCOC1=O,O=C(CSc1nc2ccccc2n1Cc1ccccc1)N1CCOC1=O,4.530177984021837,sars2_3cl,coronaviral,IC50,436.3200000000002,0.22340425531914893,False,False,False,False
NRBCGKVOCKXJBE-UHFFFAOYSA-N,CC(C)COc1cc(Cl)cc(-c2cc(-c3c[nH]c(=O)[nH]c3=O)cn(-c3cccnc3)c2=O)c1,O=c1[nH]cc(-c2cc(-c3ccccc3)c(=O)n(-c3cccnc3)c2)c(=O)[nH]1,6.721246399047171,sars2_3cl,coronaviral,IC50,464.90900000000016,0.1782178217821782,False,False,False,False
NRBUTRYHFBMHKN-BZBFZXGJSA-N,CC1(C)COC(=O)[C@@H]2C[C@@H](C[C@@H](C#N)NC(=O)[C@@H]3[C@@H]4[C@H](CN3C(=O)[C@H]1NC(=O)OCc1ccccc1)C4(C)C)C(=O)N2,O=C(NC1CCOC(=O)C2CC(CCNC(=O)C3C4CC4CN3C1=O)C(=O)N2)OCc1ccccc1,8.193820026016112,sars2_3cl,coronaviral,IC50,579.6540000000002,0.18811881188118812,False,False,False,False
NRGPZDKZNYWRRP-ULBBIQHKSA-N,CC(C)C[C@H](NC(=O)OCC(C)(C)Sc1nc2ccccc2[nH]1)C(=O)N[C@@H](C[C@@H]1CCNC1=O)C(O)S(=O)(=O)O,O=C(CNC(=O)OCCSc1nc2ccccc2[nH]1)NCCC1CCNC1=O,6.508638306165727,sars2_3cl,coronaviral,IC50,599.7320000000003,0.1926605504587156,False,False,False,False
NRHVNPYOTNGECT-UHFFFAOYSA-N,NCCc1cccc(Cl)c1,c1ccccc1,7.2839966563652006,sars2_3cl,coronaviral,IC50,155.628,0.18867924528301888,False,True,False,True
NRIBKZUDHNVRGR-UHFFFAOYSA-N,Cn1cnc(Cn2c(=O)cc(Nc3cc4cn(C)nc4cc3C(F)(F)F)n(Cc3cc(Cl)c(Cl)cc3F)c2=O)n1,O=c1cc(Nc2ccc3n[nH]cc3c2)n(Cc2ccccc2)c(=O)n1Cc1nc[nH]n1,7.853871964321762,sars2_3cl,coronaviral,IC50,597.3600000000001,0.1827956989247312,False,False,False,False
NRKSOJADQTTYFF-AWWXRRJMSA-N,CC(C)C[C@H](NC(=O)OC[C@@H]1C[C@H]1C1CCCCC1)C(=O)N[C@@H](C[C@H]1CCNC1=O)[C@H](O)S(=O)(=O)O,O=C(CNC(=O)OCC1CC1C1CCCCC1)NCCC1CCNC1=O,6.661196523639753,sars2_3cl,coronaviral,IC50,531.6720000000003,0.17,False,False,False,False
NROLNSNNABEALX-QRFRQXIXSA-N,CC(C)C[C@H](NC(=O)OCC(C)(C)Sc1ccc(F)cc1)C(=O)N[C@H](C=O)C[C@@H]1CCNC1=O,O=C(CNC(=O)OCCSc1ccccc1)NCCC1CCNC1=O,6.769551078621726,sars2_3cl,coronaviral,IC50,495.61700000000025,0.19,False,False,False,False
NSBVRPPSNBXMIA-XSAZPJIKSA-N,CCC[C@H](NC(=O)/C=C/c1ccccc1)C(=O)N[C@@H](CC(C)C)C(=O)N[C@H](C=O)C[C@@H]1CCCNC1=O,O=C(C=Cc1ccccc1)NCC(=O)NCC(=O)NCCC1CCCNC1=O,6.265200170411153,sars2_3cl,coronaviral,IC50,512.6510000000003,0.1958762886597938,False,False,False,False
NSJGMNBORHEDJB-IWTZUJOESA-N,CC(C)C[C@H](NC(=O)OCC1CCN(C[C@H]2C[C@H]3CC[C@@H]2C3)C1=O)C(=O)N[C@@H](C[C@@H]1CCNC1=O)C(O)S(=O)(=O)O,O=C(CNC(=O)OCC1CCN(CC2CC3CCC2C3)C1=O)NCCC1CCNC1=O,6.292429823902063,sars2_3cl,coronaviral,IC50,600.7350000000005,0.16363636363636364,False,False,False,False
NSMKRGLMOMZSEI-MHZLTWQESA-N,CN1C(=O)[C@H](Cc2ccccc2)N(C(=O)COc2ccc(Cl)cc2Cl)CCCCCOc2ccc(F)cc2CN1C#N,O=C1NNCc2ccccc2OCCCCCN(C(=O)COc2ccccc2)C1Cc1ccccc1,7.318758762624412,sars2_3cl,coronaviral,IC50,613.5170000000002,0.24242424242424243,False,False,False,False
NSOFCDRCUOJXMX-BQYQJAHWSA-N,O=C(/C=C/c1ccco1)NCc1nc(-c2ccc(C(F)(F)F)cc2)no1,O=C(C=Cc1ccco1)NCc1nc(-c2ccccc2)no1,4.218101080648851,sars2_3cl,coronaviral,IC50,363.295,0.19718309859154928,False,False,False,False
NSUKAWKDBSYLPB-ZQIUZPCESA-N,CC(C)C[C@H](NC(=O)c1cc2c(O)cccc2[nH]1)C(=O)N[C@H](C#N)C[C@@H]1CCNC1=O,O=C(CNC(=O)c1cc2ccccc2[nH]1)NCCC1CCNC1=O,7.167491087293763,sars2_3cl,coronaviral,Ki,425.48900000000026,0.1935483870967742,False,False,False,False
NTBJEYRNAVAMQK-OWOJBTEDSA-N,O=C(O)/C=C/c1c(Cl)c(O)c(O)c(O)c1Cl,c1ccccc1,6.075875846814175,sars2_3cl,coronaviral,IC50,265.048,0.1276595744680851,False,True,False,True
NTECXIPKVMFWEV-UHFFFAOYSA-N,O=c1[nH]cccc1-c1cn(-c2cc(Cl)cc(OCC3CC3)c2)c(=O)n(-c2cccnc2)c1=O,O=c1[nH]cccc1-c1cn(-c2cccc(OCC3CC3)c2)c(=O)n(-c2cccnc2)c1=O,7.0,sars2_3cl,coronaviral,IC50,462.89300000000026,0.18681318681318682,False,False,False,False
NTHKLPFLJQEVGW-RPWUZVMVSA-N,COc1ccc2[nH]c(=O)cc(C(=O)N[C@H]3CCCC[C@H]3Nc3c(C(=O)N4CCN(C)CC4)cc(Br)cc3[N+](=O)[O-])c2c1,O=C(NC1CCCCC1Nc1ccccc1C(=O)N1CCNCC1)c1cc(=O)[nH]c2ccccc12,7.7447274948966935,sars2_3cl,coronaviral,IC50,641.5230000000003,0.23157894736842105,False,False,False,False
NTNYHMJYSGPGCQ-UHFFFAOYSA-N,NC(=O)c1ccc2c(c1)C(=O)C(=O)N2Cc1ccc2ccccc2c1,O=C1C(=O)N(Cc2ccc3ccccc3c2)c2ccccc21,6.934833115752497,sars2_3cl,coronaviral,IC50,330.34299999999996,0.2647058823529412,False,False,False,False
NTRWJJQXRPKCSR-LMNJBCLMSA-N,O=C[C@H](C[C@@H]1CNCC1=O)NC(=O)[C@H](Cc1cccc(F)c1)NC(=O)c1cc2ccccc2[nH]1,O=C(NC(Cc1ccccc1)C(=O)NCCC1CNCC1=O)c1cc2ccccc2[nH]1,7.6020599913279625,sars2_3cl,coronaviral,IC50,464.4970000000001,0.2441860465116279,False,False,False,False
NUJUFUAPUGHGAK-HYVJGQCMSA-N,COc1cccc2[nH]c(C(=O)N[C@@H](CC(C)(C)C)C(=O)N[C@@H](C[C@@H]3CCNC3=O)C(=O)c3nc4ccccc4s3)cc12,O=C(CNC(=O)c1cc2ccccc2[nH]1)NC(CC1CCNC1=O)C(=O)c1nc2ccccc2s1,7.4089353929735005,sars2_3cl,coronaviral,IC50,589.7180000000003,0.21296296296296297,False,False,False,False
NUJUFUAPUGHGAK-HYVJGQCMSA-N,COc1cccc2[nH]c(C(=O)N[C@@H](CC(C)(C)C)C(=O)N[C@@H](C[C@@H]3CCNC3=O)C(=O)c3nc4ccccc4s3)cc12,O=C(CNC(=O)c1cc2ccccc2[nH]1)NC(CC1CCNC1=O)C(=O)c1nc2ccccc2s1,7.769551078621726,sars2_3cl,coronaviral,Ki,589.7180000000003,0.21296296296296297,False,False,False,False
NVAUHAXNIJXLTH-UHFFFAOYSA-N,CSc1nc2ccccc2n1C(=O)c1ccc(C(F)(F)F)cc1,O=C(c1ccccc1)n1cnc2ccccc21,5.567715935553741,sars2_3cl,coronaviral,IC50,336.33799999999997,0.24285714285714285,False,False,False,False
NVIUJUFFEDBAHI-UHFFFAOYSA-N,N#CSCC(=O)N1c2ccccc2Sc2ccc(C(F)(F)F)cc21,c1ccc2c(c1)Nc1ccccc1S2,5.337147766735203,sars2_3cl,coronaviral,IC50,366.38900000000007,0.26744186046511625,False,False,False,False
NVUUEPNPBINECW-UHFFFAOYSA-N,O=C(Oc1cncc(Cl)c1)c1ccc(Cl)cc1Cl,O=C(Oc1cccnc1)c1ccccc1,6.96657624451305,sars2_3cl,coronaviral,IC50,302.544,0.2222222222222222,False,False,False,False
NWFBSKMPTYKHMN-FTFYICBJSA-N,CO[C@@H]1C[C@H](O[C@H]2C[C@](C)(CO)[C@@H]3CC[C@@]4(C)[C@@H]5CC[C@@H]6[C@H](CC(=O)[C@]7(C)C8=COC(N[C@H](C)C(C)C)=N[C@]8(C)[C@@H](O)[C@@H]8O[C@@]687)[C@@]5(C)CC[C@@H]4[C@@]3(C)[C@@H]2O)O[C@H](C)[C@H]1O,O=C1CC2C3CCC4C5CC(OC6CCCCO6)CCC5CCC4C3CCC2C23OC2CC2N=COC=C2C13,7.130768280269024,sars2_3cl,coronaviral,IC50,827.1130000000002,0.13178294573643412,False,False,False,False
NWPFRNAKGQTGOK-UHFFFAOYSA-N,O=C(NCC(c1ccccc1)c1ccccc1)C(c1cccnc1)N(C(=O)c1ccco1)c1ccc(-c2ccccc2)cc1,O=C(NCC(c1ccccc1)c1ccccc1)C(c1cccnc1)N(C(=O)c1ccco1)c1ccc(-c2ccccc2)cc1,5.8297382846050425,sars2_3cl,coronaviral,IC50,577.6840000000003,0.2328767123287671,False,False,False,False
NWRAZBYUTWQNGW-UHFFFAOYSA-N,O=S(=O)(c1nnc(-c2ccc(Cl)cc2)o1)C1CCOC1,O=S(=O)(c1nnc(-c2ccccc2)o1)C1CCOC1,6.7447274948966935,sars2_3cl,coronaviral,IC50,314.75000000000017,0.21212121212121213,False,False,False,False
NWYTUUHCYNIMFD-UHFFFAOYSA-N,CC(=O)OCC1Cc2c(ccc(C)c2-c2ccccn2)-c2c(O)ccc(C)c21,c1ccc(-c2cccc3c2CCc2ccccc2-3)nc1,4.269137007953506,sars2_3cl,coronaviral,IC50,373.45200000000017,0.2441860465116279,False,False,False,False
NXGBAEZSUURIHI-RNDDGGPQSA-N,CN(C)c1ccc(CCC(=O)N2C[C@@H]3CCC[C@@H]3[C@H]2C(=O)N[C@H](C=O)C[C@@H]2CCNC2=O)cc1,O=C1NCCC1CCNC(=O)C1C2CCCC2CN1C(=O)CCc1ccccc1,6.4222784754909785,sars2_3cl,coronaviral,IC50,468.5980000000002,0.20833333333333334,False,False,False,False
NXSZKMYXOIMTIQ-UHFFFAOYSA-N,CC[S+]([O-])c1nnc(-c2ccc(Cl)cc2)o1,c1ccc(-c2nnco2)cc1,5.688246138944246,sars2_3cl,coronaviral,IC50,256.71400000000006,0.14285714285714285,False,False,False,False
NYANAXWPSYADRZ-UHFFFAOYSA-N,CC1=C(c2ccccc2)C1C(=O)NC(CC1CC1)c1nc(-c2ccc(C(F)(F)F)cc2)no1,O=C(NC(CC1CC1)c1nc(-c2ccccc2)no1)C1C=C1c1ccccc1,4.114695332411032,sars2_3cl,coronaviral,IC50,453.46400000000006,0.21505376344086022,False,False,False,False
NYEJLAPAHGAIEO-OPEKNORGSA-N,Nc1nonc1-c1nc2ccccc2n1CC(=O)N/N=C/c1ccc(-c2cccc(C(=O)O)c2)o1,O=C(Cn1c(-c2cnon2)nc2ccccc21)NN=Cc1ccc(-c2ccccc2)o1,4.672028376376989,sars2_3cl,coronaviral,IC50,471.43300000000016,0.23655913978494625,False,False,False,False
NYEJLAPAHGAIEO-OPEKNORGSA-N,Nc1nonc1-c1nc2ccccc2n1CC(=O)N/N=C/c1ccc(-c2cccc(C(=O)O)c2)o1,O=C(Cn1c(-c2cnon2)nc2ccccc21)NN=Cc1ccc(-c2ccccc2)o1,4.557520230935552,sars2_3cl,coronaviral,Kd,471.43300000000016,0.23655913978494625,False,False,False,False
NYLNRIAOEOAOOS-FMHVXOCQSA-N,CC(C)C[C@H](NC(=O)[C@H](Cc1ccc(F)cc1)NC(=O)OCc1ccccc1)C(=O)N[C@H](/C=C1\CCOC1=O)C[C@@H]1CCNC1=O,O=C(CNC(=O)C(Cc1ccccc1)NC(=O)OCc1ccccc1)NC(C=C1CCOC1=O)CC1CCNC1=O,8.79997073344623,sars2_3cl,coronaviral,IC50,636.7210000000001,0.23,False,False,False,False
NYSIIFSLAYZHCY-UHFFFAOYSA-N,O=C(Nc1ccc2c(c1)B(O)OC2)c1cccc(NCc2ccccc2)c1,O=C(Nc1ccc2c(c1)BOC2)c1cccc(NCc2ccccc2)c1,4.244887733604929,sars2_3cl,coronaviral,IC50,358.2060000000001,0.23880597014925373,False,False,False,False
NZEPNXZTEBTIET-UHFFFAOYSA-N,Cc1nnc(SC(=O)c2ccc(-c3ccccc3)[nH]2)s1,O=C(Sc1nncs1)c1ccc(-c2ccccc2)[nH]1,6.628932137728263,sars2_3cl,coronaviral,IC50,301.396,0.18666666666666668,False,False,False,False
NZEPNXZTEBTIET-UHFFFAOYSA-N,Cc1nnc(SC(=O)c2ccc(-c3ccccc3)[nH]2)s1,O=C(Sc1nncs1)c1ccc(-c2ccccc2)[nH]1,6.2182446253475305,sars2_3cl,coronaviral,Ki,301.396,0.18666666666666668,False,False,False,False
NZGDKXMQLBDRAE-CMOCDZPBSA-N,CC(C)[C@H](NC(=O)OCc1ccccc1)C(=O)N[C@@H](CC1CC1)C(=O)N[C@H](C=O)C[C@@H]1CCNC1=O,O=C(CNC(=O)OCc1ccccc1)NC(CC1CC1)C(=O)NCCC1CCNC1=O,8.318758762624412,sars2_3cl,coronaviral,IC50,500.59600000000034,0.22340425531914893,False,False,False,False
NZUYRXBUOVDYRZ-WUKNDPDISA-N,CN1C(=O)/C(=C2/C(=O)N(CCN)c3ccccc32)c2cc(Br)ccc21,O=C1Nc2ccccc2C1=C1C(=O)Nc2ccccc21,5.822485071821477,sars2_3cl,coronaviral,IC50,398.26000000000005,0.20270270270270271,False,False,False,False
NZUYRXBUOVDYRZ-WUKNDPDISA-N,CN1C(=O)/C(=C2/C(=O)N(CCN)c3ccccc32)c2cc(Br)ccc21,O=C1Nc2ccccc2C1=C1C(=O)Nc2ccccc21,5.896196279044043,sars2_3cl,coronaviral,Kd,398.26000000000005,0.20270270270270271,False,False,False,False
OAZDFUQGUJOVLR-HNNXBMFYSA-N,CC(C)C[C@H](NC(=O)OCc1ccccc1)C(=O)NN(CCC(N)=O)C(=O)CBr,c1ccccc1,6.267606240177031,sars2_3cl,coronaviral,IC50,471.3520000000002,0.2898550724637681,False,True,False,True
OBCPHEXAYKLYSQ-LFBFJMOVSA-N,CC(C)C[C@H](NC(=O)OCc1ccccc1)C(=O)N[C@@H](CC(C)C)C(=O)N[C@@H](C[C@@H]1CCNC1=O)C(=O)C(=O)NC1CC1,O=C(CNC(=O)OCc1ccccc1)NCC(=O)NC(CC1CCNC1=O)C(=O)C(=O)NC1CC1,7.886056647693163,sars2_3cl,coronaviral,Ki,599.7290000000002,0.2127659574468085,False,False,False,False
OBGONSDSVAEVEW-QBWBYSJJSA-N,CC(C)C[C@H](NC(=O)[C@H](Cc1ccc(F)cc1)NC(=O)OCc1ccccc1)C(=O)NC(C=O)C[C@@H]1CCNC1=O,O=C(CNC(=O)C(Cc1ccccc1)NC(=O)OCc1ccccc1)NCCC1CCNC1=O,9.400007822415901,sars2_3cl,coronaviral,IC50,568.6460000000002,0.25274725274725274,False,False,False,False
OBMJQRLIQQTJLR-USGQOSEYSA-N,COc1cccc2c1C(=O)c1c(O)c3c(c(O)c1C2=O)C[C@@](O)(/C(CO)=N/NC(=O)CCCCCN1C(=O)C=CC1=O)C[C@@H]3O[C@H]1C[C@H](N)[C@H](O)[C@H](C)O1,O=C(CCCCCN1C(=O)C=CC1=O)NN=CC1Cc2cc3c(cc2C(OC2CCCCO2)C1)C(=O)c1ccccc1C3=O,6.236572006437063,sars2_3cl,coronaviral,IC50,750.7580000000003,0.20869565217391303,False,False,False,False
OCAUOKFPSQKCAA-UHFFFAOYSA-N,O=C(Cn1sc2ccccc2c1=O)Nc1ccccc1,O=C(Cn1sc2ccccc2c1=O)Nc1ccccc1,6.781989957015637,sars2_3cl,coronaviral,IC50,284.34,0.23076923076923078,False,False,False,False
OCBIGHDEZLLIIQ-RUBXLXHKSA-N,C[C@H](NC(=O)C(c1cccnc1)N(C(=O)C#CC1CC1)c1ccc(-c2ccccc2)cc1)c1ccccc1,O=C(NCc1ccccc1)C(c1cccnc1)N(C(=O)C#CC1CC1)c1ccc(-c2ccccc2)cc1,6.070581074285707,sars2_3cl,coronaviral,IC50,499.61400000000015,0.2716049382716049,False,False,False,False
OCGGOMLHNJFPKT-PNGOHQCFSA-N,CC(C)C[C@H](NC(=O)OC1CC2(CCN(C(=O)OC(C)(C)C)C2)C1)C(=O)N[C@@H](C[C@H]1CCNC1=O)C(=O)C(O)S(=O)(=O)O,O=C(CNC(=O)OC1CC2(CCNC2)C1)NCCC1CCNC1=O,6.1249387366083,sars2_3cl,coronaviral,IC50,632.7330000000005,0.1981981981981982,False,False,False,False
ODMXJEXAQZKNMV-UHFFFAOYSA-N,O=C(O)Cn1[se]c2ccccc2c1=O,O=c1[nH][se]c2ccccc12,6.3872161432802645,sars2_3cl,coronaviral,IC50,256.119,0.23404255319148937,False,False,False,False
ODOMFOVSYOGFPZ-UHFFFAOYSA-N,O=C(Oc1cncc(Br)c1)c1ccc(Cl)cc1F,O=C(Oc1cccnc1)c1ccccc1,7.448550002027125,sars2_3cl,coronaviral,IC50,330.53999999999996,0.20588235294117646,False,False,False,False
ODQMJVFFEFJACI-RPWUZVMVSA-N,CN1CCN(C(=O)c2cc(C3CC3)cc([N+](=O)[O-])c2N[C@@H]2CCC[C@@H]2NC(=O)c2cc(=O)[nH]c3c(F)cccc23)CC1,O=C(NC1CCCC1Nc1ccc(C2CC2)cc1C(=O)N1CCNCC1)c1cc(=O)[nH]c2ccccc12,7.54515513999149,sars2_3cl,coronaviral,IC50,576.6290000000001,0.21978021978021978,False,False,False,False
OEAXIWDPPOSPAP-UHFFFAOYSA-N,O=C(C1CN(c2ccc(Cl)c(Cl)c2)CCN1C(=O)c1cc(=O)[nH]c2ccccc12)N1CCC2(CC1)COC2,O=C(C1CN(c2ccccc2)CCN1C(=O)c1cc(=O)[nH]c2ccccc12)N1CCC2(CC1)COC2,5.653647025549361,sars2_3cl,coronaviral,IC50,555.4620000000002,0.2159090909090909,False,False,False,False
OEBVSVQILHVAJO-UHFFFAOYSA-N,CC(C)Cn1c(C(=O)NCCCNC(=O)n2cc(F)c(=O)[nH]c2=O)cc2cc(OC(F)(F)F)ccc21,O=C(NCCCNC(=O)n1ccc(=O)[nH]c1=O)c1cc2ccccc2[nH]1,5.6020599913279625,sars2_3cl,coronaviral,IC50,513.4480000000001,0.18478260869565216,False,False,False,False
OEYMPTGVGRACKD-JKSUJKDBSA-N,COc1cc(O)c2c(c1)O[C@H](c1cc(O)c(O)c(O)c1)[C@@H](O)C2=O,O=C1CC(c2ccccc2)Oc2ccccc21,6.585026652029182,sars2_3cl,coronaviral,IC50,334.28000000000003,0.2028985507246377,False,False,False,False
OFCKNNJCHDWLSZ-AATRIKPKSA-N,O=C(/C=C/c1c(Cl)c(O)c(O)c(O)c1Cl)c1ccc(O)cc1,O=C(C=Cc1ccccc1)c1ccccc1,6.717831221695358,sars2_3cl,coronaviral,IC50,341.1460000000001,0.15555555555555556,False,False,False,False
OFRZKNOAEKYJPI-IHPCNDPISA-N,CC(C)C[C@H](NC(=O)OCc1ccccc1)C(=O)N[C@@H](C[C@@H]1CCNC1=O)C(=O)C(=O)NC1CC1,O=C(CNC(=O)OCc1ccccc1)NC(CC1CCNC1=O)C(=O)C(=O)NC1CC1,7.346787486224656,sars2_3cl,coronaviral,IC50,486.5690000000003,0.2127659574468085,False,False,False,False
OFRZKNOAEKYJPI-IHPCNDPISA-N,CC(C)C[C@H](NC(=O)OCc1ccccc1)C(=O)N[C@@H](C[C@@H]1CCNC1=O)C(=O)C(=O)NC1CC1,O=C(CNC(=O)OCc1ccccc1)NC(CC1CCNC1=O)C(=O)C(=O)NC1CC1,7.443697499232712,sars2_3cl,coronaviral,Ki,486.5690000000003,0.2127659574468085,False,False,False,False
OFVWKCJKTFQHMY-RQZCQDPDSA-N,NC(=S)N/N=C/c1cccc(-c2ccc(C(=O)O)cc2)c1,c1ccc(-c2ccccc2)cc1,5.26440110030182,sars2_3cl,coronaviral,IC50,299.355,0.23728813559322035,False,False,False,False
OFXINNARSYXJCL-YNTUMEFWSA-N,CC(C)C[C@H](NC(=O)OC1CC2(CCN(S(C)(=O)=O)CC2)C1)C(=O)N[C@@H](C[C@H]1CCNC1=O)C(=O)C(O)S(=O)(=O)O,O=C(CNC(=O)OC1CC2(CCNCC2)C1)NCCC1CCNC1=O,6.619788758288394,sars2_3cl,coronaviral,IC50,624.7350000000006,0.16326530612244897,False,False,False,False
OGFCVUYGVJPLEW-WAHAHPIVSA-N,CC(C)(C)[C@H](NC(=O)C(F)(F)F)C(=O)N1[C@@H]2CC[C@@H](C2)[C@H]1C(=O)N[C@@H](C[C@@H]1CCNC1=O)C(=O)c1nc2ccccc2s1,O=C1NCCC1CC(NC(=O)C1NC2CCC1C2)C(=O)c1nc2ccccc2s1,6.958607314841775,sars2_3cl,coronaviral,IC50,621.6820000000002,0.2018348623853211,False,False,False,False
OGTTXCRRUUYOJL-UHFFFAOYSA-N,O=c1[nH]c(Cc2ccccc2)nc2cc(O)c(O)c(O)c12,O=c1[nH]c(Cc2ccccc2)nc2ccccc12,6.485452247339714,sars2_3cl,coronaviral,IC50,284.271,0.18461538461538463,False,False,False,False
OHNIUQLVFPPUIE-UHFFFAOYSA-O,Cc1ccccc1NC(=O)C1c2cccc[n+]2CC(=O)N1C,O=C1C[n+]2ccccc2C(C(=O)Nc2ccccc2)N1,5.3979400086720375,sars2_3cl,coronaviral,IC50,296.35,0.3387096774193548,False,False,False,False
OHNZSROUOCNVBP-ZYSHUDEJSA-N,C[C@H](NC(=O)[C@H](Cc1ccccc1)NC(=O)OCc1ccccc1)C(=O)[C@H]1CO1,O=C(NC(Cc1ccccc1)C(=O)NCC(=O)C1CO1)OCc1ccccc1,5.657577319177793,sars2_3cl,coronaviral,Ki,396.44300000000015,0.2375,False,False,False,False
OHSSVNCTCVXWFD-OAQYLSRUSA-N,Cc1ccc(OCCN(C)C)cc1C(=O)N[C@H](C)c1cc(-c2cnn(C)c2)cc(-c2cnn(CCO)c2)c1,O=C(NCc1cc(-c2cn[nH]c2)cc(-c2cn[nH]c2)c1)c1ccccc1,7.045757490560675,sars2_3cl,coronaviral,IC50,516.6460000000003,0.20689655172413793,False,False,False,False
OHTCHAVBKCVHQH-UHFFFAOYSA-N,Cc1nnc(SC(=O)c2cc3ccccc3n2C)s1,O=C(Sc1nncs1)c1cc2ccccc2[nH]1,6.45717457304082,sars2_3cl,coronaviral,IC50,289.385,0.25,False,False,False,False
OHTCHAVBKCVHQH-UHFFFAOYSA-N,Cc1nnc(SC(=O)c2cc3ccccc3n2C)s1,O=C(Sc1nncs1)c1cc2ccccc2[nH]1,6.530177984021837,sars2_3cl,coronaviral,Ki,289.385,0.25,False,False,False,False
OHUNOLAAHQCJSR-SANMLTNESA-N,CNC(=O)c1cc(C)cc([N+](=O)[O-])c1N1CC[C@]2(CCN(C(=O)c3cncc4cc(O)ccc34)C2)C1,O=C(c1cncc2ccccc12)N1CCC2(CCN(c3ccccc3)C2)C1,4.305394801066432,sars2_3cl,coronaviral,IC50,489.53200000000027,0.20253164556962025,False,False,False,False
OHYRADFIGICBNN-QESAQDPVSA-N,CC(C)C[C@H](NC(=O)[C@@H](NC(=O)c1ccc(F)cc1)C(C)C)C(=O)N[C@H](C=O)C[C@@H]1CCCNC1=O,O=C(CNC(=O)CNC(=O)c1ccccc1)NCCC1CCCNC1=O,6.7055337738384075,sars2_3cl,coronaviral,IC50,504.6030000000003,0.18823529411764706,False,False,False,False
OIFKWXNGHNKROP-UHFFFAOYSA-N,CC(=O)OCC1Cc2c(-c3ccc(Br)cn3)cccc2-c2c(O)ccc(-c3ccc(Br)cc3)c21,c1ccc(-c2cccc3c2CCc2c(-c4ccccn4)cccc2-3)cc1,5.171984935776023,sars2_3cl,coronaviral,IC50,579.2880000000002,0.1919191919191919,False,False,False,False
OIKGIZUFRZSXRL-UHFFFAOYSA-N,COc1ccc2c(c1)N(C(=O)CSC#N)c1ccccc1S2,c1ccc2c(c1)Nc1ccccc1S2,5.537751784645002,sars2_3cl,coronaviral,IC50,328.418,0.2535211267605634,False,False,False,False
OIMRDPJKJZRCMN-ZULIPRJHSA-N,CC(C)C[C@H](NC(=O)[C@@H](NC(=O)c1ccc[nH]1)C(C)C)C(=O)N[C@H](C=O)C[C@@H]1CCCNC1=O,O=C(CNC(=O)CNC(=O)c1ccc[nH]1)NCCC1CCCNC1=O,6.764471553092451,sars2_3cl,coronaviral,IC50,475.5900000000003,0.1827956989247312,False,False,False,False
OIVYKBGLNUZDRV-QYXZOKGRSA-N,CC1(C)[C@@H]2[C@@H](C(=O)N[C@H](C#N)C[C@@H]3CCNC3=O)N(C(=O)[C@@H](NC(=O)C(F)(F)F)c3ccc(Cl)cc3)C[C@@H]21,O=C1NCCC1CCNC(=O)C1C2CC2CN1C(=O)Cc1ccccc1,6.376750709602099,sars2_3cl,coronaviral,IC50,553.969,0.20618556701030927,False,False,False,False
OIZSUUWBNFQQIK-DEOSSOPVSA-N,CN(C(=O)[C@H](Cc1ccccc1)NC(=O)COc1ccc(F)cc1)N(C#N)Cc1ccc(Cl)cc1,O=C(COc1ccccc1)NC(Cc1ccccc1)C(=O)NNCc1ccccc1,5.913640169325252,sars2_3cl,coronaviral,IC50,494.9540000000002,0.23529411764705882,False,False,False,False
OJAWCLYVQLEZJN-AXHNFQJDSA-N,COc1cccc2[nH]c(C(=O)N[C@@H](CC(C)C)C(=O)NN(C[C@@H]3CCNC3=O)C(=O)[C@H](F)Cl)cc12,O=C(CNC(=O)c1cc2ccccc2[nH]1)NNCC1CCNC1=O,8.022276394711152,sars2_3cl,coronaviral,IC50,509.9660000000002,0.2127659574468085,False,False,False,False
OJAWCLYVQLEZJN-AZOIQLNYSA-N,COc1cccc2[nH]c(C(=O)N[C@@H](CC(C)C)C(=O)NN(C[C@H]3CCNC3=O)C(=O)[C@H](F)Cl)cc12,O=C(CNC(=O)c1cc2ccccc2[nH]1)NNCC1CCNC1=O,7.806875401645538,sars2_3cl,coronaviral,IC50,509.9660000000002,0.2127659574468085,False,False,False,False
OJHDWCIFNXAEJX-UHFFFAOYSA-N,O=C(NCC1CCCO1)C1CN(c2ccc(Cl)c(Cl)c2)CCN1C(=O)c1cc(=O)[nH]c2ccccc12,O=C(NCC1CCCO1)C1CN(c2ccccc2)CCN1C(=O)c1cc(=O)[nH]c2ccccc12,6.455931955649724,sars2_3cl,coronaviral,IC50,529.4240000000003,0.21739130434782608,False,False,False,False
OJHHBYMVWJMTGA-YAAAGTRMSA-N,CC(=O)N[C@H](C(=O)N[C@H](C(=O)N[C@@H](CC(C)C)C(=O)N[C@@H](C[C@@H]1CCNC1=O)C(=O)Cn1[nH]c(=O)c2ccccc2c1=O)C(C)O)C(C)C,O=C(CCC1CCNC1=O)Cn1[nH]c(=O)c2ccccc2c1=O,5.537602002101044,sars2_3cl,coronaviral,IC50,685.7790000000003,0.1919191919191919,False,False,False,False
OJUPPQZNEKHVNO-STNJGYHGSA-N,CN(C(=O)[C@@H](NC(=O)C(F)(F)F)C1CC1)[C@@H](CS(=O)(=O)Cc1ccccc1)C(=O)N1C[C@]2(C[C@H]1C#N)C(=O)Nc1ccccc12,O=C(CC1CC1)NC(CS(=O)(=O)Cc1ccccc1)C(=O)N1CCC2(C1)C(=O)Nc1ccccc12,7.026872146400302,sars2_3cl,coronaviral,IC50,645.6600000000001,0.20202020202020202,False,False,False,False
OJVKAEOWABAUIJ-UHFFFAOYSA-N,CCC(C(=O)Nc1cc(NC2CCOCC2)ccc1C)n1cccc2nc(SCc3ccc(F)cc3)nc1-2,O=C(Cn1cccc2nc(SCc3ccccc3)nc1-2)Nc1cccc(NC2CCOCC2)c1,6.221848749616356,sars2_3cl,coronaviral,IC50,533.6730000000001,0.22340425531914893,False,False,False,False
OJVYQKVDKYEIGA-HXUWFJFHSA-N,Cc1ccc(OCCN(C)C)cc1C(=O)N[C@H](C)c1cc(-c2cnn(CC(N)=O)c2)cc(-c2cccs2)c1,O=C(NCc1cc(-c2cn[nH]c2)cc(-c2cccs2)c1)c1ccccc1,7.096910013008056,sars2_3cl,coronaviral,IC50,531.6820000000002,0.20224719101123595,False,False,False,False
OKHRVKARLOVBRJ-UHFFFAOYSA-N,O=C(NC1CCCCC1)C(c1cccnc1)N(C(=O)c1ccco1)c1ccc(-c2ccccc2)cc1,O=C(NC1CCCCC1)C(c1cccnc1)N(C(=O)c1ccco1)c1ccc(-c2ccccc2)cc1,5.571865205971211,sars2_3cl,coronaviral,IC50,479.58000000000027,0.2804878048780488,False,False,False,False
OKMXPBKFPGZLQI-INIZCTEOSA-N,O=C(NCc1cccs1)[C@@H]1CN(C(=O)CBr)CCN1c1ccc(Cl)c(Cl)c1,O=C(NCc1cccs1)C1CNCCN1c1ccccc1,6.508638306165727,sars2_3cl,coronaviral,IC50,491.23800000000017,0.2857142857142857,False,False,False,False
OLNDFZAXWUWXHL-UHFFFAOYSA-N,O=c1c2c(O)c(O)c(O)cc2nc(Cc2ccccc2)n1-c1ccccc1,O=c1c2ccccc2nc(Cc2ccccc2)n1-c1ccccc1,6.882728704344236,sars2_3cl,coronaviral,IC50,360.369,0.19402985074626866,False,False,False,False
OLQXXURQRNMPAP-DIXAESKUSA-N,CC(C)c1cccc2[nH]c(C(=O)N3C[C@H]4[C@@H]([C@H]3C(=O)N[C@H](C=O)C[C@@H]3CCNC3=O)C4(C)C)cc12,O=C1NCCC1CCNC(=O)C1C2CC2CN1C(=O)c1cc2ccccc2[nH]1,7.698970004336019,sars2_3cl,coronaviral,IC50,478.59300000000025,0.2268041237113402,False,False,False,False
OLSXNEOIZNGIMA-PBHICJAKSA-N,C#C[C@H](CCC(N)=O)NC(=O)[C@H](CC(C)C)NC(=O)c1cc2c(OC)cccc2[nH]1,c1ccc2[nH]ccc2c1,4.657577319177793,sars2_3cl,coronaviral,IC50,412.4900000000002,0.2631578947368421,False,True,False,True
OLXWXSBNUXWOMG-ZDSIGDQXSA-N,CC1(C)CNC(=O)[C@@H]2C[C@@H](C[C@@H](C#N)NC(=O)[C@@H]3[C@@H]4[C@H](CN3C(=O)[C@H]1NC(=O)COc1ccc(F)cc1F)C4(C)C)C(=O)N2,O=C(COc1ccccc1)NC1CCNC(=O)C2CC(CCNC(=O)C3C4CC4CN3C1=O)C(=O)N2,7.154901959985743,sars2_3cl,coronaviral,IC50,614.6500000000002,0.21153846153846154,False,False,False,False
OMEKWEAKEKVEHF-JOCHJYFZSA-N,CC(C)(C)c1ccc(N(C(=O)c2ccco2)[C@@H](C(=O)NC2CC2)c2cccnc2)cc1,O=C(NC1CC1)C(c1cccnc1)N(C(=O)c1ccco1)c1ccccc1,5.413412695328245,sars2_3cl,coronaviral,IC50,417.5090000000001,0.2682926829268293,False,False,False,False
OMEKWEAKEKVEHF-UHFFFAOYSA-N,CC(C)(C)c1ccc(N(C(=O)c2ccco2)C(C(=O)NC2CC2)c2cccnc2)cc1,O=C(NC1CC1)C(c1cccnc1)N(C(=O)c1ccco1)c1ccccc1,5.413412695328245,sars2_3cl,coronaviral,IC50,417.5090000000001,0.2682926829268293,False,False,False,False
OMGXCPODOKRVPY-RSPOEFSDSA-N,O=C(CNC(=O)[C@@H]1C[C@@H]2[C@H](C1)C2(F)F)N[C@H](Cc1ccccc1)C(=O)C(=O)NCc1ccccn1,O=C(CNC(=O)C1CC2CC2C1)NC(Cc1ccccc1)C(=O)C(=O)NCc1ccccn1,7.747146969020107,sars2_3cl,coronaviral,IC50,484.50300000000016,0.23076923076923078,False,False,False,False
OMNMSLCDLMBPHF-UHFFFAOYSA-N,O=C(Oc1cncc(Cl)c1)c1ccc(F)cc1,O=C(Oc1cccnc1)c1ccccc1,6.924453038607469,sars2_3cl,coronaviral,IC50,251.644,0.22641509433962265,False,False,False,False
OMPNDNURBNQYML-JWQCQUIFSA-N,CNC[C@@H](Cc1ccc(Cl)cc1)N(C)C(=O)C[C@H]1Cc2ccccc2N1C(=O)c1cncc2cccnc12,O=C(CC1Cc2ccccc2N1C(=O)c1cncc2cccnc12)NCCc1ccccc1,7.795880017344075,sars2_3cl,coronaviral,IC50,528.0560000000002,0.2079207920792079,False,False,False,False
ONFKSIAIGJJXER-UHFFFAOYSA-N,O=C(c1ccc(-c2ccc(Cl)cc2)o1)C(F)c1cncc(Br)c1,O=C(Cc1cccnc1)c1ccc(-c2ccccc2)o1,4.552841968657781,sars2_3cl,coronaviral,IC50,394.627,0.2054794520547945,False,False,False,False
ONZUSIYKRBMYMF-QQCJEOGWSA-N,CC(C)[C@H](NC(=O)C(F)(F)F)C(=O)N1C[C@H]2[C@@H]([C@H]1C(=O)N[C@@H](C[C@@H]1CCNC1=O)C(=O)c1noc(C(C)(C)C)n1)C2(C)C,O=C1NCCC1CC(NC(=O)C1NCC2CC21)C(=O)c1ncon1,7.721246399047171,sars2_3cl,coronaviral,Ki,612.6500000000001,0.16981132075471697,False,False,False,False
OOHPOWAXYYVQNB-JQFCIGGWSA-N,O=C(Nc1ccccc1F)C(=O)N1CC2(CC2)C[C@H]1C(=O)N[C@@H](C[C@@H]1CCNC1=O)C(=O)COC(F)(F)F,O=C(Nc1ccccc1)C(=O)N1CC2(CC2)CC1C(=O)NCCC1CCNC1=O,7.79317412396815,sars2_3cl,coronaviral,IC50,542.4860000000003,0.24719101123595505,False,False,False,False
OOVRBUAVVTWZIX-UHFFFAOYSA-N,CC(C)Cn1c(C(=O)NCCCNC(=O)n2ccc(=O)[nH]c2=O)cc2cc(F)ccc21,O=C(NCCCNC(=O)n1ccc(=O)[nH]c1=O)c1cc2ccccc2[nH]1,6.2441251443275085,sars2_3cl,coronaviral,IC50,429.4520000000001,0.24675324675324675,False,False,False,False
OOWIYZOIKWPXEB-RBQQCVMASA-N,C[C@H](NC(=O)C(c1cccnc1)N(C(=O)c1cnco1)c1ccc(-c2ccccc2)cc1)c1ccccc1,O=C(NCc1ccccc1)C(c1cccnc1)N(C(=O)c1cnco1)c1ccc(-c2ccccc2)cc1,5.3036436112666685,sars2_3cl,coronaviral,IC50,502.5740000000002,0.25,False,False,False,False
OPUHGDZPGJDUJN-QXNWPYRLSA-N,C[C@H](NC(=O)[C@@H](c1ccccc1)N(C(=O)c1ccco1)c1ccc(-c2ccccc2)cc1)c1ccccc1,O=C(NCc1ccccc1)C(c1ccccc1)N(C(=O)c1ccco1)c1ccc(-c2ccccc2)cc1,9.698970004336019,sars2_3cl,coronaviral,IC50,500.5980000000002,0.19444444444444445,False,False,False,False
OPXGQANYGJVWCA-UWDVWBIHSA-N,CC(C)C[C@H](NC(=O)[C@H](Cc1ccc(F)cc1)NC(=O)OCc1ccccc1)C(=O)NC(C=O)CC1CCCC1,O=C(CNC(=O)C(Cc1ccccc1)NC(=O)OCc1ccccc1)NCCC1CCCC1,7.100015437450609,sars2_3cl,coronaviral,IC50,553.6750000000001,0.2857142857142857,False,False,False,False
OQAHEQFYRSWTNQ-UHFFFAOYSA-N,O=C(CSc1nc2cc(Cl)c(O)cc2n1Cc1ccccc1)N1CCOC1=O,O=C(CSc1nc2ccccc2n1Cc1ccccc1)N1CCOC1=O,4.446116973356125,sars2_3cl,coronaviral,IC50,417.8740000000002,0.21649484536082475,False,False,False,False
OQLNRMSYHNCWBO-SVFBPWRDSA-N,CC1(C)[C@H](C(=O)OCc2c(F)cc(F)cc2F)N2C(=O)[C@@H](NC(=O)COc3ccccc3)[C@H]2S1(=O)=O,O=C(COc1ccccc1)NC1C(=O)N2C(C(=O)OCc3ccccc3)CS(=O)(=O)C12,5.795880017344075,sars2_3cl,coronaviral,IC50,526.4890000000001,0.19767441860465115,False,False,False,False
OQUAYXBTSNWMCV-OAQYLSRUSA-N,O=C(Cc1ccccc1)N[C@H](Cc1ccccc1)C(=O)C(=O)NCc1ccccn1,O=C(Cc1ccccc1)NC(Cc1ccccc1)C(=O)C(=O)NCc1ccccn1,6.658763376761307,sars2_3cl,coronaviral,IC50,401.4660000000001,0.2631578947368421,False,False,False,False
ORKNIPZHPCWIDI-AOTTWXCTSA-N,CC(C)C[C@H](NC(=O)OC1CCCCC1)C(=O)N[C@@H](C[C@@H]1CCNC1=O)C(O)S(=O)(=O)O,O=C(CNC(=O)OC1CCCCC1)NCCC1CCNC1=O,6.187086643357144,sars2_3cl,coronaviral,IC50,477.58000000000015,0.1891891891891892,False,False,False,False
ORKUNUOGSXOLTK-UHFFFAOYSA-N,O=S(=O)(Cc1ccncc1)c1nnc(-c2ccc(Cl)cc2)o1,O=S(=O)(Cc1ccncc1)c1nnc(-c2ccccc2)o1,6.769551078621726,sars2_3cl,coronaviral,IC50,335.77200000000005,0.16981132075471697,False,False,False,False
ORNINZBRLIIXGA-GMAHTHKFSA-N,CC(F)(F)CC[C@H](NC(=O)[C@@H]1CC2(CCCCC2)CN1C(=O)c1cc2ccccc2[nH]1)C(=O)C(=O)NC1CC1,O=C(CNC(=O)C1CC2(CCCCC2)CN1C(=O)c1cc2ccccc2[nH]1)C(=O)NC1CC1,7.1938200260161125,sars2_3cl,coronaviral,IC50,542.6270000000001,0.22340425531914893,False,False,False,False
ORNUELPFJFKHHE-UHFFFAOYSA-N,Cn1c([N+](=O)[O-])cnc1COc1cc(Cl)cc(-n2cc(-c3ccc[nH]c3=O)c(=O)n(-c3cccnc3)c2=O)c1,O=c1[nH]cccc1-c1cn(-c2cccc(OCc3ncc[nH]3)c2)c(=O)n(-c2cccnc2)c1=O,7.920818753952375,sars2_3cl,coronaviral,IC50,547.9150000000002,0.16483516483516483,False,False,False,False
ORXCZUHKLCGCRZ-MSOLQXFVSA-N,CNC(=O)c1cc(Br)cc([N+](=O)[O-])c1N[C@@H]1CCCC[C@@H]1NC(=O)c1cc(=O)[nH]c2c(F)cccc12,O=C(NC1CCCCC1Nc1ccccc1)c1cc(=O)[nH]c2ccccc12,7.2441251443275085,sars2_3cl,coronaviral,IC50,560.3800000000003,0.22077922077922077,False,False,False,False
ORXCZUHKLCGCRZ-MSOLQXFVSA-N,CNC(=O)c1cc(Br)cc([N+](=O)[O-])c1N[C@@H]1CCCC[C@@H]1NC(=O)c1cc(=O)[nH]c2c(F)cccc12,O=C(NC1CCCCC1Nc1ccccc1)c1cc(=O)[nH]c2ccccc12,7.627087997029894,sars2_3cl,coronaviral,Kd,560.3800000000003,0.22077922077922077,False,False,False,False
ORYUCPUSJBIZKT-QCOJBMJGSA-N,CC1(C)[C@@H]2[C@@H](C(=O)N[C@H](C=O)C[C@@H]3CCNC3=O)N(C(=O)[C@H](CC3CCCCC3)NC(=O)OCc3ccccc3)C[C@@H]21,O=C(NC(CC1CCCCC1)C(=O)N1CC2CC2C1C(=O)NCCC1CCNC1=O)OCc1ccccc1,6.853871964321762,sars2_3cl,coronaviral,EC50,580.7260000000003,0.24489795918367346,False,False,False,False
ORYUCPUSJBIZKT-QCOJBMJGSA-N,CC1(C)[C@@H]2[C@@H](C(=O)N[C@H](C=O)C[C@@H]3CCNC3=O)N(C(=O)[C@H](CC3CCCCC3)NC(=O)OCc3ccccc3)C[C@@H]21,O=C(NC(CC1CCCCC1)C(=O)N1CC2CC2C1C(=O)NCCC1CCNC1=O)OCc1ccccc1,6.6020599913279625,sars2_3cl,coronaviral,IC50,580.7260000000003,0.24489795918367346,False,False,False,False
OSCCAENJVGAMBJ-UHFFFAOYSA-N,O=C(CCl)Nc1sc(-c2ccccc2)cc1C(=O)NC1CC1,O=C(NC1CC1)c1csc(-c2ccccc2)c1,5.627087997029893,sars2_3cl,coronaviral,IC50,334.82800000000015,0.2698412698412698,False,False,False,False
OSFUDWZVQUANBS-UHFFFAOYSA-N,O=c1[nH]c(-c2ccc(F)cc2F)nc2cc(O)c(O)c(O)c12,O=c1[nH]c(-c2ccccc2)nc2ccccc12,5.81219736128158,sars2_3cl,coronaviral,IC50,306.22400000000005,0.20689655172413793,False,False,False,False
OTCKIXQVNSCRBI-DSXJZEJNSA-N,O=C1C[C@H]2CCCN2C(=O)c2cncc(c2)/C=C/CCCCCNC(=O)[C@@H](Cc2ccc(F)cc2F)N1,O=C1CC2CCCN2C(=O)c2cncc(c2)C=CCCCCCNC(=O)C(Cc2ccccc2)N1,7.6777807052660805,sars2_3cl,coronaviral,IC50,510.5850000000004,0.24299065420560748,False,False,False,False
OTDJAMXESTUWLO-UHFFFAOYSA-N,Nc1nc(S)c2ncn(C3OC(CO)C(O)C3O)c2n1,c1ncc2ncn(C3CCCO3)c2n1,5.96657624451305,sars2_3cl,coronaviral,IC50,299.312,0.15384615384615385,False,False,False,False
OTEYMAKSLGYRHS-UHFFFAOYSA-N,COc1ccc(C2C3=C(CC(C)(C)CC3=O)Nc3cc([N+](=O)[O-])ccc3N2C(=O)CCl)cc1,O=C1CCCC2=C1C(c1ccccc1)Nc1ccccc1N2,5.3448615651886175,sars2_3cl,coronaviral,IC50,469.9250000000002,0.21348314606741572,False,False,False,False
OTGCKDLPVNKYIH-UHFFFAOYSA-N,CC1(c2ccccc2)CC2(C1)NC(=O)N(c1cncc3ccccc13)C2=O,O=C1NC2(CC(c3ccccc3)C2)C(=O)N1c1cncc2ccccc12,7.1487416512809245,sars2_3cl,coronaviral,IC50,357.41300000000007,0.2235294117647059,False,False,False,False
OTGSJQBBDQDNBA-ZOPYNWFKSA-N,CC(C)C[C@H](NC(=O)OC1CN(C(=O)OC(C)(C)C)C1)C(=O)N[C@@H](C[C@H]1CCNC1=O)C(=O)C(O)S(=O)(=O)O,O=C(CNC(=O)OC1CNC1)NCCC1CCNC1=O,5.515700160653214,sars2_3cl,coronaviral,IC50,578.6410000000004,0.21568627450980393,False,False,False,False
OTKGNBZJSQESCK-UHFFFAOYSA-N,O=[N+]([O-])c1ccc(SSC(=S)N2CCC(O)CC2)cc1,S=C(SSc1ccccc1)N1CCCCC1,6.619788758288394,sars2_3cl,coronaviral,IC50,330.4560000000001,0.26666666666666666,False,False,False,False
OTMRVGMZFOGWSN-UHFFFAOYSA-N,CCC(C(=O)Nc1cc(NC2CNC2)ccc1C)n1cccc2nc(SCc3ccc(F)cc3)nc1-2,O=C(Cn1cccc2nc(SCc3ccccc3)nc1-2)Nc1cccc(NC2CNC2)c1,6.853871964321762,sars2_3cl,coronaviral,IC50,504.63500000000016,0.2087912087912088,False,False,False,False
OTMRVGMZFOGWSN-UHFFFAOYSA-N,CCC(C(=O)Nc1cc(NC2CNC2)ccc1C)n1cccc2nc(SCc3ccc(F)cc3)nc1-2,O=C(Cn1cccc2nc(SCc3ccccc3)nc1-2)Nc1cccc(NC2CNC2)c1,6.698970004336019,sars2_3cl,coronaviral,Kd,504.63500000000016,0.2087912087912088,False,False,False,False
OTOHULAORGPNQX-MLCQCVOFSA-N,CC(C)C[C@H](NC(=O)OC[C@@H]1CCC(=O)N1CCC1CCCCC1)C(=O)N[C@H](C=O)C[C@@H]1CCNC1=O,O=C(CNC(=O)OCC1CCC(=O)N1CCC1CCCCC1)NCCC1CCNC1=O,6.301029995663981,sars2_3cl,coronaviral,IC50,520.6710000000004,0.18446601941747573,False,False,False,False
OTSRIQAQJQPBAR-OWQGQXMQSA-N,CC(C)C[C@H](NC(=O)c1cc2cc(Cl)ccc2[nH]1)C(=O)N[C@H](C#N)C[C@@H]1CCNC1=O,O=C(CNC(=O)c1cc2ccccc2[nH]1)NCCC1CCNC1=O,6.931814138253838,sars2_3cl,coronaviral,Ki,443.93500000000023,0.20212765957446807,False,False,False,False
OUGNWRCWQLUXHX-ACWXGELRSA-N,COc1cc(C)c2c(=O)cc(C[C@@H](C)O)oc2c1[C@@H]1O[C@H](CO)[C@@H](O)[C@H](O)[C@H]1OC(=O)/C=C/c1ccc(O)cc1,O=C(C=Cc1ccccc1)OC1CCCOC1c1cccc2c(=O)ccoc12,3.9020489290058498,sars2_3cl,coronaviral,IC50,556.5640000000003,0.19791666666666666,False,False,False,False
OUMDZENDLIPDPX-ZDUSSCGKSA-N,O=C1N[C@@H](Cc2ccccc2)C(=O)N1c1cncc(F)c1,O=C1NC(Cc2ccccc2)C(=O)N1c1cccnc1,4.638272163982407,sars2_3cl,coronaviral,Kd,285.278,0.24615384615384617,False,False,False,False
OUZABZFJTUKQHD-UHFFFAOYSA-N,O=C(Cn1sc2cc(C(F)(F)F)ccc2c1=O)Nc1ccccc1,O=C(Cn1sc2ccccc2c1=O)Nc1ccccc1,6.2806521372073405,sars2_3cl,coronaviral,IC50,352.337,0.23684210526315788,False,False,False,False
OVDZLEDWUIPLIL-UHFFFAOYSA-N,Cc1ccc2c(c1)nc(SC(Cc1ccccc1)C(=O)N1CCOC1=O)n2Cc1ccccc1,O=C1OCCN1C(=O)C(Cc1ccccc1)Sc1nc2ccccc2n1Cc1ccccc1,4.437707135543525,sars2_3cl,coronaviral,IC50,471.58200000000033,0.23529411764705882,False,False,False,False
OVGCMRBABDFACM-UHFFFAOYSA-N,COC(=O)C1CCCN1C(=S)SSc1ccccc1,S=C(SSc1ccccc1)N1CCCC1,6.267606240177031,sars2_3cl,coronaviral,IC50,313.46900000000005,0.296875,False,False,False,False
OVPDHWVSQJDECJ-UHFFFAOYSA-N,CSc1nc2ccccc2n1C(=O)c1cccc(C)c1,O=C(c1ccccc1)n1cnc2ccccc21,5.678889950500676,sars2_3cl,coronaviral,IC50,282.368,0.2647058823529412,False,False,False,False
OVRLABAFXJPIMU-UHFFFAOYSA-N,CCC(CC)CC1(C(=O)Nc2ccccc2S)CCCCC1,O=C(Nc1ccccc1)C1CCCCC1,4.841637507904751,sars2_3cl,coronaviral,IC50,319.51400000000024,0.25396825396825395,False,False,False,False
OWPGQUQWZINWGN-HOYKHHGWSA-N,Cc1ccc(NC(=O)[C@H]2CCCCN2)cc1C(=O)N[C@H](C)c1cccc2ccccc12,O=C(NCc1cccc2ccccc12)c1cccc(NC(=O)C2CCCCN2)c1,6.522878745280337,sars2_3cl,coronaviral,IC50,415.5370000000001,0.2638888888888889,False,False,False,False
OWPGQUQWZINWGN-KOSHJBKYSA-N,Cc1ccc(NC(=O)[C@@H]2CCCCN2)cc1C(=O)N[C@H](C)c1cccc2ccccc12,O=C(NCc1cccc2ccccc12)c1cccc(NC(=O)C2CCCCN2)c1,5.886056647693163,sars2_3cl,coronaviral,IC50,415.5370000000001,0.2638888888888889,False,False,False,False
OXHMSQBQKSOMCE-BBTUJRGHSA-N,COC(=O)N[C@H](C(=O)N1CC2(CCCCC2)C[C@H]1C(=O)N[C@@H](CCC(F)F)C(=O)C(=O)NC1CC1)C(C)(C)C,O=C(CNC(=O)C1CC2(CCCCC2)CN1)C(=O)NC1CC1,6.910094888560602,sars2_3cl,coronaviral,IC50,556.6510000000001,0.22340425531914893,False,False,False,False
OXKXQGLHLVAFBV-RZCQQDKOSA-N,CC(C)(C)CC(=O)N[C@H](C(=O)N1C[C@H]2[C@@H]([C@H]1C(=O)N[C@H](C#N)C[C@@H]1CCNC1=O)C2(C)C)C(C)(C)C,O=C1NCCC1CCNC(=O)C1NCC2CC21,6.142667503568731,sars2_3cl,coronaviral,IC50,501.6720000000003,0.19,False,False,False,False
OXLNXQQCDCGFLH-RUZDIDTESA-N,CC(C)(C)c1ccc(N(C(=O)c2ccco2)[C@@H](C(=O)NC2CCCCC2)c2cccnc2)cc1,O=C(NC1CCCCC1)C(c1cccnc1)N(C(=O)c1ccco1)c1ccccc1,5.621602099051863,sars2_3cl,coronaviral,IC50,459.59000000000026,0.2891566265060241,False,False,False,False
OXLNXQQCDCGFLH-UHFFFAOYSA-N,CC(C)(C)c1ccc(N(C(=O)c2ccco2)C(C(=O)NC2CCCCC2)c2cccnc2)cc1,O=C(NC1CCCCC1)C(c1cccnc1)N(C(=O)c1ccco1)c1ccccc1,5.621602099051863,sars2_3cl,coronaviral,IC50,459.59000000000026,0.2891566265060241,False,False,False,False
OYEOCKYUCQUKMH-CAHKVJEUSA-N,COc1cccc2[nH]c(C(=O)N[C@@H](CC(C)C)C(=O)N3C[C@]4(C[C@H]3C(=O)C(=O)NC3CC3)C(=O)Nc3ccccc34)cc12,O=C(NC1CC1)C(=O)C1CC2(CN1C(=O)CNC(=O)c1cc3ccccc3[nH]1)C(=O)Nc1ccccc12,6.259637310505756,sars2_3cl,coronaviral,IC50,585.6610000000003,0.25510204081632654,False,False,False,False
OYEOCKYUCQUKMH-TUNMJWJMSA-N,COc1cccc2[nH]c(C(=O)N[C@@H](CC(C)C)C(=O)N3C[C@]4(CC3C(=O)C(=O)NC3CC3)C(=O)Nc3ccccc34)cc12,O=C(NC1CC1)C(=O)C1CC2(CN1C(=O)CNC(=O)c1cc3ccccc3[nH]1)C(=O)Nc1ccccc12,6.259637310505756,sars2_3cl,coronaviral,IC50,585.6610000000003,0.25510204081632654,False,False,False,False
OYFTZDRWXGWCFB-NFBCFJMWSA-N,O=C[C@H](C[C@@H]1CCNC1=O)NC(=O)C1CC2(CCCC2)CN1C(=O)OCc1ccccc1,O=C1NCCC1CCNC(=O)C1CC2(CCCC2)CN1C(=O)OCc1ccccc1,7.055517327849831,sars2_3cl,coronaviral,EC50,441.52800000000025,0.2111111111111111,False,False,False,False
OYFTZDRWXGWCFB-NFBCFJMWSA-N,O=C[C@H](C[C@@H]1CCNC1=O)NC(=O)C1CC2(CCCC2)CN1C(=O)OCc1ccccc1,O=C1NCCC1CCNC(=O)C1CC2(CCCC2)CN1C(=O)OCc1ccccc1,7.657577319177793,sars2_3cl,coronaviral,IC50,441.52800000000025,0.2111111111111111,False,False,False,False
OYRDYULSMHXHMH-UHFFFAOYSA-N,Cc1cccc(-c2nc3cc(O)c(O)c(O)c3c(=O)[nH]2)c1,O=c1[nH]c(-c2ccccc2)nc2ccccc12,5.642636969384857,sars2_3cl,coronaviral,IC50,284.271,0.22727272727272727,False,False,False,False
OYSLSRTXGOUGDE-DQDUXCRHSA-N,[2H]C([2H])(OC(=O)N[C@@H](CC(C)C)C(=O)N[C@@H](C[C@@H]1CCNC1=O)C(O)S(=O)(=O)O)C(C)(C)Oc1cccc(Cl)c1,O=C(CNC(=O)OCCOc1ccccc1)NCCC1CCNC1=O,6.552841968657781,sars2_3cl,coronaviral,IC50,580.0962035560002,0.1941747572815534,False,False,False,False
OYSLSRTXGOUGDE-ULBBIQHKSA-N,CC(C)C[C@H](NC(=O)OCC(C)(C)Oc1cccc(Cl)c1)C(=O)N[C@@H](C[C@@H]1CCNC1=O)C(O)S(=O)(=O)O,O=C(CNC(=O)OCCOc1ccccc1)NCCC1CCNC1=O,6.6777807052660805,sars2_3cl,coronaviral,IC50,578.0840000000003,0.19801980198019803,False,False,False,False
OYTNHSXZOSSYJN-CNHKJKLMSA-N,Cc1cc(-c2ccc(/C=N/NC(=O)Cn3nnnc3N)o2)c([N+](=O)[O-])cc1C,O=C(Cn1cnnn1)NN=Cc1ccc(-c2ccccc2)o1,4.756961951313706,sars2_3cl,coronaviral,IC50,384.35600000000017,0.16049382716049382,False,False,False,False
OYXVEGKFFGZMOT-IHRRRGAJSA-N,Cc1nn(C)c(C(=O)N[C@@H](CC(C)(C)C)C(=O)N[C@H](C#N)C[C@@H]2CCNC2=O)c1Cl,O=C(CNC(=O)c1ccn[nH]1)NCCC1CCNC1=O,6.75448733218585,sars2_3cl,coronaviral,Ki,436.9440000000002,0.21505376344086022,False,False,False,False
OZCGFUYWRSIHLJ-VWLOTQADSA-N,CN1C(=O)[C@H](Cc2ccccc2)N(C(=O)COc2ccc(Cl)cc2Cl)CCCOc2ccc(F)cc2CN1C#N,O=C1NNCc2ccccc2OCCCN(C(=O)COc2ccccc2)C1Cc1ccccc1,7.6020599913279625,sars2_3cl,coronaviral,IC50,585.4630000000001,0.23469387755102042,False,False,False,False
OZRZTXAJEDAUQO-UHFFFAOYSA-N,CNC(=O)c1cc(Br)cc([N+](=O)[O-])c1NC1CCN(C(=O)c2cc(=O)[nH]c3ccccc23)C1,O=C(c1cc(=O)[nH]c2ccccc12)N1CCC(Nc2ccccc2)C1,6.709520186669327,sars2_3cl,coronaviral,IC50,514.3360000000002,0.25675675675675674,False,False,False,False
OZVSHTNTPRENCA-HNPIODEQSA-N,CC(C)C[C@H](NC(=O)OCc1ccccc1)C(=O)N[C@H](/C=C/C(=O)N1CCN(CC2CCN(c3cc4c(cc3F)C(=O)N(C3CCC(=O)NC3=O)C4=O)CC2)CC1)C[C@@H]1CCNC1=O,O=C1CCC(N2C(=O)c3ccc(N4CCC(CN5CCN(C(=O)C=CC(CC6CCNC6=O)NC(=O)CNC(=O)OCc6ccccc6)CC5)CC4)cc3C2=O)C(=O)N1,4.673664139071248,sars2_3cl,coronaviral,IC50,885.0069999999996,0.1968503937007874,False,False,False,False
PAFLSMZLRSPALU-MRVPVSSYSA-N,O=C(O)[C@H](O)Cc1ccc(O)c(O)c1,c1ccccc1,5.667561540084394,sars2_3cl,coronaviral,IC50,198.174,0.2,False,True,False,True
PAIPDCJLLQBXME-VOTSOKGWSA-N,O=c1[nH]c(/C=C/c2ccccc2)nc2cc(O)c(O)c(O)c12,O=c1[nH]c(C=Cc2ccccc2)nc2ccccc12,5.541513236201793,sars2_3cl,coronaviral,IC50,296.28200000000004,0.16,False,False,False,False
PAVJYVVZIJTAHT-UHFFFAOYSA-N,O=C(Oc1cncc(Cl)c1)c1cccs1,O=C(Oc1cccnc1)c1cccs1,7.090872058010739,sars2_3cl,coronaviral,Ki,239.68300000000002,0.25396825396825395,False,False,False,False
PBJCUMRCGPPGPS-UHFFFAOYSA-N,Cc1ccc(-c2nc3cc(O)c(O)c(O)c3c(=O)[nH]2)cc1,O=c1[nH]c(-c2ccccc2)nc2ccccc12,5.728855682050922,sars2_3cl,coronaviral,IC50,284.27099999999996,0.17391304347826086,False,False,False,False
PBLOKSLGZKWIQI-KRWDZBQOSA-N,O=C(NCc1cccs1)[C@@H]1CN(C(=O)c2cc(=O)[nH]c(=O)[nH]2)CCN1c1ccc(Cl)c(Cl)c1,O=C(NCc1cccs1)C1CN(C(=O)c2cc(=O)[nH]c(=O)[nH]2)CCN1c1ccccc1,9.397940008672037,sars2_3cl,coronaviral,IC50,508.38700000000017,0.23255813953488372,False,False,False,False
PBLOKSLGZKWIQI-UHFFFAOYSA-N,O=C(NCc1cccs1)C1CN(C(=O)c2cc(=O)[nH]c(=O)[nH]2)CCN1c1ccc(Cl)c(Cl)c1,O=C(NCc1cccs1)C1CN(C(=O)c2cc(=O)[nH]c(=O)[nH]2)CCN1c1ccccc1,9.214670164989233,sars2_3cl,coronaviral,IC50,508.38700000000017,0.23255813953488372,False,False,False,False
PBSLWBSMOSTKGC-UHFFFAOYSA-N,CCOc1ccc(C(=O)Oc2cncc(Br)c2)c(F)c1,O=C(Oc1cccnc1)c1ccccc1,6.97061622231479,sars2_3cl,coronaviral,IC50,340.148,0.21333333333333335,False,False,False,False
PCEDKICWJWECCI-JQFCIGGWSA-N,CC(C)C[C@H](NC(=O)C(=O)Nc1ccccc1F)C(=O)N[C@@H](C[C@@H]1CCNC1=O)C(=O)COC(F)(F)F,O=C(CNC(=O)C(=O)Nc1ccccc1)NCCC1CCNC1=O,7.117475462045119,sars2_3cl,coronaviral,IC50,532.4910000000004,0.25301204819277107,False,False,False,False
PCIRKVWUDZUJTF-UHFFFAOYSA-N,O=C(Oc1cncc(Cl)c1)c1ccc(-c2ccccc2)cc1,O=C(Oc1cccnc1)c1ccc(-c2ccccc2)cc1,6.823908740944319,sars2_3cl,coronaviral,IC50,309.752,0.25,False,False,False,False
PDIUJKDOGTWHTG-GHVJWSGMSA-N,COc1ccc2c(c1)/C(=C1\C(=O)Nc3ccccc31)C(=O)N2CCCCCCCC(=O)O,O=C1Nc2ccccc2C1=C1C(=O)Nc2ccccc21,5.79317412396815,sars2_3cl,coronaviral,IC50,434.4920000000004,0.22784810126582278,False,False,False,False
PDJVSAAWQLHMPJ-DEOSSOPVSA-N,CN(C(=O)[C@H](Cc1ccccc1)NC(=O)COc1ccc(F)c(F)c1)N(C#N)Cc1ccc(Cl)cc1,O=C(COc1ccccc1)NC(Cc1ccccc1)C(=O)NNCc1ccccc1,5.939302159646388,sars2_3cl,coronaviral,IC50,512.9440000000002,0.21348314606741572,False,False,False,False
PDQAUBWJYWYCIF-UHFFFAOYSA-N,Cc1cncc(-n2c(=O)nc(Nc3cc4cn(C)nc4cc3Cl)n(Cc3cc(F)c(F)cc3F)c2=O)c1,O=c1nc(Nc2ccc3n[nH]cc3c2)n(Cc2ccccc2)c(=O)n1-c1cccnc1,8.045757490560675,sars2_3cl,coronaviral,IC50,527.8940000000001,0.17204301075268819,False,False,False,False
PDWVILRJXAWLFC-DEOSSOPVSA-N,CN(C(=O)[C@H](Cc1ccccc1)NC(=O)OCc1ccccc1)N(C#N)Cc1ccc(Br)cc1F,O=C(NC(Cc1ccccc1)C(=O)NNCc1ccccc1)OCc1ccccc1,6.982966660701219,sars2_3cl,coronaviral,IC50,539.4050000000002,0.1958762886597938,False,False,False,False
PEKXORRZBWQMCT-UHFFFAOYSA-N,O=C(Sc1ncccn1)c1ccc2ccccc2n1,O=C(Sc1ncccn1)c1ccc2ccccc2n1,7.686132779630847,sars2_3cl,coronaviral,IC50,267.313,0.208955223880597,False,False,False,False
PFAQHODPXFJTHH-DJHGOXGWSA-N,COCCC(C=O)NC(=O)[C@H](CC(C)C)NC(=O)[C@H](Cc1ccc(F)cc1)NC(=O)OCc1ccccc1,O=C(NCCc1ccccc1)OCc1ccccc1,7.50003813440381,sars2_3cl,coronaviral,IC50,529.6090000000003,0.25,False,False,False,False
PFDKLEKNOWSPFG-KRWDZBQOSA-N,CC(C)C[C@H](NC(=O)OCc1ccccc1)C(=O)NN(Cc1c[nH]cn1)C(=O)CCl,O=C(CNC(=O)OCc1ccccc1)NNCc1c[nH]cn1,7.060480747381382,sars2_3cl,coronaviral,IC50,435.91200000000015,0.20987654320987653,False,False,False,False
PFSTYEJAMIGWSI-HXUWFJFHSA-N,O=C(CNC(=O)C1CCC(F)(F)CC1)N[C@H](Cc1ccc(Cl)c(Cl)c1)C(=O)C(=O)NCc1ccccn1,O=C(CNC(=O)C1CCCCC1)NC(Cc1ccccc1)C(=O)C(=O)NCc1ccccn1,7.46344155742847,sars2_3cl,coronaviral,IC50,555.4090000000002,0.21649484536082475,False,False,False,False
PFYSTXWNQVFKTC-IGKWTDBASA-N,COc1cccc2[nH]c(C(=O)N[C@@H](CC(C)C)C(=O)N[C@@H](C[C@@H]3CCCNC3=O)C(=O)COC(=O)c3ccccn3)cc12,O=C(CNC(=O)c1cc2ccccc2[nH]1)NC(CC1CCCNC1=O)C(=O)COC(=O)c1ccccn1,6.901356274182943,sars2_3cl,coronaviral,IC50,591.6650000000003,0.22772277227722773,False,False,False,False
PGGUOGKHUUUWAF-ROUUACIJSA-N,CCCC[C@@H](C=O)NC(=O)[C@H](CC(C)C)NC(=O)OCc1ccccc1,c1ccccc1,4.971022294791222,sars2_3cl,coronaviral,IC50,362.4700000000001,0.23170731707317074,False,True,False,True
PGGUOGKHUUUWAF-ROUUACIJSA-N,CCCC[C@@H](C=O)NC(=O)[C@H](CC(C)C)NC(=O)OCc1ccccc1,c1ccccc1,5.913640169325252,sars2_3cl,coronaviral,Kd,362.4700000000001,0.23170731707317074,False,True,False,True
PGRWLJBJSPDTOS-UHFFFAOYSA-N,Cc1cc(Cl)ccc1C(=O)Oc1cncc(Cl)c1,O=C(Oc1cccnc1)c1ccccc1,5.468521082957745,sars2_3cl,coronaviral,IC50,282.126,0.2727272727272727,False,False,False,False
PGSZEJLOKWOQSW-VRXHGMAYSA-N,CC(C)C[C@H](NC(=O)/C=C/c1ccccc1)C(=O)N[C@H](C=O)C[C@@H]1CCCNC1=O,O=C(C=Cc1ccccc1)NCC(=O)NCCC1CCCNC1=O,6.494172494637611,sars2_3cl,coronaviral,IC50,413.5180000000002,0.20689655172413793,False,False,False,False
PGYROSRJIVXTOE-MZKZUXPJSA-N,[2H]C([2H])(OC(=O)N[C@@H](CC(C)C)C(=O)N[C@@H](C[C@H]1CCNC1=O)C(O)S(=O)(=O)O)C1CC2CCCC(C2)C1,O=C(CNC(=O)OCC1CC2CCCC(C2)C1)NCCC1CCNC1=O,6.537602002101044,sars2_3cl,coronaviral,IC50,533.6842035560002,0.16831683168316833,False,False,False,False
PGYROSRJIVXTOE-XRBGKDFHSA-N,CC(C)C[C@H](NC(=O)OCC1CC2CCCC(C2)C1)C(=O)N[C@@H](C[C@H]1CCNC1=O)C(O)S(=O)(=O)O,O=C(CNC(=O)OCC1CC2CCCC(C2)C1)NCCC1CCNC1=O,6.769551078621726,sars2_3cl,coronaviral,IC50,531.6720000000003,0.1717171717171717,False,False,False,False
PHDSCFXREHSHAM-IZZDOVSWSA-N,O=C(/C=C/c1ccccc1)NCc1nc(-c2ccc(C(F)(F)F)cc2)no1,O=C(C=Cc1ccccc1)NCc1nc(-c2ccccc2)no1,4.334559734468739,sars2_3cl,coronaviral,IC50,373.334,0.24242424242424243,False,False,False,False
PHWVTNJAWSCVKF-UHFFFAOYSA-N,Cc1ccc(C2C3=C(CC(C)(C)CC3=O)Nc3cc([N+](=O)[O-])ccc3N2C(=O)CCl)cc1,O=C1CCCC2=C1C(c1ccccc1)Nc1ccccc1N2,5.404503778174426,sars2_3cl,coronaviral,IC50,453.92600000000016,0.1744186046511628,False,False,False,False
PIZAKYWLGBGKKY-KRWDZBQOSA-N,O=C(NCc1ccco1)[C@@H]1CN(C(=O)c2cc(=O)[nH]c(=O)[nH]2)CCN1c1ccc(Cl)c(Cl)c1,O=C(NCc1ccco1)C1CN(C(=O)c2cc(=O)[nH]c(=O)[nH]2)CCN1c1ccccc1,9.455931955649724,sars2_3cl,coronaviral,IC50,492.3190000000002,0.225,False,False,False,False
PIZAKYWLGBGKKY-QGZVFWFLSA-N,O=C(NCc1ccco1)[C@H]1CN(C(=O)c2cc(=O)[nH]c(=O)[nH]2)CCN1c1ccc(Cl)c(Cl)c1,O=C(NCc1ccco1)C1CN(C(=O)c2cc(=O)[nH]c(=O)[nH]2)CCN1c1ccccc1,8.525783735923746,sars2_3cl,coronaviral,IC50,492.3190000000002,0.225,False,False,False,False
PIZAKYWLGBGKKY-UHFFFAOYSA-N,O=C(NCc1ccco1)C1CN(C(=O)c2cc(=O)[nH]c(=O)[nH]2)CCN1c1ccc(Cl)c(Cl)c1,O=C(NCc1ccco1)C1CN(C(=O)c2cc(=O)[nH]c(=O)[nH]2)CCN1c1ccccc1,9.102372908709558,sars2_3cl,coronaviral,IC50,492.3190000000002,0.225,False,False,False,False
PJSLWFCPNUYXSE-ATIWLJMLSA-N,CC1(C)[C@@H]2[C@@H](C(=O)N[C@H](C#N)C[C@@H]3CCNC3=O)N(C(=O)OCc3cccnc3)C[C@@H]21,O=C1NCCC1CCNC(=O)C1C2CC2CN1C(=O)OCc1cccnc1,7.102372908709558,sars2_3cl,coronaviral,IC50,425.48900000000015,0.2621359223300971,False,False,False,False
PJWRDLQOAQQXBW-JYJNAYRXSA-N,CC(C)(C)C[C@H](NC(=O)CN1CCCC1)C(=O)N[C@H](C#N)C[C@@H]1CCNC1=O,O=C(CNC(=O)CN1CCCC1)NCCC1CCNC1=O,5.96657624451305,sars2_3cl,coronaviral,Ki,391.51600000000013,0.20481927710843373,False,False,False,False
PJYKABYZZJOKNL-AIVCMVMSSA-N,C[C@@H](OC(C)(C)C)[C@H](NC(=O)OCc1ccccc1)C(=O)N1C[C@H]2[C@@H]([C@H]1C(=O)N[C@H](C=O)C[C@@H]1CCNC1=O)C2(C)C,O=C(NCC(=O)N1CC2CC2C1C(=O)NCCC1CCNC1=O)OCc1ccccc1,6.853871964321762,sars2_3cl,coronaviral,EC50,584.7140000000002,0.21495327102803738,False,False,False,False
PJYKABYZZJOKNL-AIVCMVMSSA-N,C[C@@H](OC(C)(C)C)[C@H](NC(=O)OCc1ccccc1)C(=O)N1C[C@H]2[C@@H]([C@H]1C(=O)N[C@H](C=O)C[C@@H]1CCNC1=O)C2(C)C,O=C(NCC(=O)N1CC2CC2C1C(=O)NCCC1CCNC1=O)OCc1ccccc1,6.920818753952375,sars2_3cl,coronaviral,IC50,584.7140000000002,0.21495327102803738,False,False,False,False
PJYYUOVOBKMJPH-UHFFFAOYSA-N,O=C(Oc1cncc(Br)c1)c1ccccc1,O=C(Oc1cccnc1)c1ccccc1,7.392544976785332,sars2_3cl,coronaviral,IC50,278.10499999999996,0.2692307692307692,False,False,False,False
PKAOBJDWNMTRSV-DBESADCWSA-N,CC(C)C[C@H](NC(=O)[C@H](Cc1ccc(F)cc1)NC(=O)OCc1ccccc1)C(=O)NC(C=O)Cc1ccccc1F,O=C(CNC(=O)C(Cc1ccccc1)NC(=O)OCc1ccccc1)NCCc1ccccc1,8.500038134403809,sars2_3cl,coronaviral,IC50,579.6440000000003,0.23529411764705882,False,False,False,False
PKFJNVLUPJZVQH-ULBBIQHKSA-N,CC(C)C[C@H](NC(=O)OCC(C)(C)Oc1cccc(F)c1)C(=O)N[C@@H](C[C@@H]1CCNC1=O)C(O)S(=O)(=O)O,O=C(CNC(=O)OCCOc1ccccc1)NCCC1CCNC1=O,6.920818753952375,sars2_3cl,coronaviral,IC50,561.6290000000002,0.2,False,False,False,False
PKJWLVLOGHATRZ-NWVWQQAFSA-N,COc1cccc2[nH]c(C(=O)N[C@@H](CC(C)C)C(=O)N[C@@H](C[C@@H]3CCCNC3=O)C(=O)COC(=O)c3c(C(F)(F)F)cccc3C(F)(F)F)cc12,O=C(CNC(=O)c1cc2ccccc2[nH]1)NC(CC1CCCNC1=O)C(=O)COC(=O)c1ccccc1,9.0,sars2_3cl,coronaviral,IC50,726.6710000000005,0.22641509433962265,False,False,False,False
PKKXMVUNJPXGBH-HXUWFJFHSA-N,Cc1ccc(OCCN(C)C)cc1C(=O)N[C@H](C)c1cc(-c2cccs2)cc(-c2cccs2)c1,O=C(NCc1cc(-c2cccs2)cc(-c2cccs2)c1)c1ccccc1,8.0,sars2_3cl,coronaviral,Ki,490.6940000000002,0.2191780821917808,False,False,False,False
PLADVUNGKPXPMX-UHFFFAOYSA-N,O=c1c2ccccc2[se]n1-c1cccc([N+](=O)[O-])c1,O=c1c2ccccc2[se]n1-c1ccccc1,6.823908740944319,sars2_3cl,coronaviral,IC50,319.17800000000005,0.16666666666666666,False,False,False,False
PLAKGGNEFPAGDQ-UHFFFAOYSA-N,O=C(Sc1ncccn1)c1cc2ccccc2s1,O=C(Sc1ncccn1)c1cc2ccccc2s1,7.809668301829708,sars2_3cl,coronaviral,IC50,272.354,0.2,False,False,False,False
PLMXOHHVTRBRNY-KKUMJFAQSA-N,CCn1nc(C)c(Br)c1C(=O)N[C@@H](CC(C)(C)C)C(=O)N[C@H](C#N)C[C@@H]1CCNC1=O,O=C(CNC(=O)c1ccn[nH]1)NCCC1CCNC1=O,6.527243550682788,sars2_3cl,coronaviral,Ki,495.42200000000037,0.19230769230769232,False,False,False,False
PLVWMBFPIAQRHK-FGZHOGPDSA-N,CCC[C@@H](NC(=O)[C@@H](CC(C)C)NC(=O)OCc1ccccc1)C(=O)C(=O)NCc1ccccn1,O=C(CNC(=O)OCc1ccccc1)NCC(=O)C(=O)NCc1ccccn1,6.346787486224656,sars2_3cl,coronaviral,IC50,482.58100000000013,0.21052631578947367,False,False,False,False
PLVWMBFPIAQRHK-VXKWHMMOSA-N,CCC[C@H](NC(=O)[C@H](CC(C)C)NC(=O)OCc1ccccc1)C(=O)C(=O)NCc1ccccn1,O=C(CNC(=O)OCc1ccccc1)NCC(=O)C(=O)NCc1ccccn1,6.346787486224656,sars2_3cl,coronaviral,IC50,482.58100000000013,0.21052631578947367,False,False,False,False
PLVWMBFPIAQRHK-VXKWHMMOSA-N,CCC[C@H](NC(=O)[C@H](CC(C)C)NC(=O)OCc1ccccc1)C(=O)C(=O)NCc1ccccn1,O=C(CNC(=O)OCc1ccccc1)NCC(=O)C(=O)NCc1ccccn1,6.886056647693163,sars2_3cl,coronaviral,Ki,482.58100000000013,0.21052631578947367,False,False,False,False
PMHLYLKSEJADBP-UHFFFAOYSA-N,Cn1nc(-c2ccc(C(F)(F)F)cc2)nc2c(=O)n(C)c(=O)cc1-2,O=c1cc2[nH]nc(-c3ccccc3)nc-2c(=O)[nH]1,6.585026652029182,sars2_3cl,coronaviral,IC50,336.273,0.2153846153846154,False,False,False,False
PMIGMAKHNBCGBZ-MPGHIAIKSA-N,CC(C)(C)C[C@H](NC(=O)c1cc2cccc(Cl)c2[nH]1)C(=O)N[C@H](C#N)C[C@@H]1CCNC1=O,O=C(CNC(=O)c1cc2ccccc2[nH]1)NCCC1CCNC1=O,7.494850021680094,sars2_3cl,coronaviral,Ki,457.9620000000002,0.1978021978021978,False,False,False,False
PMQBQICRPJDOGW-UHFFFAOYSA-N,Cn1cc2cc(Nc3nc(=O)n(-c4cncc5c4COC5)c(=O)n3Cc3cc(Cl)c(F)cc3F)c(Cl)cc2n1,O=c1nc(Nc2ccc3n[nH]cc3c2)n(Cc2ccccc2)c(=O)n1-c1cncc2c1COC2,7.920818753952375,sars2_3cl,coronaviral,IC50,572.3590000000002,0.17,False,False,False,False
PMTPISQRQXCMMZ-UHFFFAOYSA-N,Cc1nc(C)c(COc2cc(Cl)cc(-n3cc(-c4ccc[nH]c4=O)c(=O)n(-c4cccnc4)c3=O)c2)s1,O=c1[nH]cccc1-c1cn(-c2cccc(OCc3cncs3)c2)c(=O)n(-c2cccnc2)c1=O,7.795880017344075,sars2_3cl,coronaviral,IC50,533.9970000000002,0.16853932584269662,False,False,False,False
PNPMYLKONYDRLR-UHFFFAOYSA-N,O=c1c2c(O)c(O)c(O)cc2nc(-c2ccccc2)n1-c1ccccc1,O=c1c2ccccc2nc(-c2ccccc2)n1-c1ccccc1,7.080921907623926,sars2_3cl,coronaviral,IC50,346.34200000000004,0.18181818181818182,False,False,False,False
PNTFKAVUGOMNLL-UHFFFAOYSA-N,CCn1nncc1Cn1c(=O)[nH]/c(=N\c2cc3cn(C)nc3cc2Cl)n(Cc2cc(F)c(F)cc2F)c1=O,O=c1[nH]c(=Nc2ccc3n[nH]cc3c2)n(Cc2ccccc2)c(=O)n1Cc1cnn[nH]1,6.909389292171593,sars2_3cl,coronaviral,IC50,545.9130000000002,0.15463917525773196,False,False,False,False
PNYJWWNRBYSJRZ-SRVKXCTJSA-N,CC(C)(C)C[C@H](NC(=O)c1csc(C(F)(F)F)n1)C(=O)N[C@H](C#N)C[C@@H]1CCNC1=O,O=C(CNC(=O)c1cscn1)NCCC1CCNC1=O,5.714442690992226,sars2_3cl,coronaviral,Ki,459.4940000000002,0.1875,False,False,False,False
POKAJWKZWHHWTI-UHFFFAOYSA-N,O=C(Sc1nc2ccccc2s1)c1cc2ccccc2[nH]1,O=C(Sc1nc2ccccc2s1)c1cc2ccccc2[nH]1,6.931814138253838,sars2_3cl,coronaviral,IC50,310.403,0.16216216216216217,False,False,False,False
POKAJWKZWHHWTI-UHFFFAOYSA-N,O=C(Sc1nc2ccccc2s1)c1cc2ccccc2[nH]1,O=C(Sc1nc2ccccc2s1)c1cc2ccccc2[nH]1,7.139063379299906,sars2_3cl,coronaviral,Ki,310.403,0.16216216216216217,False,False,False,False
POKGOYUMQMREBP-OLMNGRFOSA-N,C#C[C@H](CCSC)NC(=O)[C@@H]1[C@@H]2[C@H](CN1C(=O)[C@@H](NC(=O)C(F)(F)F)C(C)(C)C)C2(C)C,C1NCC2CC12,4.924453038607469,sars2_3cl,coronaviral,IC50,475.5770000000002,0.20652173913043478,False,False,False,False
POKJKRUDZYEREI-UHFFFAOYSA-N,O=C(O)Cn1sc2cc(F)ccc2c1=O,O=c1[nH]sc2ccccc12,5.803740889494625,sars2_3cl,coronaviral,IC50,227.21599999999998,0.27450980392156865,False,False,False,False
POMUGPYMXQDRFZ-JSSCDYMKSA-N,C[C@H](NC(=O)C(F)F)C(=O)N(C)[C@@H](CC1CC1)C(=O)N1C[C@]2(C[C@H]1C#N)C(=O)Nc1ccccc12,O=C(CCC1CC1)N1CCC2(C1)C(=O)Nc1ccccc12,7.673869043289205,sars2_3cl,coronaviral,IC50,487.50700000000023,0.21875,False,False,False,False
POPWPHIGQFWRDK-IHOKFDBFSA-N,C[C@H](NC(=O)C(c1cccnc1)N(C(=O)c1ccco1)c1ccc(C2CCCCC2)cc1)c1ccccc1,O=C(NCc1ccccc1)C(c1cccnc1)N(C(=O)c1ccco1)c1ccc(C2CCCCC2)cc1,6.292429823902063,sars2_3cl,coronaviral,IC50,507.63400000000036,0.2823529411764706,False,False,False,False
PPFGHJKHJFCUEV-UHFFFAOYSA-N,Cn1cnc(Cn2c(=O)nc(Nc3cc4cn(C)nc4cc3Cl)n(Cc3cc(Cl)c(F)cc3F)c2=O)n1,O=c1nc(Nc2ccc3n[nH]cc3c2)n(Cc2ccccc2)c(=O)n1Cc1nc[nH]n1,8.301029995663981,sars2_3cl,coronaviral,IC50,548.3410000000001,0.19101123595505617,False,False,False,False
PPIGFETZIJRNNZ-WOPHEGALSA-N,O=C[C@H](C[C@@H]1CCNC1=O)NC(=O)[C@@H]1[C@H]2CCC[C@H]2CN1C(=O)/C=C/c1ccccc1,O=C1NCCC1CCNC(=O)C1C2CCCC2CN1C(=O)C=Cc1ccccc1,6.2790968291865425,sars2_3cl,coronaviral,IC50,423.51300000000015,0.2111111111111111,False,False,False,False
PPKWOYUWZNIXLW-OWOJBTEDSA-N,O=C(/C=C/c1c(Cl)c(O)c(O)c(O)c1Cl)c1c(Cl)c(O)c(O)c(O)c1Cl,O=C(C=Cc1ccccc1)c1ccccc1,6.940815382368629,sars2_3cl,coronaviral,IC50,442.0340000000002,0.125,False,False,False,False
PPUBNLAIJOZWSC-UZVDJONISA-N,CC(C)C[C@H](NC(=O)OCC1CCN(CC2CCCCC2)C1=O)C(=O)N[C@H](C=O)C[C@@H]1CCNC1=O,O=C(CNC(=O)OCC1CCN(CC2CCCCC2)C1=O)NCCC1CCNC1=O,6.638272163982407,sars2_3cl,coronaviral,IC50,506.64400000000035,0.20202020202020202,False,False,False,False
PQQKYBGBGWHEEP-UHFFFAOYSA-N,O=C(c1cncc(Cl)c1)N1CCCN(Cc2ccccc2Cl)CC1,O=C(c1cccnc1)N1CCCN(Cc2ccccc2)CC1,5.886056647693163,sars2_3cl,coronaviral,IC50,364.27600000000007,0.30434782608695654,False,False,False,False
PRLIOOFJTHOJPZ-UHFFFAOYSA-N,Nc1ccccc1-n1sc2ccccc2c1=O,O=c1c2ccccc2sn1-c1ccccc1,6.886056647693163,sars2_3cl,coronaviral,IC50,242.303,0.21428571428571427,False,False,False,False
PSHQNZJSKHFHFV-UHFFFAOYSA-N,CC(C)Cn1c(Cc2ccccc2)nc2cc(O)c(O)c(O)c2c1=O,O=c1[nH]c(Cc2ccccc2)nc2ccccc12,6.33161408331,sars2_3cl,coronaviral,IC50,340.3790000000001,0.2112676056338028,False,False,False,False
PSPQLNMEUCBJRX-LJQANCHMSA-N,Cc1ccc(OCCN(C)C)cc1C(=O)N[C@H](C)c1cc(-c2cn[nH]c2)cc(-c2cccs2)c1,O=C(NCc1cc(-c2cn[nH]c2)cc(-c2cccs2)c1)c1ccccc1,7.096910013008056,sars2_3cl,coronaviral,IC50,474.63000000000017,0.21839080459770116,False,False,False,False
PSRQNNDOHLXRFS-UHFFFAOYSA-N,CCn1cc2cc(Nc3nc(=O)n(Cc4ncn(C)n4)c(=O)n3Cc3cc(F)c(F)cc3F)c(Cl)cc2n1,O=c1nc(Nc2ccc3n[nH]cc3c2)n(Cc2ccccc2)c(=O)n1Cc1nc[nH]n1,7.853871964321762,sars2_3cl,coronaviral,IC50,545.9130000000001,0.16304347826086957,False,False,False,False
PTBNPORYEXERDS-UHFFFAOYSA-N,COCC[S+]([O-])c1nnc(-c2ccc(Cl)cc2)o1,c1ccc(-c2nnco2)cc1,6.3872161432802645,sars2_3cl,coronaviral,IC50,286.74,0.16666666666666666,False,False,False,False
PTGYXJBPMNPISM-ZQIUZPCESA-N,COc1ccc(C(F)(F)F)c2[nH]c(C(=O)N[C@@H](CC(C)C)C(=O)N[C@H](C#N)C[C@@H]3CCNC3=O)cc12,O=C(CNC(=O)c1cc2ccccc2[nH]1)NCCC1CCNC1=O,7.638272163982407,sars2_3cl,coronaviral,Ki,507.5130000000004,0.22,False,False,False,False
PTPKDVBJZQYYAA-OMBLBEMTSA-N,CC1(C)[C@@H]2[C@@H](C(=O)N[C@H](C=O)C[C@@H]3CCNC3=O)N(C(=O)CCc3cccc(F)c3)C[C@@H]21,O=C1NCCC1CCNC(=O)C1C2CC2CN1C(=O)CCc1ccccc1,7.782516055786093,sars2_3cl,coronaviral,IC50,443.5190000000002,0.2823529411764706,False,False,False,False
PTTIGZHWNGKYAO-BPNDGJTPSA-N,O=C[C@H](C[C@@H]1CCNC1=O)NC(=O)[C@@H]1[C@H]2CCC[C@H]2CN1C(=O)COc1ccc(Cl)cc1,O=C1NCCC1CCNC(=O)C1C2CCCC2CN1C(=O)COc1ccccc1,8.04098483160756,sars2_3cl,coronaviral,IC50,461.94600000000025,0.2391304347826087,False,False,False,False
PTVWECVVWMUSOK-UHFFFAOYSA-N,Cc1cncc(CC(=O)N2CCc3cc(Cl)c(Cl)cc3C2)c1,O=C(Cc1cccnc1)N1CCc2ccccc2C1,5.638272163982407,sars2_3cl,coronaviral,IC50,335.23400000000004,0.3125,False,False,False,False
PUDFTLRNHLQJHN-UHFFFAOYSA-N,N#Cc1ccccc1-c1cc(-c2cc(Cl)cc(OCc3ccccc3)c2)c(=O)n(-c2cccnc2)c1,O=c1c(-c2cccc(OCc3ccccc3)c2)cc(-c2ccccc2)cn1-c1cccnc1,6.552841968657781,sars2_3cl,coronaviral,IC50,489.96200000000016,0.19101123595505617,False,False,False,False
PUHUUEYLYYLTGI-DNBQFIKMSA-N,C=C1CC[C@H]2[C@@](C)(CCC[C@]2(C)C(=O)O)[C@@H]1C/C=C(\C)[C@@H]1CCc2c(O)c(CC3C(=O)C(C(C)=O)=C(O)C(C)(C)C3O)c(O)c(C(=O)CCC)c2O1,C=C1CCC2CCCCC2C1CC=CC1CCc2cc(CC3CCC=CC3=O)ccc2O1,5.18837535480105,sars2_3cl,coronaviral,IC50,720.9000000000002,0.13559322033898305,False,False,False,False
PUHUUEYLYYLTGI-DNBQFIKMSA-N,C=C1CC[C@H]2[C@@](C)(CCC[C@]2(C)C(=O)O)[C@@H]1C/C=C(\C)[C@@H]1CCc2c(O)c(CC3C(=O)C(C(C)=O)=C(O)C(C)(C)C3O)c(O)c(C(=O)CCC)c2O1,C=C1CCC2CCCCC2C1CC=CC1CCc2cc(CC3CCC=CC3=O)ccc2O1,4.85035533295616,sars2_3cl,coronaviral,Kd,720.9000000000002,0.13559322033898305,False,False,False,False
PUHUUEYLYYLTGI-ZNALYMAFSA-N,C=C1CC[C@H]2[C@@](C)(CCC[C@]2(C)C(=O)O)[C@@H]1C/C=C(\C)[C@H]1CCc2c(O)c(CC3C(=O)C(C(C)=O)=C(O)C(C)(C)C3O)c(O)c(C(=O)CCC)c2O1,C=C1CCC2CCCCC2C1CC=CC1CCc2cc(CC3CCC=CC3=O)ccc2O1,5.1716634770575745,sars2_3cl,coronaviral,IC50,720.9000000000002,0.13559322033898305,False,False,False,False
PUHUUEYLYYLTGI-ZNALYMAFSA-N,C=C1CC[C@H]2[C@@](C)(CCC[C@]2(C)C(=O)O)[C@@H]1C/C=C(\C)[C@H]1CCc2c(O)c(CC3C(=O)C(C(C)=O)=C(O)C(C)(C)C3O)c(O)c(C(=O)CCC)c2O1,C=C1CCC2CCCCC2C1CC=CC1CCc2cc(CC3CCC=CC3=O)ccc2O1,4.882741358243656,sars2_3cl,coronaviral,Kd,720.9000000000002,0.13559322033898305,False,False,False,False
PVDYZBQXTXPYJZ-UHFFFAOYSA-N,O=c1c2c(O)c(O)c(O)cc2nc(-c2ccccc2)n1-c1ccc(Br)cc1F,O=c1c2ccccc2nc(-c2ccccc2)n1-c1ccccc1,6.684029654543082,sars2_3cl,coronaviral,IC50,443.22800000000007,0.18181818181818182,False,False,False,False
PVFYXHVAXJERPA-UHFFFAOYSA-N,CC(=O)OCC1Cc2c(-c3ccccn3)cccc2-c2c(O)ccc(Cc3ccccc3)c21,c1ccc(Cc2cccc3c2CCc2c(-c4ccccn4)cccc2-3)cc1,4.9434762759209,sars2_3cl,coronaviral,IC50,435.52300000000025,0.21505376344086022,False,False,False,False
PVLZQQLCXKTQDL-UHFFFAOYSA-N,COc1ccc2[se]n(-c3ccccc3)c(=O)c2c1,O=c1c2ccccc2[se]n1-c1ccccc1,5.201410153601382,sars2_3cl,coronaviral,IC50,304.20700000000005,0.24193548387096775,False,False,False,False
PVQMADYNRAANRQ-XMMPIXPASA-N,CC(C)(C)NC(=O)[C@@H](c1cccnc1)N(C(=O)c1cnco1)c1ccc(-c2ccccc2)cc1,O=C(c1cnco1)N(Cc1cccnc1)c1ccc(-c2ccccc2)cc1,5.3036436112666685,sars2_3cl,coronaviral,IC50,454.53000000000014,0.25,False,False,False,False
PVWNMDYWGYTAKO-XMMPIXPASA-N,Cc1ccc(OCCN(C)C)cc1C(=O)N[C@H](C)c1cc(-c2ccc(N3CCOCC3)nc2)cc(-c2cnn(C)c2)c1,O=C(NCc1cc(-c2ccc(N3CCOCC3)nc2)cc(-c2cn[nH]c2)c1)c1ccccc1,7.096910013008056,sars2_3cl,coronaviral,IC50,568.7220000000003,0.24074074074074073,False,False,False,False
PVXINZLXDUDSLJ-AXHNFQJDSA-N,CC(C)(C)C[C@H](NC(=O)c1cc2cc(Cl)ccc2[nH]1)C(=O)N[C@H](C#N)C[C@@H]1CCNC1=O,O=C(CNC(=O)c1cc2ccccc2[nH]1)NCCC1CCNC1=O,6.821023052706831,sars2_3cl,coronaviral,Ki,457.9620000000002,0.20652173913043478,False,False,False,False
PWGCVQUCOPISOA-ATIWLJMLSA-N,CO[C@H]1C[C@@H](C(=O)N[C@H](C=O)C[C@@H]2CCNC2=O)N(C(=O)[C@@H](NC(=O)OC(C)(C)C)C(C)C)C1,O=C1NCCC1CCNC(=O)C1CCCN1,9.619788758288394,sars2_3cl,coronaviral,IC50,482.57800000000026,0.25806451612903225,False,False,False,False
PWGCVQUCOPISOA-JCECYMMASA-N,CO[C@@H]1C[C@@H](C(=O)N[C@H](C=O)C[C@@H]2CCNC2=O)N(C(=O)[C@@H](NC(=O)OC(C)(C)C)C(C)C)C1,O=C1NCCC1CCNC(=O)C1CCCN1,5.37716452047848,sars2_3cl,coronaviral,IC50,482.57800000000026,0.25806451612903225,False,False,False,False
PXIKQECKJAAWLY-UHFFFAOYSA-N,N#Cc1ccc2c(c1)NC1=C(C(=O)CCC1)C(c1ccc(C(F)(F)F)cc1)N2C(=O)CCl,O=C1CCCC2=C1C(c1ccccc1)Nc1ccccc1N2,5.735182176990463,sars2_3cl,coronaviral,IC50,459.855,0.2558139534883721,False,False,False,False
PXPFKYBINQAOCO-ZUWCUPBKSA-N,CC(C)(C)[C@H](NC(=O)C(F)(F)F)C(=O)N(C(=O)[C@@H]1C[C@@H](C(F)(F)F)CN1)[C@H](C#N)C[C@@H]1CCNC1=O,O=C1NCCC1CCNC(=O)C1CCCN1,8.397940008672037,sars2_3cl,coronaviral,Ki,527.4660000000002,0.14705882352941177,False,False,False,False
PXPZZZZQRNCWHX-UHFFFAOYSA-N,CC(C)Cn1c(C(=O)NCCCNC(=O)n2cc(F)c(=O)[nH]c2=O)cc2ccccc21,O=C(NCCCNC(=O)n1ccc(=O)[nH]c1=O)c1cc2ccccc2[nH]1,6.013228265733755,sars2_3cl,coronaviral,IC50,429.4520000000001,0.23170731707317074,False,False,False,False
PYHLPFARYCTNSX-UHFFFAOYSA-N,CC1CC(=O)C2=C(C1)Nc1cc([N+](=O)[O-])ccc1N(C(=O)CCl)C2,O=C1CCCC2=C1CNc1ccccc1N2,4.939302159646388,sars2_3cl,coronaviral,IC50,349.7740000000001,0.18604651162790697,False,False,False,False
PYIWICVOQQVJPA-OIPGFMIKSA-N,CCCC[C@H](NC(=O)OCc1ccccc1)C(=O)N[C@H](/C=C/C(C)=O)C[C@@H]1CCNC1=O,O=C(CNC(=O)OCc1ccccc1)NCCC1CCNC1=O,6.585026652029182,sars2_3cl,coronaviral,Ki,443.5440000000002,0.2608695652173913,False,False,False,False
PYLGHNYKAOQOOX-UHFFFAOYSA-N,O=C(NCCCNC(=O)n1cc(F)c(=O)[nH]c1=O)c1ccc2cc[nH]c2c1,O=C(NCCCNC(=O)n1ccc(=O)[nH]c1=O)c1ccc2cc[nH]c2c1,5.619788758288394,sars2_3cl,coronaviral,IC50,373.3440000000001,0.28378378378378377,False,False,False,False
PYNQEXRMUZGFQO-VFPJVFCJSA-N,CC(C)C[C@H](NC(=O)[C@H](CC1CCCCC1)NC(=O)/C=C/c1ccccc1)C(=O)N[C@H](C=O)C[C@@H]1CCCNC1=O,O=C(C=Cc1ccccc1)NC(CC1CCCCC1)C(=O)NCC(=O)NCCC1CCCNC1=O,5.824778199656947,sars2_3cl,coronaviral,IC50,566.7430000000002,0.20618556701030927,False,False,False,False
PYWDUZMPZHOKKQ-UCNVUYJDSA-N,CC(=O)/C=C/[C@H](C[C@@H]1CCNC1=O)NC(=O)[C@H](CC(C)(C)C)NC(=O)OCc1ccccc1,O=C(CNC(=O)OCc1ccccc1)NCCC1CCNC1=O,6.380906669373257,sars2_3cl,coronaviral,Ki,457.5710000000002,0.23655913978494625,False,False,False,False
QADZKHDKMWRSJX-UHFFFAOYSA-N,O=C(Cn1sc2cc(F)ccc2c1=O)Nc1cc(Cl)cc(Cl)c1,O=C(Cn1sc2ccccc2c1=O)Nc1ccccc1,6.721246399047171,sars2_3cl,coronaviral,IC50,371.22,0.22950819672131148,False,False,False,False
QAEHNJVQYRMTTQ-UHFFFAOYSA-N,O=c1[nH]c(-c2ccccc2O)nc2cc(O)c(O)c(O)c12,O=c1[nH]c(-c2ccccc2)nc2ccccc12,4.737905035325936,sars2_3cl,coronaviral,IC50,286.243,0.16176470588235295,False,False,False,False
QAGJBUHXUXXXNX-JTGDWONASA-N,CC(C)C[C@H](NC(=O)OCC1CC(=O)N(Cc2ccccc2)C1)C(=O)N[C@H](C=O)C[C@@H]1CCNC1=O,O=C(CNC(=O)OCC1CC(=O)N(Cc2ccccc2)C1)NCCC1CCNC1=O,6.142667503568731,sars2_3cl,coronaviral,IC50,500.59600000000023,0.25274725274725274,False,False,False,False
QAPQDEQPRAMXJC-UHFFFAOYSA-N,O=C(Oc1cncc(Cl)c1)c1ccc(I)cc1F,O=C(Oc1cccnc1)c1ccccc1,7.826813731587726,sars2_3cl,coronaviral,IC50,377.54,0.19672131147540983,False,False,False,False
QATGGCSZDOLZDB-HTOQQRHYSA-N,CC1(C)CCCC[C@@H]2C[C@@H](C[C@@H](C#N)NC(=O)[C@@H]3[C@@H]4[C@H](CN3C(=O)[C@H]1NC(=O)C(F)(F)F)C4(C)C)C(=O)N2,O=C1NC2CCCCCCC(=O)N3CC4CC4C3C(=O)NCCC1C2,8.0,sars2_3cl,coronaviral,IC50,539.5990000000003,0.16494845360824742,False,False,False,False
QBKCBYWSUOLQKC-UHFFFAOYSA-N,Cc1nnc(SC(=O)c2ccc(C#Cc3ccccc3)o2)s1,O=C(Sc1nncs1)c1ccc(C#Cc2ccccc2)o1,6.6020599913279625,sars2_3cl,coronaviral,IC50,326.40200000000004,0.1839080459770115,False,False,False,False
QBKCBYWSUOLQKC-UHFFFAOYSA-N,Cc1nnc(SC(=O)c2ccc(C#Cc3ccccc3)o2)s1,O=C(Sc1nncs1)c1ccc(C#Cc2ccccc2)o1,7.46344155742847,sars2_3cl,coronaviral,Ki,326.40200000000004,0.1839080459770115,False,False,False,False
QBKSDNWJJWGBRJ-UHFFFAOYSA-N,O=c1[nH]c(-c2ccccc2Cl)nc2cc(O)c(O)c(O)c12,O=c1[nH]c(-c2ccccc2)nc2ccccc12,6.361510743045363,sars2_3cl,coronaviral,IC50,304.689,0.19607843137254902,False,False,False,False
QBKSWRVVCFFDOT-UHFFFAOYSA-N,Cc1cc2c(C(C)C)c(O)c(O)c(C=O)c2c(O)c1-c1c(C)cc2c(C(C)C)c(O)c(O)c(C=O)c2c1O,c1ccc2cc(-c3ccc4ccccc4c3)ccc2c1,4.849243560139691,sars2_3cl,coronaviral,IC50,518.5620000000004,0.14864864864864866,False,False,False,False
QBPGYDYJTIUYEC-XEZPLFJOSA-N,COc1cccc2[nH]c(C(=O)N[C@@H](CCC(F)(F)F)C(=O)N[C@H](C#N)C[C@@H]3CCNC3=O)cc12,O=C(CNC(=O)c1cc2ccccc2[nH]1)NCCC1CCNC1=O,6.51999305704285,sars2_3cl,coronaviral,Ki,479.45900000000023,0.2268041237113402,False,False,False,False
QBXVXKRWOVBUDB-GRKNLSHJSA-N,Cc1c(COc2cc(OCc3cccc(C#N)c3)c(CN3C[C@H](O)C[C@@H]3C(=O)O)cc2Cl)cccc1-c1ccc2c(c1)OCCO2,c1ccc(COc2cc(OCc3cccc(-c4ccc5c(c4)OCCO5)c3)ccc2CN2CCCC2)cc1,7.962573502059376,sars2_3cl,coronaviral,IC50,641.1200000000001,0.22772277227722773,False,False,False,False
QCBNVFQVCFCEKC-UHFFFAOYSA-N,O=C1CCN(C(=O)C2CN(c3ccc(Cl)c(Cl)c3)CCN2C(=O)c2cc(=O)[nH]c3ccccc23)CC1,O=C1CCN(C(=O)C2CN(c3ccccc3)CCN2C(=O)c2cc(=O)[nH]c3ccccc23)CC1,5.480172006224281,sars2_3cl,coronaviral,IC50,527.4080000000002,0.23809523809523808,False,False,False,False
QCHRRORBILDLMB-NJSLBKSFSA-N,CC(C)(C)C[C@H](NC(=O)c1cc2c(Cl)cccc2[nH]1)C(=O)N[C@H](C#N)C[C@@H]1CCNC1=O,O=C(CNC(=O)c1cc2ccccc2[nH]1)NCCC1CCNC1=O,6.982966660701219,sars2_3cl,coronaviral,Ki,457.9620000000002,0.19791666666666666,False,False,False,False
QCRLRBSKQJIUTG-MPGHIAIKSA-N,COc1cccc2[nH]c(C(=O)N[C@@H](CC(C)C)C(=O)N[C@H](C=O)C[C@@H]3CCNC3=O)cc12,O=C(CNC(=O)c1cc2ccccc2[nH]1)NCCC1CCNC1=O,7.221848749616356,sars2_3cl,coronaviral,IC50,442.5160000000002,0.22727272727272727,False,False,False,False
QDIMHKWNHMVDJB-WBAXXEDZSA-N,COc1cccc2[nH]c(C(=O)N[C@@H](CC(C)C)C(=O)N[C@@H](C[C@@H]3CCNC3=O)C(=O)CO)cc12,O=C(CNC(=O)c1cc2ccccc2[nH]1)NCCC1CCNC1=O,9.568636235841012,sars2_3cl,coronaviral,Ki,472.54200000000026,0.22727272727272727,False,False,False,False
QDWHSJXGPQHPEA-QIJZPMMNSA-N,CC(C)C[C@H](NC(=O)[C@@H](NC(=O)c1ccccn1)C(C)C)C(=O)N[C@H](C=O)C[C@@H]1CCCNC1=O,O=C(CNC(=O)CNC(=O)c1ccccn1)NCCC1CCCNC1=O,6.247951552180561,sars2_3cl,coronaviral,IC50,487.60100000000034,0.20224719101123595,False,False,False,False
QEJRGURBLQWEOU-FKBYEOEOSA-N,CCC[C@@H](C=O)NC(=O)[C@H](CC(C)C)NC(=O)[C@H](CC(C)C)NC(=O)OCc1ccccc1,c1ccccc1,5.503070351926786,sars2_3cl,coronaviral,IC50,461.60300000000024,0.2345679012345679,False,True,False,True
QEVGXZNIRSQQAE-KRWDZBQOSA-N,CC(C)C[C@H](NC(=O)OCc1ccccc1)C(=O)NN(Cc1cc[nH]n1)C(=O)CCl,O=C(CNC(=O)OCc1ccccc1)NNCc1cc[nH]n1,7.468521082957745,sars2_3cl,coronaviral,IC50,435.91200000000015,0.2,False,False,False,False
QFILEVBXLNLABP-FQEVSTJZSA-N,O=C(NCCC(F)(F)F)[C@@H]1CN(c2ccc(Cl)c(Cl)c2)CCN1C(=O)c1cc(=O)[nH]c2ccccc12,O=C(c1cc(=O)[nH]c2ccccc12)N1CCN(c2ccccc2)CC1,6.823908740944319,sars2_3cl,coronaviral,IC50,541.3570000000003,0.2222222222222222,False,False,False,False
QFILEVBXLNLABP-HXUWFJFHSA-N,O=C(NCCC(F)(F)F)[C@H]1CN(c2ccc(Cl)c(Cl)c2)CCN1C(=O)c1cc(=O)[nH]c2ccccc12,O=C(c1cc(=O)[nH]c2ccccc12)N1CCN(c2ccccc2)CC1,6.267606240177031,sars2_3cl,coronaviral,IC50,541.3570000000003,0.2222222222222222,False,False,False,False
QFILEVBXLNLABP-UHFFFAOYSA-N,O=C(NCCC(F)(F)F)C1CN(c2ccc(Cl)c(Cl)c2)CCN1C(=O)c1cc(=O)[nH]c2ccccc12,O=C(c1cc(=O)[nH]c2ccccc12)N1CCN(c2ccccc2)CC1,6.698970004336019,sars2_3cl,coronaviral,IC50,541.3570000000003,0.2222222222222222,False,False,False,False
QFRLDZGQEZCCJZ-UHFFFAOYSA-N,O=[N+]([O-])c1cnc(Sc2nnc(O)n2-c2ccc3c(c2)OCCO3)s1,c1csc(Sc2nncn2-c2ccc3c(c2)OCCO3)n1,6.522878745280337,sars2_3cl,coronaviral,IC50,379.3790000000002,0.18604651162790697,False,False,False,False
QFTTVHGJIGPMTG-OFQRWUPVSA-N,COC(=O)N[C@H](C(=O)N1CCC2(CC2)C[C@H]1C(=O)N[C@@H](CCC(C)(F)F)C(=O)C(N)=O)C(C)(C)C,C1CC2(CCN1)CC2,8.130768280269024,sars2_3cl,coronaviral,IC50,502.5590000000002,0.2247191011235955,False,False,False,False
QFWWLRCXQIIMLA-XAXKJMDRSA-N,CC(C)C[C@@H](C(=O)N1C[C@]2(C[C@H]1C=O)C(=O)Nc1ccccc12)N(C)C(=O)OCc1ccccc1,O=C(NCC(=O)N1CCC2(C1)C(=O)Nc1ccccc12)OCc1ccccc1,6.259637310505756,sars2_3cl,coronaviral,IC50,477.5610000000002,0.21348314606741572,False,False,False,False
QGGYUARATLXVFL-HILJTLORSA-N,O=C[C@H](C[C@@H]1CCNC1=O)NC(=O)[C@@H]1[C@H]2CCC[C@H]2CN1C(=O)c1cccnc1,O=C1NCCC1CCNC(=O)C1C2CCCC2CN1C(=O)c1cccnc1,6.1258081953209285,sars2_3cl,coronaviral,IC50,398.46300000000014,0.26436781609195403,False,False,False,False
QGHUSKVQGFFQDZ-UHFFFAOYSA-N,CC(C)(C)c1nc2cc(O)c(O)c(O)c2c(=O)[nH]1,O=c1[nH]cnc2ccccc12,5.388701637703571,sars2_3cl,coronaviral,IC50,250.254,0.16666666666666666,False,False,False,False
QGJZLNKBHJESQX-FZFNOLFKSA-N,C=C(C)[C@@H]1CC[C@]2(C(=O)O)CC[C@]3(C)[C@H](CC[C@@H]4[C@@]5(C)CC[C@H](O)C(C)(C)[C@@H]5CC[C@]43C)[C@@H]12,C1CCC2C(C1)CCC1C2CCC2C3CCCC3CCC21,5.0,sars2_3cl,coronaviral,IC50,456.7110000000003,0.12987012987012986,False,False,False,False
QGNQEKJDMJPWOT-QESAQDPVSA-N,CC(C)C[C@H](NC(=O)OC[C@@H]1CCC(=O)N1Cc1cccc(Cl)c1)C(=O)N[C@H](C=O)C[C@@H]1CCNC1=O,O=C(CNC(=O)OCC1CCC(=O)N1Cc1ccccc1)NCCC1CCNC1=O,6.958607314841775,sars2_3cl,coronaviral,IC50,535.0410000000002,0.25263157894736843,False,False,False,False
QHAHSNXJBQCKEG-NWVWQQAFSA-N,COc1cccc2[nH]c(C(=O)N[C@@H](CC(C)C)C(=O)N[C@@H](C[C@@H]3CCCNC3=O)C(=O)COC(=O)c3c(Cl)cccc3Cl)cc12,O=C(CNC(=O)c1cc2ccccc2[nH]1)NC(CC1CCCNC1=O)C(=O)COC(=O)c1ccccc1,8.193820026016112,sars2_3cl,coronaviral,IC50,659.5670000000002,0.26,False,False,False,False
QHJSDYSGESTDKN-FSSWDIPSSA-N,CC(C)C[C@H](NC(=O)OCC1CN(C(=O)Cc2ccccc2)C1)C(=O)N[C@H](C=O)C[C@H]1CCNC1=O,O=C(CNC(=O)OCC1CN(C(=O)Cc2ccccc2)C1)NCCC1CCNC1=O,6.080921907623926,sars2_3cl,coronaviral,IC50,500.59600000000023,0.26136363636363635,False,False,False,False
QHSFXRHMJCDQMU-KEKPXRHTSA-N,CC(C)C[C@H](NC(=O)[C@H](Cc1ccc(F)cc1)NC(=O)OCc1ccccc1)C(=O)NC(C=O)Cc1cccc(F)c1,O=C(CNC(=O)C(Cc1ccccc1)NC(=O)OCc1ccccc1)NCCc1ccccc1,6.199998172182031,sars2_3cl,coronaviral,IC50,579.6440000000003,0.23529411764705882,False,False,False,False
QHXIEOUYOSYVEB-PFHORGDFSA-N,CCCCC1CCC(COC(=O)N[C@@H](CC(C)C)C(=O)N[C@H](C=O)C[C@@H]2CCNC2=O)CC1,O=C(CNC(=O)OCC1CCCCC1)NCCC1CCNC1=O,6.769551078621726,sars2_3cl,coronaviral,IC50,465.6350000000003,0.18947368421052632,False,False,False,False
QIEJKRXGUXSDJT-QZQOTICOSA-N,CN1C(=O)/C(=C2/C(=O)N(CCN3CCCC3)c3ccccc32)c2ccccc21,O=C1Nc2ccccc2C1=C1C(=O)N(CCN2CCCC2)c2ccccc21,5.939302159646388,sars2_3cl,coronaviral,IC50,373.456,0.21875,False,False,False,False
QIEJKRXGUXSDJT-QZQOTICOSA-N,CN1C(=O)/C(=C2/C(=O)N(CCN3CCCC3)c3ccccc32)c2ccccc21,O=C1Nc2ccccc2C1=C1C(=O)N(CCN2CCCC2)c2ccccc21,6.154901959985743,sars2_3cl,coronaviral,Kd,373.456,0.21875,False,False,False,False
QJCAWERZKXLFIJ-QNILMXGZSA-N,CC(C)[C@H](NC(=O)C(F)(F)F)C(=O)N1C[C@H]2[C@@H]([C@H]1C(=O)N[C@H](C#N)C[C@@H]1CCNC1=O)C2(C)C,O=C1NCCC1CCNC(=O)C1NCC2CC21,7.677288865325454,sars2_3cl,coronaviral,Ki,485.50700000000023,0.1782178217821782,False,False,False,False
QJDMARSQHXLLBE-HMWINLLGSA-N,COc1cccc2[nH]c(C(=O)N(C)[C@@H](CC(C)(C)F)C(=O)N3C[C@]4(C[C@H]3C#N)C(=O)Nc3ccccc34)cc12,O=C(NCC(=O)N1CCC2(C1)C(=O)Nc1ccccc12)c1cc2ccccc2[nH]1,6.259637310505756,sars2_3cl,coronaviral,IC50,531.5880000000003,0.24242424242424243,False,False,False,False
QJKQDAKMOLOLGR-UHFFFAOYSA-O,Cc1cc(C)cc(N2C(=O)C[n+]3ccccc3C2C(=O)Nc2ccc(Cl)cc2)c1,O=C(Nc1ccccc1)C1c2cccc[n+]2CC(=O)N1c1ccccc1,5.055517327849831,sars2_3cl,coronaviral,IC50,406.89300000000003,0.23076923076923078,False,False,False,False
QKCAVMMSYLEWKB-UHFFFAOYSA-N,COc1cc2c(cc1Cl)nc(SCC(=O)N1CCOC1=O)n2Cc1ccccc1,O=C(CSc1nc2ccccc2n1Cc1ccccc1)N1CCOC1=O,4.279840696594043,sars2_3cl,coronaviral,IC50,431.90100000000024,0.275,False,False,False,False
QKMHDLFYZHBBIU-OAQYLSRUSA-N,Cc1ccc(OCCN(C)C)cc1C(=O)N[C@H](C)c1cc(-c2ccn(C)n2)cc(-c2ccn(C3CC3)n2)c1,O=C(NCc1cc(-c2cc[nH]n2)cc(-c2ccn(C3CC3)n2)c1)c1ccccc1,6.920818753952375,sars2_3cl,coronaviral,IC50,512.6580000000004,0.21839080459770116,False,False,False,False
QLAJLUQOOKGTAG-VWLOTQADSA-N,COc1ccc(OC)c(CN(C#N)N(C)C(=O)[C@H](Cc2ccccc2)NC(=O)OCc2ccccc2)c1,O=C(NC(Cc1ccccc1)C(=O)NNCc1ccccc1)OCc1ccccc1,6.083019952679617,sars2_3cl,coronaviral,IC50,502.5710000000002,0.25333333333333335,False,False,False,False
QLGUUVBDAVRWET-GIDUJCDVSA-N,NC(=S)N/N=C/c1cc(-c2ccc(C(=O)O)cc2)co1,c1ccc(-c2ccoc2)cc1,4.60977163753087,sars2_3cl,coronaviral,IC50,289.31600000000003,0.1935483870967742,False,False,False,False
QLWOSILDDBBNKU-TXTZMMAHSA-N,CC(C)(C)C[C@H](NC(=O)[C@H]1CC[C@H](C#N)CC1)C(=O)N[C@@H](C#N)C[C@@H]1CCNC1=O,O=C(CNC(=O)C1CCCCC1)NCCC1CCNC1=O,6.217527375833714,sars2_3cl,coronaviral,Ki,415.5380000000001,0.18604651162790697,False,False,False,False
QLYRKCQJXUHZTQ-UHFFFAOYSA-N,O=C(NCCCC(F)(F)F)C1CN(c2ccc(Cl)c(Cl)c2)CCN1C(=O)c1cc(=O)[nH]c2ccccc12,O=C(c1cc(=O)[nH]c2ccccc12)N1CCN(c2ccccc2)CC1,6.698970004336019,sars2_3cl,coronaviral,IC50,555.3840000000004,0.21739130434782608,False,False,False,False
QMCKKQSOOPTFSV-AXJMSPCVSA-N,CC(C)C[C@H](NC(=O)[C@H](Cc1ccc(F)cc1)NC(=O)OCc1ccccc1)C(=O)NC(C=O)Cc1ccco1,O=C(CNC(=O)C(Cc1ccccc1)NC(=O)OCc1ccccc1)NCCc1ccco1,6.900008766455315,sars2_3cl,coronaviral,IC50,551.6150000000004,0.2413793103448276,False,False,False,False
QMMGDEBLYKOVFX-UHFFFAOYSA-N,O=C(NCCC1CCCC1)n1cc(F)c(=O)[nH]c1=O,O=C(NCCC1CCCC1)n1ccc(=O)[nH]c1=O,5.337242168318426,sars2_3cl,coronaviral,IC50,269.276,0.23076923076923078,False,False,False,False
QMOLFHLCHURCHA-MOIVGNJTSA-N,COC(=O)N[C@H](C(=O)N1CC2(C[C@H]1C(=O)N[C@@H](CCC(C)(F)F)C(=O)C(=O)NC1CC1)CC2(F)F)C(C)(C)C,O=C(CNC(=O)C1CC2(CC2)CN1)C(=O)NC1CC1,7.823908740944319,sars2_3cl,coronaviral,IC50,564.5770000000001,0.18556701030927836,False,False,False,False
QMPBBNUOBOFBFS-UHFFFAOYSA-N,Cn1cnc(Cn2c(=O)[nH]/c(=N\c3cc4cn(C)nc4cc3Cl)n(Cc3cc(F)c(F)cc3F)c2=O)n1,O=c1[nH]c(=Nc2ccc3n[nH]cc3c2)n(Cc2ccccc2)c(=O)n1Cc1nc[nH]n1,8.221848749616356,sars2_3cl,coronaviral,Kd,531.8860000000001,0.17777777777777778,False,False,False,False
QNHZLRIQZGEWAC-UHFFFAOYSA-N,COc1cc(NC(=O)Cn2sc3cc(F)ccc3c2=O)cc(OC)c1,O=C(Cn1sc2ccccc2c1=O)Nc1ccccc1,6.920818753952375,sars2_3cl,coronaviral,IC50,362.3820000000001,0.25,False,False,False,False
QNOCRUSVMMAKSC-CCEZHUSRSA-N,CN1C(=O)/C(=C2/C(=O)Nc3ccccc32)c2ccccc21,O=C1Nc2ccccc2C1=C1C(=O)Nc2ccccc21,4.805485658117533,sars2_3cl,coronaviral,IC50,276.295,0.18333333333333332,False,False,False,False
QNVGRQLQPFCNPP-UHFFFAOYSA-N,O=C(Cn1sc2cccc(C(F)(F)F)c2c1=O)Nc1ccccc1,O=C(Cn1sc2ccccc2c1=O)Nc1ccccc1,6.649364391741045,sars2_3cl,coronaviral,IC50,352.337,0.24,False,False,False,False
QOJHUOHZVTVTCS-LOEFQNHASA-N,CC(C)C[C@H](NC(=O)OCC1CC(=O)N(CC2CC3C=CC2C3)C1)C(=O)N[C@@H](C[C@@H]1CCNC1=O)C(O)S(=O)(=O)O,O=C(CNC(=O)OCC1CC(=O)N(CC2CC3C=CC2C3)C1)NCCC1CCNC1=O,6.721246399047171,sars2_3cl,coronaviral,IC50,598.7190000000004,0.18627450980392157,False,False,False,False
QOLKOUDNYUMULW-FGZHOGPDSA-N,O=C(NCc1ccccn1)C(=O)[C@@H](Cc1ccccc1)NC(=O)[C@H]1CC(F)(F)CN1C(=O)C1CCC(F)(F)CC1,O=C(NCc1ccccn1)C(=O)C(Cc1ccccc1)NC(=O)C1CCCN1C(=O)C1CCCCC1,7.962573502059376,sars2_3cl,coronaviral,IC50,562.5640000000002,0.23333333333333334,False,False,False,False
QOQJVJROCYJTFE-VXKWHMMOSA-N,CCCCCCCC(=O)NCC(=O)N[C@@H](Cc1ccccc1)C(=O)N[C@H](C=O)Cc1c[nH]cn1,O=C(CCc1ccccc1)NCCc1c[nH]cn1,5.625251653989896,sars2_3cl,coronaviral,IC50,469.5860000000001,0.20224719101123595,False,False,False,False
QOQJVJROCYJTFE-VXKWHMMOSA-N,CCCCCCCC(=O)NCC(=O)N[C@@H](Cc1ccccc1)C(=O)N[C@H](C=O)Cc1c[nH]cn1,O=C(CCc1ccccc1)NCCc1c[nH]cn1,6.148032054278579,sars2_3cl,coronaviral,Kd,469.5860000000001,0.20224719101123595,False,False,False,False
QOTCXAAPBLFELK-NRFANRHFSA-N,CN(Cc1cccs1)C(=O)[C@@H]1CN(C(=O)c2cccnc2)CCN1c1ccc(Cl)c(Cl)c1,O=C(NCc1cccs1)C1CN(C(=O)c2cccnc2)CCN1c1ccccc1,5.886056647693163,sars2_3cl,coronaviral,IC50,489.4280000000002,0.2441860465116279,False,False,False,False
QOTVXHVQJYHEFL-OYDLWJJNSA-N,COc1cccc2[nH]c(C(=O)N[C@@H](CC(C)C)C(=O)N[C@@H](C[C@@H]3CCCNC3=O)C(=O)COC(=O)C3(C(F)(F)F)CCCCC3)cc12,O=C(CNC(=O)c1cc2ccccc2[nH]1)NC(CC1CCCNC1=O)C(=O)COC(=O)C1CCCCC1,7.06398920428479,sars2_3cl,coronaviral,IC50,664.7220000000001,0.21818181818181817,False,False,False,False
QOVPDOWCMZTKDR-VWLOTQADSA-N,CN(C(=O)[C@H](Cc1ccccc1)NC(=O)CCc1ccc(F)c(F)c1)N(C#N)Cc1ccc(Cl)cc1,O=C(CCc1ccccc1)NC(Cc1ccccc1)C(=O)NNCc1ccccc1,5.847711655616944,sars2_3cl,coronaviral,IC50,510.9720000000002,0.19767441860465115,False,False,False,False
QOZJQFWNIXDYHX-UHFFFAOYSA-N,CC(=O)OCC1Cc2c(-c3cc(C)ccn3)cccc2-c2c(O)ccc(C)c21,c1ccc(-c2cccc3c2CCc2ccccc2-3)nc1,4.1664704182413566,sars2_3cl,coronaviral,IC50,373.45200000000017,0.21518987341772153,False,False,False,False
QPUDRGNWMZOUFJ-LEAZDLGRSA-N,CC(C)C[C@H](NC(=O)[C@@H](NC(=O)c1ccoc1)C(C)C)C(=O)N[C@H](C=O)C[C@@H]1CCCNC1=O,O=C(CNC(=O)CNC(=O)c1ccoc1)NCCC1CCCNC1=O,6.761953896871205,sars2_3cl,coronaviral,IC50,476.5740000000003,0.18888888888888888,False,False,False,False
QPUJGGQTYJYUSI-UHFFFAOYSA-N,CSc1nc2ccccc2n1C(=O)c1ccccc1,O=C(c1ccccc1)n1cnc2ccccc21,5.60602989974387,sars2_3cl,coronaviral,IC50,268.341,0.2698412698412698,False,False,False,False
QQCDLDDDFKLBFB-AISPFEKNSA-N,O=C1C[C@H]2CCCN2C(=O)c2cncc(c2)/C=C/CCCCCOC(=O)[C@@H](Cc2ccc(Cl)cc2)N1,O=C1CC2CCCN2C(=O)c2cncc(c2)C=CCCCCCOC(=O)C(Cc2ccccc2)N1,7.7447274948966935,sars2_3cl,coronaviral,IC50,510.03400000000045,0.2391304347826087,False,False,False,False
QQWLOXPEKYHTRQ-UHFFFAOYSA-N,O=C(Cc1cncc(Br)c1)c1cnc(-c2ccc(Cl)cc2)o1,O=C(Cc1cccnc1)c1cnc(-c2ccccc2)o1,4.1249387366083,sars2_3cl,coronaviral,IC50,377.6250000000001,0.19736842105263158,False,False,False,False
QRCHFFNDYYKHQM-UHFFFAOYSA-N,COCCOc1cc(Cl)cc(-c2cc(-c3ccccc3C#N)cn(-c3cccnc3)c2=O)c1,O=c1c(-c2ccccc2)cc(-c2ccccc2)cn1-c1cccnc1,6.327902142064282,sars2_3cl,coronaviral,IC50,457.91700000000014,0.2,False,False,False,False
QREMQPVDTOTTLU-UHFFFAOYSA-N,OCC1Cc2c(-c3cc(-c4ccccc4)ccn3)cccc2-c2c(O)ccc(-c3ccc(Br)cc3)c21,c1ccc(-c2ccnc(-c3cccc4c3CCc3c(-c5ccccc5)cccc3-4)c2)cc1,5.809668301829708,sars2_3cl,coronaviral,IC50,534.4530000000002,0.18181818181818182,False,False,False,False
QREMQPVDTOTTLU-UHFFFAOYSA-N,OCC1Cc2c(-c3cc(-c4ccccc4)ccn3)cccc2-c2c(O)ccc(-c3ccc(Br)cc3)c21,c1ccc(-c2ccnc(-c3cccc4c3CCc3c(-c5ccccc5)cccc3-4)c2)cc1,5.215382707367125,sars2_3cl,coronaviral,Ki,534.4530000000002,0.18181818181818182,False,False,False,False
QRFWUTDNKUVKKL-ZEAPZOAHSA-N,O=C[C@H](C[C@@H]1CCNC1=O)NC(=O)[C@@H]1[C@H]2CCC[C@H]2CN1C(=O)COc1ccc(Cl)cc1F,O=C1NCCC1CCNC(=O)C1C2CCCC2CN1C(=O)COc1ccccc1,7.459670525209126,sars2_3cl,coronaviral,IC50,479.93600000000026,0.24468085106382978,False,False,False,False
QRGFWYKEVKWHRW-VYYCAZPPSA-N,CC1=NN(c2ccc(Cl)cc2)C(=O)/C1=C\c1ccc(OCc2cn(CC(=O)NCc3ccc(C(=O)O)cc3)nn2)cc1,O=C(Cn1cc(COc2ccc(C=C3C=NN(c4ccccc4)C3=O)cc2)nn1)NCc1ccccc1,5.500312917381596,sars2_3cl,coronaviral,IC50,585.0200000000003,0.17525773195876287,False,False,False,False
QRMWYINGLSUOMC-WJYPNWRHSA-N,CC(C)(F)C(=O)N[C@H](C(=O)N[C@@H](CSCc1ccccc1)C(=O)N1C[C@]2(C[C@H]1C#N)C(=O)Nc1ccccc12)C1CC1,O=C(CC1CC1)NC(CSCc1ccccc1)C(=O)N1CCC2(C1)C(=O)Nc1ccccc12,7.013228265733755,sars2_3cl,coronaviral,IC50,591.7090000000002,0.21904761904761905,False,False,False,False
QRTUECBYTYJXHL-ANMXJASRSA-N,CC(C)c1ccc(F)c2[nH]c(C(=O)N3C[C@H]4[C@@H]([C@H]3C(=O)N[C@H](C=O)C[C@@H]3CCNC3=O)C4(C)C)cc12,O=C1NCCC1CCNC(=O)C1C2CC2CN1C(=O)c1cc2ccccc2[nH]1,7.657577319177793,sars2_3cl,coronaviral,IC50,496.5830000000003,0.2,False,False,False,False
QSAYMUXKFGQYQN-HGRFCZHOSA-N,CC(C)C[C@H](NC(=O)OCC1CCN(Cc2ccccc2)C1=O)C(=O)N[C@@H](C[C@@H]1CCNC1=O)C(O)S(=O)(=O)O,O=C(CNC(=O)OCC1CCN(Cc2ccccc2)C1=O)NCCC1CCNC1=O,6.086186147616283,sars2_3cl,coronaviral,IC50,582.6760000000003,0.21359223300970873,False,False,False,False
QSDIPHPGFOUBGA-AREMUKBSSA-N,CC[C@H](C(=O)Nc1cc(NC2CCNCC2)ccc1C)n1cc(Cl)cc2nc(SCc3ccc(F)cc3)nc1-2,O=C(Cn1cccc2nc(SCc3ccccc3)nc1-2)Nc1cccc(NC2CCNCC2)c1,5.376750709602099,sars2_3cl,coronaviral,IC50,567.1340000000001,0.2127659574468085,False,False,False,False
QSDIPHPGFOUBGA-SANMLTNESA-N,CC[C@@H](C(=O)Nc1cc(NC2CCNCC2)ccc1C)n1cc(Cl)cc2nc(SCc3ccc(F)cc3)nc1-2,O=C(Cn1cccc2nc(SCc3ccccc3)nc1-2)Nc1cccc(NC2CCNCC2)c1,7.522878745280337,sars2_3cl,coronaviral,IC50,567.1340000000001,0.2127659574468085,False,False,False,False
QSDIPHPGFOUBGA-UHFFFAOYSA-N,CCC(C(=O)Nc1cc(NC2CCNCC2)ccc1C)n1cc(Cl)cc2nc(SCc3ccc(F)cc3)nc1-2,O=C(Cn1cccc2nc(SCc3ccccc3)nc1-2)Nc1cccc(NC2CCNCC2)c1,7.154901959985743,sars2_3cl,coronaviral,IC50,567.1340000000001,0.2127659574468085,False,False,False,False
QSDIPHPGFOUBGA-UHFFFAOYSA-N,CCC(C(=O)Nc1cc(NC2CCNCC2)ccc1C)n1cc(Cl)cc2nc(SCc3ccc(F)cc3)nc1-2,O=C(Cn1cccc2nc(SCc3ccccc3)nc1-2)Nc1cccc(NC2CCNCC2)c1,6.886056647693163,sars2_3cl,coronaviral,Kd,567.1340000000001,0.2127659574468085,False,False,False,False
QSFOOZWBMNWOTK-UHFFFAOYSA-N,Cc1cc(C)nc(SC(=O)c2ccc(C#Cc3ccccc3)o2)n1,O=C(Sc1ncccn1)c1ccc(C#Cc2ccccc2)o1,6.5406075122407685,sars2_3cl,coronaviral,IC50,334.40000000000003,0.21739130434782608,False,False,False,False
QSIVDNLIQZZKPL-YGIXKJNTSA-N,Cc1ccc(/C=C/C(=O)N[C@H](C(=O)N[C@@H](CC(C)C)C(=O)N[C@H](C=O)C[C@@H]2CCCNC2=O)C(C)C)cc1,O=C(C=Cc1ccccc1)NCC(=O)NCC(=O)NCCC1CCCNC1=O,6.707743928643524,sars2_3cl,coronaviral,IC50,526.6780000000003,0.17582417582417584,False,False,False,False
QSVDRGTXPDNZQZ-UHFFFAOYSA-N,O=C(CC1Sc2ncnn2C1=O)Nc1ccc(Br)cc1,O=C(CC1Sc2ncnn2C1=O)Nc1ccccc1,5.690369832574101,sars2_3cl,coronaviral,IC50,353.201,0.2,False,False,False,False
QTGORSKTHIBLJT-FIVJMQNTSA-N,O=C(/C=C/c1ccccc1)N[C@@H](CC1CCCCC1)C(=O)N[C@@H](C[C@@H]1CCNC1=O)C(=O)C(=O)NCc1ccccc1,O=C(C=Cc1ccccc1)NC(CC1CCCCC1)C(=O)NC(CC1CCNC1=O)C(=O)C(=O)NCc1ccccc1,6.7447274948966935,sars2_3cl,coronaviral,IC50,572.7060000000004,0.2247191011235955,False,False,False,False
QTGORSKTHIBLJT-OFUOTVDYSA-N,O=C(/C=C/c1ccccc1)N[C@@H](CC1CCCCC1)C(=O)N[C@@H](CC1CCNC1=O)C(=O)C(=O)NCc1ccccc1,O=C(C=Cc1ccccc1)NC(CC1CCCCC1)C(=O)NC(CC1CCNC1=O)C(=O)C(=O)NCc1ccccc1,6.7447274948966935,sars2_3cl,coronaviral,Ki,572.7060000000004,0.2247191011235955,False,False,False,False
QTVJNARRBFLHNT-PBTBVBJRSA-N,CC1CCC(CC(=O)N2C[C@H]3[C@@H]([C@H]2C(=O)N[C@H](C=O)C[C@@H]2CCNC2=O)C3(C)C)CC1,O=C1NCCC1CCNC(=O)C1C2CC2CN1C(=O)CC1CCCCC1,7.6020599913279625,sars2_3cl,coronaviral,IC50,431.57700000000034,0.2111111111111111,False,False,False,False
QTWROJFQZPJPGQ-ULBBIQHKSA-N,CC(C)C[C@H](NC(=O)OCC(C)(C)Oc1ccc(F)cc1)C(=O)N[C@@H](C[C@@H]1CCNC1=O)C(O)S(=O)(=O)O,O=C(CNC(=O)OCCOc1ccccc1)NCCC1CCNC1=O,6.638272163982407,sars2_3cl,coronaviral,IC50,561.6290000000002,0.17475728155339806,False,False,False,False
QUCWNKXKSLWZIK-UHFFFAOYSA-N,CC1=C(c2ccccc2)C1C(=O)NCc1nc(-c2cccc(C(F)(F)F)c2)no1,O=C(NCc1nc(-c2ccccc2)no1)C1C=C1c1ccccc1,4.8458804744841535,sars2_3cl,coronaviral,IC50,399.372,0.24358974358974358,False,False,False,False
QUESEGGQORSRBH-BTGSAOCRSA-N,CC(C)C[C@@H](C(=O)N1C[C@]2(C[C@H]1C#N)C(=O)Nc1ccccc12)N(C)C(=O)[C@H](C)NC(=O)C(C)C,O=C1Nc2ccccc2C12CCNC2,7.525783735923745,sars2_3cl,coronaviral,IC50,481.5970000000002,0.22826086956521738,False,False,False,False
QUEYKERATKOXBN-UHFFFAOYSA-N,CN(CC1COCCO1)C(=O)C1CN(c2ccc(Cl)c(Cl)c2)CCN1C(=O)c1cc(=O)[nH]c2ccccc12,O=C(NCC1COCCO1)C1CN(c2ccccc2)CCN1C(=O)c1cc(=O)[nH]c2ccccc12,5.583359492661719,sars2_3cl,coronaviral,IC50,559.4500000000003,0.20618556701030927,False,False,False,False
QUIIIYITNGOFEI-UHFFFAOYSA-N,Cc1ccc(-n2sc(=O)n(Cc3ccc(F)cc3)c2=O)cc1,O=c1sn(-c2ccccc2)c(=O)n1Cc1ccccc1,6.731090452463363,sars2_3cl,coronaviral,IC50,316.357,0.18840579710144928,False,False,False,False
QUIJNHUBAXPXFS-XLJNKUFUSA-N,COc1nc2ccc(Br)cc2cc1[C@@H](c1ccccc1)[C@@](O)(CCN(C)C)c1cccc2ccccc12,c1ccc(C(Cc2cccc3ccccc23)c2cnc3ccccc3c2)cc1,5.360513510731414,sars2_3cl,coronaviral,IC50,555.5160000000003,0.18888888888888888,False,False,False,False
QUSRZGWFJYPUNG-RZCQQDKOSA-N,CC(C)(C)CC(=O)N[C@H](C(=O)N1C[C@H]2[C@@H]([C@H]1C(=O)N[C@H](C=O)C[C@@H]1CCNC1=O)C2(C)C)C(C)(C)C,O=C1NCCC1CCNC(=O)C1NCC2CC21,5.130768280269024,sars2_3cl,coronaviral,EC50,504.6720000000003,0.1919191919191919,False,False,False,False
QUSRZGWFJYPUNG-RZCQQDKOSA-N,CC(C)(C)CC(=O)N[C@H](C(=O)N1C[C@H]2[C@@H]([C@H]1C(=O)N[C@H](C=O)C[C@@H]1CCNC1=O)C2(C)C)C(C)(C)C,O=C1NCCC1CCNC(=O)C1NCC2CC21,6.7447274948966935,sars2_3cl,coronaviral,IC50,504.6720000000003,0.1919191919191919,False,False,False,False
QVLYKOIILGAUEH-RBQQCVMASA-N,CCC(=O)C(=O)N(c1ccc(-c2ccccc2)cc1)C(C(=O)N[C@@H](C)c1ccccc1)c1cccnc1,O=C(NCc1ccccc1)C(Nc1ccc(-c2ccccc2)cc1)c1cccnc1,5.41907502432438,sars2_3cl,coronaviral,IC50,491.5910000000002,0.2608695652173913,False,False,False,False
QVUDAPUVFJLICX-LWAJAQLZSA-N,C[C@H](NC(=O)C(c1cccnc1)N(C(=O)c1ccco1)c1ccc(OC(C)(C)C)cc1)c1ccccc1,O=C(NCc1ccccc1)C(c1cccnc1)N(C(=O)c1ccco1)c1ccccc1,4.659952682338607,sars2_3cl,coronaviral,IC50,497.59500000000025,0.24675324675324675,False,False,False,False
QVYQZTGJOVRJOO-FUDKSRODSA-N,CC(=O)Oc1cccc(COC(=O)N[C@@H](CC2CCCCC2)C(=O)N[C@H](C=O)C[C@@H]2CCNC2=O)c1,O=C(NC(CC1CCCCC1)C(=O)NCCC1CCNC1=O)OCc1ccccc1,5.455931955649724,sars2_3cl,coronaviral,EC50,501.5800000000004,0.23333333333333334,False,False,False,False
QVYQZTGJOVRJOO-FUDKSRODSA-N,CC(=O)Oc1cccc(COC(=O)N[C@@H](CC2CCCCC2)C(=O)N[C@H](C=O)C[C@@H]2CCNC2=O)c1,O=C(NC(CC1CCCCC1)C(=O)NCCC1CCNC1=O)OCc1ccccc1,7.008773924307505,sars2_3cl,coronaviral,IC50,501.5800000000004,0.23333333333333334,False,False,False,False
QWAXKHKRTORLEM-UGJKXSETSA-N,CC(C)(C)NC(=O)[C@@H]1C[C@@H]2CCCC[C@@H]2CN1C[C@@H](O)[C@H](Cc1ccccc1)NC(=O)[C@H](CC(N)=O)NC(=O)c1ccc2ccccc2n1,O=C(CNC(=O)c1ccc2ccccc2n1)NC(CCN1CCC2CCCCC2C1)Cc1ccccc1,5.0034883278458215,sars2_3cl,coronaviral,IC50,670.855,0.21568627450980393,False,False,False,False
QWCRMGBICLCWQQ-QHCPKHFHSA-N,O=C(NCc1cccs1)[C@@H]1CN(C(=O)c2cc(=O)[nH]c3ccccc23)CCN1c1ccc(Cl)c(Cl)c1,O=C(NCc1cccs1)C1CN(C(=O)c2cc(=O)[nH]c3ccccc23)CCN1c1ccccc1,6.568636235841012,sars2_3cl,coronaviral,IC50,541.4600000000003,0.2247191011235955,False,False,False,False
QWOALMVPEQWBTM-ZQDZILKHSA-N,CC(C)(C)[C@H](NC(=O)C(F)(F)F)C(=O)N1CC2(CC2)C[C@H]1C(=O)N[C@H](C#N)C[C@@H]1CCNC1=O,O=C1NCCC1CCNC(=O)C1CC2(CC2)CN1,7.433916215832004,sars2_3cl,coronaviral,IC50,485.5070000000003,0.16831683168316833,False,False,False,False
QXBHVMNLTVALLC-VGOFMYFVSA-N,NC(=S)N/N=C/c1ccc(-c2cccc([N+](=O)[O-])c2)o1,c1ccc(-c2ccco2)cc1,5.092588639225414,sars2_3cl,coronaviral,IC50,290.30400000000003,0.1864406779661017,False,False,False,False
QXHXYCKSNIBVLF-UHFFFAOYSA-N,CC(=O)OCC1Cc2c(-c3ccc(F)cn3)cccc2-c2c(O)ccc(C)c21,c1ccc(-c2cccc3c2CCc2ccccc2-3)nc1,4.175223537524454,sars2_3cl,coronaviral,IC50,377.4150000000002,0.19230769230769232,False,False,False,False
QXKWOMXFWNDNIR-OLOOMHLZSA-N,CC(C)C[C@H](NC(=O)OCC1CCN(Cc2ccco2)C1=O)C(=O)N[C@H](C=O)C[C@@H]1CCNC1=O,O=C(CNC(=O)OCC1CCN(Cc2ccco2)C1=O)NCCC1CCNC1=O,5.707743928643524,sars2_3cl,coronaviral,IC50,490.55700000000024,0.20388349514563106,False,False,False,False
QXYRYZBQYGSDDJ-UHFFFAOYSA-N,COc1ccc2c(=O)n(CC(=O)Nc3ccccc3)sc2c1,O=C(Cn1sc2ccccc2c1=O)Nc1ccccc1,6.542723813938674,sars2_3cl,coronaviral,IC50,314.36600000000004,0.2898550724637681,False,False,False,False
QXZFQUKTESHNFG-UHFFFAOYSA-N,O=C(NCCCCc1ccccc1)n1cc(F)c(=O)[nH]c1=O,O=C(NCCCCc1ccccc1)n1ccc(=O)[nH]c1=O,5.4089353929735005,sars2_3cl,coronaviral,IC50,305.3090000000001,0.24285714285714285,False,False,False,False
QYENXTYKACLCGO-BZSNNMDCSA-N,CC(C)C[C@H](NC(=O)OCc1ccccc1)C(=O)N[C@H](C=O)C[C@@H]1CCNC1=O,O=C(CNC(=O)OCc1ccccc1)NCCC1CCNC1=O,6.3979400086720375,sars2_3cl,coronaviral,IC50,403.47900000000016,0.2222222222222222,False,False,False,False
QYENXTYKACLCGO-BZSNNMDCSA-N,CC(C)C[C@H](NC(=O)OCc1ccccc1)C(=O)N[C@H](C=O)C[C@@H]1CCNC1=O,O=C(CNC(=O)OCc1ccccc1)NCCC1CCNC1=O,6.823908740944319,sars2_3cl,coronaviral,Kd,403.47900000000016,0.2222222222222222,False,False,False,False
QYENXTYKACLCGO-FQECFTEESA-N,CC(C)C[C@H](NC(=O)OCc1ccccc1)C(=O)N[C@H](C=O)CC1CCNC1=O,O=C(CNC(=O)OCc1ccccc1)NCCC1CCNC1=O,5.301029995663981,sars2_3cl,coronaviral,IC50,403.47900000000016,0.2222222222222222,False,False,False,False
QYIPOLXXSPYNDW-HAGHYFMRSA-N,CC(C)(C)O[C@@H]1C[C@@H](C(=O)N[C@H](C=O)C[C@@H]2CCNC2=O)N(C(=O)OCc2ccccc2)C1,O=C1NCCC1CCNC(=O)C1CCCN1C(=O)OCc1ccccc1,6.251811972993799,sars2_3cl,coronaviral,IC50,459.5430000000002,0.21649484536082475,False,False,False,False
QYVZCVIALVJAJO-LHSAMUTISA-N,CN(C(=O)[C@@H](NC(=O)C(C)(C)F)C1CC1)[C@@H](CSCc1ccccc1)C(=O)N1C[C@]2(C[C@H]1C#N)C(=O)Nc1ccccc12,O=C(CC1CC1)NC(CSCc1ccccc1)C(=O)N1CCC2(C1)C(=O)Nc1ccccc12,7.366531544420414,sars2_3cl,coronaviral,IC50,605.7360000000002,0.2018348623853211,False,False,False,False
QZFNMJXKAUPAKK-UHFFFAOYSA-N,CC1=C(c2ccccc2)C1C(=O)NCc1nc(-c2cccc([N+](=O)[O-])c2)no1,O=C(NCc1nc(-c2ccccc2)no1)C1C=C1c1ccccc1,4.706416486503883,sars2_3cl,coronaviral,IC50,376.37200000000007,0.24050632911392406,False,False,False,False
QZJDTYZIHCOMMO-UHFFFAOYSA-N,O=c1c2ccccc2[se]n1Cc1ccco1,O=c1c2ccccc2[se]n1Cc1ccco1,7.130768280269024,sars2_3cl,coronaviral,IC50,278.169,0.19696969696969696,False,False,False,False
QZJDTYZIHCOMMO-UHFFFAOYSA-N,O=c1c2ccccc2[se]n1Cc1ccco1,O=c1c2ccccc2[se]n1Cc1ccco1,7.508638306165727,sars2_3cl,coronaviral,Ki,278.169,0.19696969696969696,False,False,False,False
QZMKOYAKHMOPIL-GIGACSBGSA-N,C#CC[C@H](NC(=O)/C=C/c1ccccc1)C(=O)N[C@H](C=O)C[C@@H]1CCNC1=O,O=C(C=Cc1ccccc1)NCC(=O)NCCC1CCNC1=O,5.410665165629166,sars2_3cl,coronaviral,IC50,381.4320000000002,0.2,False,False,False,False
QZOSTULOWRCABL-ZWKOTPCHSA-N,CNC(=O)c1cc(Br)cc([N+](=O)[O-])c1N[C@H]1CCC[C@H]1NC(=O)c1cc(=O)[nH]c2ccccc12,O=C(NC1CCCC1Nc1ccccc1)c1cc(=O)[nH]c2ccccc12,7.289882634888183,sars2_3cl,coronaviral,IC50,528.3630000000003,0.25,False,False,False,False
QZQMFRGAGVCQAU-AIEDFZFUSA-N,COC(=O)N[C@H](C(=O)N(C(=O)[C@@H]1C[C@@H](C(F)(F)F)CN1)[C@H](C#N)C[C@@H]1CCNC1=O)C(C)(C)C,O=C1NCCC1CCNC(=O)C1CCCN1,8.522878745280337,sars2_3cl,coronaviral,Ki,489.4950000000003,0.16,False,False,False,False
QZVGVSQWJUUPMO-GXFFZTMASA-N,CC1(C)[C@H](C(=O)OCc2ccccc2)N2C(=O)C(Br)(Br)[C@H]2S1(=O)=O,O=C(OCc1ccccc1)C1CS(=O)(=O)C2CC(=O)N12,6.154901959985743,sars2_3cl,coronaviral,IC50,481.16200000000003,0.22535211267605634,False,False,False,False
RAAXPKDUFYAXAD-YQQAZPJKSA-N,CNC(=O)C(=O)[C@H](CCC(C)(F)F)NC(=O)[C@@H]1CC2(CCN1C(=O)[C@@H](NC(=O)OC)C(C)(C)C)CC2,C1CC2(CCN1)CC2,8.187086643357144,sars2_3cl,coronaviral,IC50,516.5860000000004,0.1956521739130435,False,False,False,False
RADXJPOUOLZWJN-FXVJXKIMSA-N,COC[C@H]1CCCCCNc2cncc(c2)C(=O)N2CC3(CC3)C[C@@H]2CC(=O)N[C@H](Cc2ccc(Cl)cc2)C(=O)N1,O=C1CC2CC3(CC3)CN2C(=O)c2cncc(c2)NCCCCCCNC(=O)C(Cc2ccccc2)N1,8.301029995663981,sars2_3cl,coronaviral,IC50,582.1450000000004,0.1941747572815534,False,False,False,False
RATYOANKPNDVGM-UHFFFAOYSA-N,CCOc1cc(O)c2c(=O)c(O)c(-c3cc(O)c(O)c(O)c3)oc2c1,O=c1cc(-c2ccccc2)oc2ccccc12,6.130768280269024,sars2_3cl,coronaviral,IC50,346.29100000000005,0.1527777777777778,False,False,False,False
RAXKMACBKRLONA-UHFFFAOYSA-N,Clc1cc(Nc2ncnc3ccccc23)ccc1OCc1cccc(Br)c1,c1ccc(COc2ccc(Nc3ncnc4ccccc34)cc2)cc1,5.3585258894959,sars2_3cl,coronaviral,IC50,440.7280000000001,0.2465753424657534,False,False,False,False
RBWMYPKAPIYTJQ-DUSFAAKNSA-N,CC1(C)[C@@H]2[C@H]1CN(C(=O)COc1ccc(OC(F)(F)F)cc1)[C@H]2C(=O)N[C@@H](C=O)C[C@H]1CCNC1=O,O=C1NCCC1CCNC(=O)C1C2CC2CN1C(=O)COc1ccccc1,7.818156412055227,sars2_3cl,coronaviral,IC50,511.49700000000024,0.1958762886597938,False,False,False,False
RBWMYPKAPIYTJQ-VMBFOHBNSA-N,CC1(C)[C@@H]2[C@@H](C(=O)N[C@H](C=O)C[C@@H]3CCNC3=O)N(C(=O)COc3ccc(OC(F)(F)F)cc3)C[C@@H]21,O=C1NCCC1CCNC(=O)C1C2CC2CN1C(=O)COc1ccccc1,6.568636235841012,sars2_3cl,coronaviral,EC50,511.4970000000002,0.1958762886597938,False,False,False,False
RBWMYPKAPIYTJQ-VMBFOHBNSA-N,CC1(C)[C@@H]2[C@@H](C(=O)N[C@H](C=O)C[C@@H]3CCNC3=O)N(C(=O)COc3ccc(OC(F)(F)F)cc3)C[C@@H]21,O=C1NCCC1CCNC(=O)C1C2CC2CN1C(=O)COc1ccccc1,7.821032576499773,sars2_3cl,coronaviral,IC50,511.4970000000002,0.1958762886597938,False,False,False,False
RCAJUYAZKBBUPK-JOCHJYFZSA-N,N#Cc1cc(C(=O)NCC(=O)N[C@H](Cc2ccccc2)C(=O)C(=O)NCc2ccccn2)ccc1F,O=C(CNC(=O)c1ccccc1)NC(Cc1ccccc1)C(=O)C(=O)NCc1ccccn1,6.774949303861951,sars2_3cl,coronaviral,IC50,487.4910000000002,0.23376623376623376,False,False,False,False
RCBGQRVTFGJKDF-FCEWJHQRSA-N,C#C[C@H](C[C@@H]1CCNC1=O)NC(=O)[C@H](CC(C)C)NC(=O)c1cc2c(OC)cccc2[nH]1,O=C(CNC(=O)c1cc2ccccc2[nH]1)NCCC1CCNC1=O,5.356547323513812,sars2_3cl,coronaviral,IC50,438.5280000000002,0.24444444444444444,False,False,False,False
RCEGRHOAYJTPPY-CILHURLQSA-N,CC(C)C[C@H](NC(=O)OC[C@@H]1CCC(=O)N1C[C@H]1C[C@@H]2CC[C@H]1C2)C(=O)N[C@@H](C[C@@H]1CCNC1=O)C(O)S(=O)(=O)O,O=C(CNC(=O)OCC1CCC(=O)N1CC1CC2CCC1C2)NCCC1CCNC1=O,6.3872161432802645,sars2_3cl,coronaviral,IC50,600.7350000000005,0.16346153846153846,False,False,False,False
RCEIITLUVHPUBP-QESAQDPVSA-N,CC(C)C[C@H](NC(=O)OC[C@@H]1CCC(=O)N1Cc1cccc(F)c1)C(=O)N[C@H](C=O)C[C@@H]1CCNC1=O,O=C(CNC(=O)OCC1CCC(=O)N1Cc1ccccc1)NCCC1CCNC1=O,6.958607314841775,sars2_3cl,coronaviral,IC50,518.5860000000001,0.3181818181818182,False,False,False,False
RCFGNCPIHMGBGF-VCTGMTIGSA-N,COc1cccc2[nH]c(C(=O)N[C@H](CC3CCCCC3)C(=O)N3C[C@]4(C[C@H]3C#N)C(=O)Nc3ccccc34)cc12,O=C(NC(CC1CCCCC1)C(=O)N1CCC2(C1)C(=O)Nc1ccccc12)c1cc2ccccc2[nH]1,6.259637310505756,sars2_3cl,coronaviral,IC50,539.6360000000003,0.26262626262626265,False,False,False,False
RCFVRNOIEOWNPQ-UHFFFAOYSA-N,OC1CCN(C(=S)SSC(=S)N2CCC(O)CC2)CC1,S=C(SSC(=S)N1CCCCC1)N1CCCCC1,6.036212172654444,sars2_3cl,coronaviral,IC50,352.57200000000023,0.2608695652173913,False,False,False,False
RCHQWDODKNPHAO-SNRMKQJTSA-N,COc1cccc2[nH]c(C(=O)N[C@@H](CC(C)C)C(=O)N[C@@H](C[C@@H]3CCCNC3=O)C(=O)CO)cc12,O=C(CNC(=O)c1cc2ccccc2[nH]1)NCCC1CCCNC1=O,7.709965388637482,sars2_3cl,coronaviral,IC50,486.5690000000003,0.23333333333333334,False,False,False,False
RDGMNUGZBUPHID-GIJQJNRQSA-N,NC(=S)N/N=C/c1ccc(-c2cnc3ccccc3c2)o1,c1coc(-c2cnc3ccccc3c2)c1,4.987162775294828,sars2_3cl,coronaviral,IC50,296.3550000000001,0.17647058823529413,False,False,False,False
RDUXYXJTXPBBFL-UHFFFAOYSA-N,CC(C)C(c1ccccc1)c1nc2cc(O)c(O)c(O)c2c(=O)[nH]1,O=c1[nH]c(Cc2ccccc2)nc2ccccc12,6.4089353929735005,sars2_3cl,coronaviral,IC50,326.35200000000003,0.1917808219178082,False,False,False,False
RDWXSJCICPOOKO-UHFFFAOYSA-N,Cn1sc2ccccc2c1=O,O=c1[nH]sc2ccccc12,6.107905397309519,sars2_3cl,coronaviral,IC50,165.21699999999996,0.2682926829268293,False,False,False,False
RDZZBPHZWCRITM-QRFRQXIXSA-N,CC(C)C[C@H](NC(=O)OCC(C)(C)Oc1cccc(Cl)c1)C(=O)N[C@H](C=O)C[C@@H]1CCNC1=O,O=C(CNC(=O)OCCOc1ccccc1)NCCC1CCNC1=O,6.721246399047171,sars2_3cl,coronaviral,IC50,496.00400000000025,0.18947368421052632,False,False,False,False
RDZZBPHZWCRITM-RIERNIPTSA-N,[2H]C([2H])(OC(=O)N[C@@H](CC(C)C)C(=O)N[C@H](C=O)C[C@@H]1CCNC1=O)C(C)(C)Oc1cccc(Cl)c1,O=C(CNC(=O)OCCOc1ccccc1)NCCC1CCNC1=O,6.522878745280337,sars2_3cl,coronaviral,IC50,498.0162035560003,0.18556701030927836,False,False,False,False
REPXLMRTZZLBCW-JALMUYFWSA-N,CC(C)/C=C/C(=O)N1CC2(CC2)C[C@H]1C(=O)N[C@@H](C[C@@H]1CCNC1=O)C(=O)COC(F)(F)F,O=C1NCCC1CCNC(=O)C1CC2(CC2)CN1,7.459670525209126,sars2_3cl,coronaviral,IC50,473.49200000000025,0.1935483870967742,False,False,False,False
REQPQFUJGGOFQL-UHFFFAOYSA-N,CN(C)C(=S)SC(=S)N(C)C,,6.026872146400301,sars2_3cl,coronaviral,IC50,208.377,0.1276595744680851,False,False,False,False
RERYPAMHOCZSDZ-DHIUTWEWSA-N,O=C(NCc1ccccn1)C(=O)[C@@H](Cc1ccccc1)NC(=O)[C@H]1CC(F)(F)CN1C(=O)CC1CCC(F)(F)CC1,O=C(NCc1ccccn1)C(=O)C(Cc1ccccc1)NC(=O)C1CCCN1C(=O)CC1CCCCC1,7.455931955649724,sars2_3cl,coronaviral,IC50,576.5910000000002,0.22826086956521738,False,False,False,False
RFAXLXKIAKIUDT-UHFFFAOYSA-N,Oc1ccc2ccccc2c1SSc1c(O)ccc2ccccc12,c1ccc2c(SSc3cccc4ccccc34)cccc2c1,5.628932137728263,sars2_3cl,coronaviral,IC50,350.46400000000006,0.23076923076923078,False,False,False,False
RFISFJYBBQQZPY-PMYIEUMKSA-N,CN(C)[C@@H](CC1CC1)C(=O)N(C)[C@@H](CC(C)(C)C)C(=O)N1C[C@]2(C[C@H]1C#N)C(=O)Nc1ccccc12,O=C(CCC1CC1)NCC(=O)N1CCC2(C1)C(=O)Nc1ccccc12,6.259637310505756,sars2_3cl,coronaviral,IC50,493.65200000000027,0.21839080459770116,False,False,False,False
RFSKVRJAMDGLJL-ATIWLJMLSA-N,CC1(C)[C@@H]2[C@@H](C(=O)N[C@H](C=O)C[C@@H]3CCNC3=O)N(C(=O)OCc3cccnc3)C[C@@H]21,O=C1NCCC1CCNC(=O)C1C2CC2CN1C(=O)OCc1cccnc1,7.698970004336019,sars2_3cl,coronaviral,IC50,428.48900000000015,0.2647058823529412,False,False,False,False
RFWGABANNQMHMZ-DXNYSGJVSA-N,C/C=C1\C(OC2OC(CO)C(O)C(O)C2O)OC=C(C(=O)OC)C1CC(=O)OCCc1ccc(O)c(O)c1,C=C1C(CC(=O)OCCc2ccccc2)C=COC1OC1CCCCO1,5.471083299722345,sars2_3cl,coronaviral,IC50,540.5180000000005,0.13829787234042554,False,False,False,False
RFZNBSGLFGOEGJ-WIXBZOCESA-N,CC(C)C[C@H](NC(=O)[C@H](Cc1ccc(F)cc1)NC(=O)OCc1ccccc1)C(=O)NC(C=O)Cc1c[nH]cn1,O=C(CNC(=O)C(Cc1ccccc1)NC(=O)OCc1ccccc1)NCCc1c[nH]cn1,7.79997073344623,sars2_3cl,coronaviral,IC50,551.6190000000003,0.2222222222222222,False,False,False,False
RGDMPYQLUAWJDV-CJEFFJQMSA-N,CCOC(=O)C=C[C@H](C[C@@H]1CCNC1=O)NC(=O)[C@@H]1[C@@H]2[C@H](CN1C(=O)[C@@H](NC(=O)C(F)(F)F)C(C)(C)C)C2(C)C,O=C1NCCC1CCNC(=O)C1NCC2CC21,7.356547323513812,sars2_3cl,coronaviral,IC50,572.625,0.21153846153846154,False,False,False,False
RGDSBNHTEALRAA-UHFFFAOYSA-N,CC1=C(c2ccccc2)C1C(=O)NC(Cc1cccc(F)c1)c1nc(-c2ccc(C(F)(F)F)cc2)no1,O=C(NC(Cc1ccccc1)c1nc(-c2ccccc2)no1)C1C=C1c1ccccc1,4.849243560139691,sars2_3cl,coronaviral,IC50,507.48700000000014,0.22093023255813954,False,False,False,False
RGMDNNAIECHXNR-KBCNZALWSA-N,CC(C)(C)[C@H](NC(=O)C(Cl)(Cl)Cl)C(=O)N1C[C@H]2[C@@H]([C@H]1C(=O)N[C@H](C#N)C[C@@H]1CCCNC1=O)C2(C)C,O=C1NCCCC1CCNC(=O)C1NCC2CC21,8.958607314841775,sars2_3cl,coronaviral,Ki,562.9260000000002,0.17708333333333334,False,False,False,False
RHFOTHRIPKQIDW-YTFOTSKYSA-N,CNC(=O)C(=O)[C@H](CCC(C)(F)F)NC(=O)[C@@H]1[C@H]2CCC[C@H]2CN1C(=O)[C@H](CC(F)(F)F)NC(=O)OC,C1CC2CNCC2C1,8.154901959985743,sars2_3cl,coronaviral,IC50,542.5020000000003,0.2087912087912088,False,False,False,False
RHYSFFXFVGVALZ-CQZFIUACSA-N,CC(C)C[C@H](NC(=O)OC[C@@H]1CCC(=O)N1CC1CCC(F)(F)CC1)C(=O)N[C@@H](C[C@@H]1CCNC1=O)C(O)S(=O)(=O)O,O=C(CNC(=O)OCC1CCC(=O)N1CC1CCCCC1)NCCC1CCNC1=O,6.267606240177031,sars2_3cl,coronaviral,IC50,624.7040000000005,0.16666666666666666,False,False,False,False
RICZEKWVNZFTNZ-LFGITCQGSA-N,CCCC[C@H](NC(=O)[C@@H]1[C@@H]2[C@H](CN1C(=O)[C@@H](NC(=O)NC1(CS(=O)(=O)C(C)(C)C)CCCCC1)C(C)(C)C)C2(C)C)C(=O)C(=O)NC1CC1,O=C(NCC(=O)N1CC2CC2C1C(=O)NCC(=O)C(=O)NC1CC1)NC1CCCCC1,5.243062583910497,sars2_3cl,coronaviral,IC50,707.9790000000002,0.16666666666666666,False,False,False,False
RINFEVYWSYRNHT-DEOSSOPVSA-N,O=C(NCc1cccs1)[C@@H]1CN(C(=O)c2cncc3ccccc23)CCN1c1ccc(Cl)c(Cl)c1,O=C(NCc1cccs1)C1CN(C(=O)c2cncc3ccccc23)CCN1c1ccccc1,9.356547323513812,sars2_3cl,coronaviral,IC50,525.4610000000002,0.26,False,False,False,False
RIWYMXRCBCYMRX-UHFFFAOYSA-N,O=c1[nH]cc(-c2cc(-c3cc(Cl)cc(COc4ccccc4Cl)c3)c(=O)n(-c3cccnc3)c2)c(=O)[nH]1,O=c1[nH]cc(-c2cc(-c3cccc(COc4ccccc4)c3)c(=O)n(-c3cccnc3)c2)c(=O)[nH]1,7.7447274948966935,sars2_3cl,coronaviral,IC50,533.3710000000001,0.20481927710843373,False,False,False,False
RJAOPOAMWKKUQI-WPFOTENUSA-N,COC(=O)N[C@H](C(=O)N1CC2(CCCCC2)C[C@H]1C(=O)N[C@@H](CCC(C)(F)F)C(=O)C(=O)NCc1ccncc1)C(C)(C)C,O=C(CNC(=O)C1CC2(CCCCC2)CN1)C(=O)NCc1ccncc1,7.522878745280337,sars2_3cl,coronaviral,IC50,621.726,0.21359223300970873,False,False,False,False
RJDDGSWJWMWWTB-UHFFFAOYSA-N,COc1ccc(C(=O)Oc2cncc(Cl)c2)c(OC)c1,O=C(Oc1cccnc1)c1ccccc1,5.777283528852417,sars2_3cl,coronaviral,IC50,293.706,0.2727272727272727,False,False,False,False
RJJPCRHOHYRIJX-PMACEKPBSA-N,O=C(NCCc1cccc(F)c1)[C@H](c1cncnc1)N(C(=O)[C@H](F)Cl)c1ccc(S(F)(F)(F)(F)F)cc1,O=C(NCCc1ccccc1)C(Nc1ccccc1)c1cncnc1,4.189095719331299,sars2_3cl,coronaviral,Ki,570.9180000000001,0.21686746987951808,False,False,False,False
RJJPCRHOHYRIJX-UXHICEINSA-N,O=C(NCCc1cccc(F)c1)[C@@H](c1cncnc1)N(C(=O)[C@H](F)Cl)c1ccc(S(F)(F)(F)(F)F)cc1,O=C(NCCc1ccccc1)C(Nc1ccccc1)c1cncnc1,7.251811972993799,sars2_3cl,coronaviral,IC50,570.9180000000001,0.21686746987951808,False,False,False,False
RJJPCRHOHYRIJX-UXHICEINSA-N,O=C(NCCc1cccc(F)c1)[C@@H](c1cncnc1)N(C(=O)[C@H](F)Cl)c1ccc(S(F)(F)(F)(F)F)cc1,O=C(NCCc1ccccc1)C(Nc1ccccc1)c1cncnc1,5.872895201635192,sars2_3cl,coronaviral,Ki,570.9180000000001,0.21686746987951808,False,False,False,False
RJJPCRHOHYRIJX-WOJBJXKFSA-N,O=C(NCCc1cccc(F)c1)[C@@H](c1cncnc1)N(C(=O)[C@@H](F)Cl)c1ccc(S(F)(F)(F)(F)F)cc1,O=C(NCCc1ccccc1)C(Nc1ccccc1)c1cncnc1,4.27083521030723,sars2_3cl,coronaviral,Ki,570.9180000000001,0.21686746987951808,False,False,False,False
RJLLYBLMSBFMNO-WGGGBPLMSA-N,CC(C)(C)[C@H](NC(=O)C(F)(F)F)C(=O)N1[C@@H]2CC[C@@H](C2)[C@H]1C(=O)N[C@H](C#N)C[C@@H]1CCNC1=O,O=C1NCCC1CCNC(=O)C1NC2CCC1C2,7.262489309326524,sars2_3cl,coronaviral,IC50,485.5070000000003,0.17,False,False,False,False
RJLXKYZJZGKCIP-UHFFFAOYSA-N,CSc1nnc(SC(=O)c2cc3ccccc3[nH]2)s1,O=C(Sc1nncs1)c1cc2ccccc2[nH]1,7.039053804266168,sars2_3cl,coronaviral,IC50,307.425,0.2054794520547945,False,False,False,False
RJLXKYZJZGKCIP-UHFFFAOYSA-N,CSc1nnc(SC(=O)c2cc3ccccc3[nH]2)s1,O=C(Sc1nncs1)c1cc2ccccc2[nH]1,7.366531544420414,sars2_3cl,coronaviral,Ki,307.425,0.2054794520547945,False,False,False,False
RJMUSRYZPJIFPJ-UHFFFAOYSA-N,O=C(Nc1ccc([N+](=O)[O-])cc1Cl)c1cc(Cl)ccc1O,O=C(Nc1ccccc1)c1ccccc1,6.552841968657781,sars2_3cl,coronaviral,IC50,327.12300000000005,0.21666666666666667,False,True,False,True
RJNVTFUJRGPZQM-VUBYNLGZSA-N,C=C[C@@H]1C[C@]1(NC(=O)[C@@H]1C[C@@H](Oc2cc(-c3csc(C(=O)CC)n3)nc3c(C)c(OC)ccc23)CN1C(=O)[C@@H](NC(=O)OC1CCCC1)C(C)(C)C)C(=O)O,O=C(NCC(=O)N1CC(Oc2cc(-c3cscn3)nc3ccccc23)CC1C(=O)NC1CC1)OC1CCCC1,8.0,sars2_3cl,coronaviral,IC50,775.9250000000001,0.20634920634920634,False,False,False,False
RJWLAIMXRBDUMH-BRWVUGGUSA-N,CSCC[C@H](C=O)NC(=O)[C@@H](CC(C)C)NC(=O)[C@@H](CC(C)C)NC(C)=O,,6.013228265733755,sars2_3cl,coronaviral,IC50,401.5730000000002,0.18309859154929578,False,False,False,False
RJWLAIMXRBDUMH-ULQDDVLXSA-N,CSCC[C@@H](C=O)NC(=O)[C@H](CC(C)C)NC(=O)[C@H](CC(C)C)NC(C)=O,,6.013228265733755,sars2_3cl,coronaviral,IC50,401.5730000000002,0.18309859154929578,False,False,False,False
RLFQAQWTSXYYBV-UHFFFAOYSA-N,O=c1ccc(-c2cn(-c3cc(Cl)cc(Cl)c3)c(=O)n(-c3cccnc3)c2=O)c[nH]1,O=c1ccc(-c2cn(-c3ccccc3)c(=O)n(-c3cccnc3)c2=O)c[nH]1,5.798602875679549,sars2_3cl,coronaviral,IC50,427.2470000000001,0.19672131147540983,False,False,False,False
RLTYNTURIHYYRQ-UHFFFAOYSA-N,O=C1c2c(O)cc(O)c([Se][Se]c3c(O)cc(O)c4c3OC(c3cc(O)c(O)c(O)c3)C(O)C4=O)c2CC(c2cc(O)c(O)c(O)c2)C1O,O=C1CC(c2ccccc2)Cc2c([Se][Se]c3cccc4c3OC(c3ccccc3)CC4=O)cccc21,6.09151498112135,sars2_3cl,coronaviral,IC50,794.4380000000003,0.16666666666666666,False,False,False,False
RMKKWIQMBAQCJI-DGNNDOOHSA-N,CC(=O)/C=C/[C@H](C[C@@H]1CCNC1=O)NC(=O)[C@H](CC1CC1)NC(=O)OCc1ccccc1,O=C(NC(CC1CC1)C(=O)NCCC1CCNC1=O)OCc1ccccc1,6.598599459218455,sars2_3cl,coronaviral,Ki,441.5280000000002,0.24719101123595505,False,False,False,False
RMKXBGVMMKASOY-ISLYRVAYSA-N,c1ccc(-c2n/c(=N\C3CC3)sn2-c2ccccc2)cc1,c1ccc(-c2nc(=NC3CC3)sn2-c2ccccc2)cc1,6.844663962534938,sars2_3cl,coronaviral,IC50,293.395,0.17647058823529413,False,False,False,False
RNLOCKQDGJKCGN-ULBBIQHKSA-N,CC(C)C[C@H](NC(=O)OCC(C)(C)Sc1ccc(F)cc1)C(=O)N[C@@H](C[C@@H]1CCNC1=O)C(O)S(=O)(=O)O,O=C(CNC(=O)OCCSc1ccccc1)NCCC1CCNC1=O,6.568636235841012,sars2_3cl,coronaviral,IC50,577.6970000000003,0.18269230769230768,False,False,False,False
RNPGENRQVQTYTK-MRXNPFEDSA-N,Cc1ccc(NC(=O)NCCN)cc1C(=O)N[C@H](C)c1cccc2ccccc12,O=C(NCc1cccc2ccccc12)c1ccccc1,5.958607314841775,sars2_3cl,coronaviral,IC50,390.48700000000014,0.3076923076923077,False,False,False,False
ROKMUCPLTAZLES-SJORKVTESA-N,C#C[C@H](CCC(N)=O)NC(=O)[C@H](CC(C)C)NC(=O)OCc1ccccc1,c1ccccc1,4.455931955649724,sars2_3cl,coronaviral,IC50,373.45300000000015,0.25609756097560976,False,True,False,True
ROOAWSGVWLPDFX-XWGVYQGASA-N,CC(C)(C)OC(=O)Nc1cccn(C(=O)N[C@@H](CC2CC2)C(=O)N[C@@H](C[C@@H]2CCNC2=O)C(=O)C(=O)NCc2ccccc2)c1=O,O=C(NCc1ccccc1)C(=O)C(CC1CCNC1=O)NC(=O)C(CC1CC1)NC(=O)n1ccccc1=O,6.173925197299173,sars2_3cl,coronaviral,IC50,636.7060000000004,0.24271844660194175,False,False,False,False
ROWSTIYZUWEOMM-UHFFFAOYSA-N,CN(C)CCNc1nc2cc(O)ccc2c2c1C(=O)c1ccccc1-2,O=C1c2ccccc2-c2c1cnc1ccccc21,5.52432881167557,sars2_3cl,coronaviral,IC50,333.3910000000001,0.19480519480519481,False,False,False,False
RPGBNYQGHCHWMG-JAXLGGSGSA-N,CCCC[C@H](NC(=O)[C@@H]1CC2(CCCCC2)CN1C(=O)[C@@H](NC(=O)OC)C(C)(C)C)C(=O)C(=O)NC1CC1,O=C(CNC(=O)C1CC2(CCCCC2)CN1)C(=O)NC1CC1,6.145693958198919,sars2_3cl,coronaviral,IC50,534.6980000000001,0.21052631578947367,False,False,False,False
RPHGJUFZINUIBX-JOKKSQGBSA-N,CC(C)C[C@H](NC(=O)OCC1CC2C=CC1C2)C(=O)N[C@H](C=O)C[C@H]1CCNC1=O,O=C(CNC(=O)OCC1CC2C=CC1C2)NCCC1CCNC1=O,6.585026652029182,sars2_3cl,coronaviral,IC50,419.52200000000016,0.18947368421052632,False,False,False,False
RPMCPEFEBUJMMS-AATRIKPKSA-N,O=C(/C=C/c1c(Cl)c(O)c(O)c(O)c1Cl)c1ccc(Br)cc1,O=C(C=Cc1ccccc1)c1ccccc1,6.100398340853878,sars2_3cl,coronaviral,IC50,404.04300000000006,0.16923076923076924,False,False,False,False
RPMNUQRUHXIGHK-PYXJVEIZSA-N,C[C@@H]1O[C@@H](O[C@H]2[C@H](Oc3cc(O)c4c(=O)cc(-c5ccc(O)cc5)oc4c3)O[C@H](CO)[C@@H](O)[C@@H]2O)[C@H](O)[C@H](O)[C@H]1O,O=c1cc(-c2ccccc2)oc2cc(OC3OCCCC3OC3CCCCO3)ccc12,4.568636235841013,sars2_3cl,coronaviral,IC50,578.5230000000004,0.14130434782608695,False,False,False,False
RPNFXFXDJUNTEW-UHFFFAOYSA-N,COCCCc1cc(Cl)cc(-c2cc(-c3ccccc3C#N)cn(-c3cccnc3)c2=O)c1,O=c1c(-c2ccccc2)cc(-c2ccccc2)cn1-c1cccnc1,6.769551078621726,sars2_3cl,coronaviral,IC50,455.94500000000016,0.1951219512195122,False,False,False,False
RPYYFKOVDQSZBC-NHKCCNDQSA-N,CC1(C)[C@@H]2[C@@H](C(=O)N[C@H](C=O)C[C@@H]3CCNC3=O)N(C(=O)OC(c3ccc(F)cc3)c3ccc(F)cc3)C[C@@H]21,O=C1NCCC1CCNC(=O)C1C2CC2CN1C(=O)OC(c1ccccc1)c1ccccc1,6.040958607678906,sars2_3cl,coronaviral,EC50,539.5790000000001,0.21739130434782608,False,False,False,False
RPYYFKOVDQSZBC-NHKCCNDQSA-N,CC1(C)[C@@H]2[C@@H](C(=O)N[C@H](C=O)C[C@@H]3CCNC3=O)N(C(=O)OC(c3ccc(F)cc3)c3ccc(F)cc3)C[C@@H]21,O=C1NCCC1CCNC(=O)C1C2CC2CN1C(=O)OC(c1ccccc1)c1ccccc1,7.026872146400302,sars2_3cl,coronaviral,IC50,539.5790000000001,0.21739130434782608,False,False,False,False
RQJHOJVIVGEDML-UHFFFAOYSA-N,CCn1cncc1NC(=O)C1c2cc(Cl)cc(Cl)c2OCC1C,O=C(Nc1cnc[nH]1)C1CCOc2ccccc21,4.174573882232177,sars2_3cl,coronaviral,IC50,354.2370000000001,0.2125,False,False,False,False
RQNVIKXOOKXAJQ-UHFFFAOYSA-N,O=C1C=CC(=O)c2c(O)ccc(O)c21,O=C1C=CC(=O)c2ccccc21,6.309803919971486,sars2_3cl,coronaviral,IC50,190.154,0.15384615384615385,False,False,False,False
RQYRKKQOWFDQRY-IJMQKCTASA-N,COC(=O)N[C@@H]1C(=O)N2C[C@H]3[C@@H]([C@H]2C(=O)N[C@H](C#N)C[C@@H]2C[C@@H](CCCCC1(C)C)NC2=O)C3(C)C,O=C1NC2CCCCCCC(=O)N3CC4CC4C3C(=O)NCCC1C2,8.337242168318426,sars2_3cl,coronaviral,IC50,501.62800000000044,0.17757009345794392,False,False,False,False
RRGARHLRSSYTCB-UHFFFAOYSA-N,Cn1cnc(Cn2c(=O)nc(Nc3cc4cn(C)nc4cc3Cl)n(Cc3cc(F)c(F)c(F)c3)c2=O)c1,O=c1nc(Nc2ccc3n[nH]cc3c2)n(Cc2ccccc2)c(=O)n1Cc1c[nH]cn1,8.221848749616356,sars2_3cl,coronaviral,IC50,530.8980000000001,0.21839080459770116,False,False,False,False
RRZORIGGJYGUEB-QFIPXVFZSA-N,CN(C(=O)[C@H](Cc1ccccc1)NC(=O)C1(NC(=O)c2cccs2)CC1)N(C#N)Cc1ccc(Cl)cc1,O=C(NC1(C(=O)NC(Cc2ccccc2)C(=O)NNCc2ccccc2)CC1)c1cccs1,6.247183568811728,sars2_3cl,coronaviral,IC50,536.0570000000004,0.1978021978021978,False,False,False,False
RSHHAZIWMJLBFQ-UHFFFAOYSA-N,O=c1c(O)c(-c2cc(O)c(O)c(O)c2)oc2cc(OP(=O)(Oc3ccccc3)Oc3ccccc3)cc(O)c12,O=c1cc(-c2ccccc2)oc2cc(OP(=O)(Oc3ccccc3)Oc3ccccc3)ccc12,5.504455662453552,sars2_3cl,coronaviral,IC50,550.4120000000001,0.15853658536585366,False,False,False,False
RSQNEZXZIDKMQX-VQKUPRHXSA-N,CC(C)C[C@H](NC(=O)C(=O)NC12CC(F)(C1)C2)C(=O)N[C@@H](C[C@@H]1CCNC1=O)C(=O)COC(F)(F)F,O=C(CNC(=O)C(=O)NC12CC(C1)C2)NCCC1CCNC1=O,7.4723700991286615,sars2_3cl,coronaviral,IC50,522.4960000000002,0.15,False,False,False,False
RSUVYMGADVXGOU-BUHFOSPRSA-N,CN(C)CCCSc1ccccc1NC(=O)/C=C/c1ccccc1,O=C(C=Cc1ccccc1)Nc1ccccc1,3.903333260024618,sars2_3cl,coronaviral,IC50,340.4920000000001,0.2361111111111111,False,False,False,False
RUHYGYHBVKWREW-CMOCDZPBSA-N,CC(C)C[C@H](NC(=O)[C@@H](NC(=O)OCc1ccccc1)C(C)C)C(=O)N[C@H](C=O)C[C@@H]1CCNC1=O,O=C(CNC(=O)CNC(=O)OCc1ccccc1)NCCC1CCNC1=O,8.070581074285707,sars2_3cl,coronaviral,IC50,502.61200000000025,0.20833333333333334,False,False,False,False
RUHYGYHBVKWREW-CMOCDZPBSA-N,CC(C)C[C@H](NC(=O)[C@@H](NC(=O)OCc1ccccc1)C(C)C)C(=O)N[C@H](C=O)C[C@@H]1CCNC1=O,O=C(CNC(=O)CNC(=O)OCc1ccccc1)NCCC1CCNC1=O,8.070581074285707,sars2_3cl,coronaviral,Ki,502.61200000000025,0.20833333333333334,False,False,False,False
RUJRCMWJRKOZTO-HOUREDQLSA-N,COc1cccc2[nH]c(C(=O)N[C@@H](CC3CCC3)C(=O)N3C[C@]4(C[C@H]3C#N)C(=O)Nc3ccccc34)cc12,O=C(NC(CC1CCC1)C(=O)N1CCC2(C1)C(=O)Nc1ccccc12)c1cc2ccccc2[nH]1,6.259637310505756,sars2_3cl,coronaviral,IC50,511.5820000000003,0.25773195876288657,False,False,False,False
RUVGZALICBDNOH-HLNPNVFCSA-N,CC(C)(C)NC(=O)N[C@H](C(=O)N1C[C@H]2[C@@H]([C@H]1C(=O)N[C@@H](C[C@@H]1CCNC1=O)C(=O)C(=O)NC1CC1)C2(C)C)C(C)(C)C,O=C(NC1CC1)C(=O)C(CC1CCNC1=O)NC(=O)C1NCC2CC21,6.443697499232712,sars2_3cl,coronaviral,IC50,588.7500000000001,0.18627450980392157,False,False,False,False
RVGPMQMETJYONN-FHWLQOOXSA-N,O=C[C@H](C[C@@H]1CCNC1=O)NC(=O)[C@@H]1CC2(CCC2)CN1C(=O)OCc1ccccc1,O=C1NCCC1CCNC(=O)C1CC2(CCC2)CN1C(=O)OCc1ccccc1,6.366531544420413,sars2_3cl,coronaviral,EC50,427.5010000000002,0.2111111111111111,False,False,False,False
RVGPMQMETJYONN-FHWLQOOXSA-N,O=C[C@H](C[C@@H]1CCNC1=O)NC(=O)[C@@H]1CC2(CCC2)CN1C(=O)OCc1ccccc1,O=C1NCCC1CCNC(=O)C1CC2(CCC2)CN1C(=O)OCc1ccccc1,7.522878745280337,sars2_3cl,coronaviral,IC50,427.5010000000002,0.2111111111111111,False,False,False,False
RVPWSAGLRNOZEF-UHFFFAOYSA-N,[O-][S+](c1nnc(-c2ccc(Cl)cc2)o1)C1CCOC1,c1ccc(-c2nnc([SH+]C3CCOC3)o2)cc1,5.6439741428068775,sars2_3cl,coronaviral,IC50,298.7510000000001,0.19117647058823528,False,False,False,False
RWCANVXSQQVGIZ-KEKPXRHTSA-N,CC(C)C[C@H](NC(=O)[C@H](Cc1ccc(F)cc1)NC(=O)OCc1ccccc1)C(=O)NC(C=O)Cc1ccc(F)cc1,O=C(CNC(=O)C(Cc1ccccc1)NC(=O)OCc1ccccc1)NCCc1ccccc1,6.0999990348465305,sars2_3cl,coronaviral,IC50,579.6440000000003,0.25316455696202533,False,False,False,False
RWYPEHJDGDAIMY-BJKOFHAPSA-N,CCCS(=O)(=O)N[C@H](C(=O)N[C@@H](Cc1ccccc1)C(=O)N(C)N(C#N)Cc1ccc(Cl)cc1)C(C)(C)C,O=C(CCc1ccccc1)NNCc1ccccc1,6.806875401645538,sars2_3cl,coronaviral,IC50,562.1360000000001,0.1839080459770115,False,False,False,False
RXCJOCFDARLNSM-XYVUZYJLSA-N,COC(=O)CCC(CC(=O)[C@H](CC(=O)OC)NC(=O)OCc1ccccc1)C(=O)NC(C(=O)NC(CC(=O)OC)C(=O)CF)C(C)C,c1ccccc1,5.166852888087215,sars2_3cl,coronaviral,IC50,667.6840000000002,0.1951219512195122,False,True,False,True
RXCZUSLMHQMNDJ-UHFFFAOYSA-N,Cn1cnc(Cn2c(=O)cc(Nc3cc4cn(C)nc4cc3F)n(Cc3cc(Cl)c(F)cc3F)c2=O)n1,O=c1cc(Nc2ccc3n[nH]cc3c2)n(Cc2ccccc2)c(=O)n1Cc1nc[nH]n1,7.7447274948966935,sars2_3cl,coronaviral,IC50,530.8980000000001,0.19101123595505617,False,False,False,False
RXUADJHBRODCJR-UHFFFAOYSA-N,O=C(CSc1nc2cc(Cl)ccc2n1Cc1ccccc1)N1CCNC1=O,O=C(CSc1nc2ccccc2n1Cc1ccccc1)N1CCNC1=O,4.616184634019569,sars2_3cl,coronaviral,IC50,400.89100000000013,0.25675675675675674,False,False,False,False
RXXILUSATOQNRG-UHFFFAOYSA-N,O=C(Oc1cncc(Cl)c1)c1ccccc1,O=C(Oc1cccnc1)c1ccccc1,7.393618634889395,sars2_3cl,coronaviral,IC50,233.65400000000002,0.2692307692307692,False,False,False,False
RYACPSUEAXOOJA-UHFFFAOYSA-N,Cc1cc(-n2c(C(C)c3ccccc3)nc3cc(O)c(O)c(O)c3c2=O)ccc1F,O=c1c2ccccc2nc(Cc2ccccc2)n1-c1ccccc1,5.997833938243492,sars2_3cl,coronaviral,IC50,406.4130000000002,0.20270270270270271,False,False,False,False
RYGJIKURQDMMQZ-IHOKFDBFSA-N,C[C@H](NC(=O)C(c1cccnc1)N(C(=O)c1ccco1)c1ccc(-c2ccccc2)cc1)c1ccccc1,O=C(NCc1ccccc1)C(c1cccnc1)N(C(=O)c1ccco1)c1ccc(-c2ccccc2)cc1,6.180456064458131,sars2_3cl,coronaviral,IC50,501.5860000000002,0.25,False,False,False,False
RYGJIKURQDMMQZ-YUDQIZAISA-N,C[C@H](NC(=O)[C@@H](c1cccnc1)N(C(=O)c1ccco1)c1ccc(-c2ccccc2)cc1)c1ccccc1,O=C(NCc1ccccc1)C(c1cccnc1)N(C(=O)c1ccco1)c1ccc(-c2ccccc2)cc1,6.508638306165727,sars2_3cl,coronaviral,IC50,501.5860000000002,0.25,False,False,False,False
RYGJIKURQDMMQZ-YUDQIZAISA-N,C[C@H](NC(=O)[C@@H](c1cccnc1)N(C(=O)c1ccco1)c1ccc(-c2ccccc2)cc1)c1ccccc1,O=C(NCc1ccccc1)C(c1cccnc1)N(C(=O)c1ccco1)c1ccc(-c2ccccc2)cc1,5.0254883072626715,sars2_3cl,coronaviral,Kd,501.5860000000002,0.25,False,False,False,False
RYVBWPURLLAQJZ-UHFFFAOYSA-N,CC(=O)OCC1Cc2c(-c3ccccn3)cccc2-c2c(O)ccc(C)c21,c1ccc(-c2cccc3c2CCc2ccccc2-3)nc1,4.213603538627695,sars2_3cl,coronaviral,IC50,359.4250000000002,0.22727272727272727,False,False,False,False
RZHOPRNISXVJHI-UHFFFAOYSA-N,O=c1[nH]cccc1-c1cn(-c2cc(Cl)cc(OCc3nc4ccccc4n3C(F)F)c2)c(=O)n(-c2cccnc2)c1=O,O=c1[nH]cccc1-c1cn(-c2cccc(OCc3nc4ccccc4[nH]3)c2)c(=O)n(-c2cccnc2)c1=O,7.6777807052660805,sars2_3cl,coronaviral,IC50,588.9580000000002,0.1595744680851064,False,False,False,False
RZISQWRNJACRJT-PZGQWMCSSA-N,CC(C)C[C@H](NC(=O)OC1CC2CCC(C1)N2C(=O)OC(C)(C)C)C(=O)N[C@H](C=O)C[C@H]1CCNC1=O,O=C(CNC(=O)OC1CC2CCC(C1)N2)NCCC1CCNC1=O,5.721246399047171,sars2_3cl,coronaviral,IC50,522.6430000000003,0.19387755102040816,False,False,False,False
RZJYQJCFENQUAI-QXNWPYRLSA-N,C[C@H](NC(=O)[C@@H](c1cccnc1)N(C(=O)C#CCC#N)c1ccc(-c2ccccc2)cc1)c1ccccc1,O=C(NCc1ccccc1)C(Nc1ccc(-c2ccccc2)cc1)c1cccnc1,6.301029995663981,sars2_3cl,coronaviral,IC50,498.5860000000001,0.24,False,False,False,False
RZJYQJCFENQUAI-QXNWPYRLSA-N,C[C@H](NC(=O)[C@@H](c1cccnc1)N(C(=O)C#CCC#N)c1ccc(-c2ccccc2)cc1)c1ccccc1,O=C(NCc1ccccc1)C(Nc1ccc(-c2ccccc2)cc1)c1cccnc1,6.461803421650545,sars2_3cl,coronaviral,Ki,498.5860000000001,0.24,False,False,False,False
RZTKCADKVFEBSP-RBQQCVMASA-N,C[C@H](NC(=O)C(c1cccnc1)N(C(=O)c1c[nH]cn1)c1ccc(-c2ccccc2)cc1)c1ccccc1,O=C(NCc1ccccc1)C(c1cccnc1)N(C(=O)c1c[nH]cn1)c1ccc(-c2ccccc2)cc1,6.017728766960431,sars2_3cl,coronaviral,IC50,501.59000000000015,0.24324324324324326,False,False,False,False
SAGVBXAAVAMIQX-UHFFFAOYSA-N,O=C(Oc1cncc(Cl)c1)c1cccc(-c2ccccc2)c1,O=C(Oc1cccnc1)c1cccc(-c2ccccc2)c1,6.931814138253838,sars2_3cl,coronaviral,IC50,309.752,0.2413793103448276,False,False,False,False
SBNACRDYLQAFAN-KJDZKPBBSA-N,Cc1cc(Cl)ccc1OCC(=O)N1C[C@@H]2CCC[C@@H]2[C@H]1C(=O)N[C@H](C=O)C[C@@H]1CCNC1=O,O=C1NCCC1CCNC(=O)C1C2CCCC2CN1C(=O)COc1ccccc1,7.7055337738384075,sars2_3cl,coronaviral,IC50,475.97300000000024,0.25806451612903225,False,False,False,False
SCNIARYBIODVDV-UHFFFAOYSA-N,O=C(Cc1cccnc1)N1CCc2c(Cl)cc(Cl)cc2C1,O=C(Cc1cccnc1)N1CCc2ccccc2C1,4.20342566678957,sars2_3cl,coronaviral,IC50,321.20700000000005,0.3235294117647059,False,False,False,False
SCNIARYBIODVDV-UHFFFAOYSA-N,O=C(Cc1cccnc1)N1CCc2c(Cl)cc(Cl)cc2C1,O=C(Cc1cccnc1)N1CCc2ccccc2C1,3.489454989793388,sars2_3cl,coronaviral,Kd,321.20700000000005,0.3235294117647059,False,False,False,False
SCOBQUKCPDSHPB-UHFFFAOYSA-N,O=c1c2ccccc2sn1Cc1ccco1,O=c1c2ccccc2sn1Cc1ccco1,6.958607314841775,sars2_3cl,coronaviral,IC50,231.27599999999998,0.19696969696969696,False,False,False,False
SCOBQUKCPDSHPB-UHFFFAOYSA-N,O=c1c2ccccc2sn1Cc1ccco1,O=c1c2ccccc2sn1Cc1ccco1,7.107905397309519,sars2_3cl,coronaviral,Ki,231.27599999999998,0.19696969696969696,False,False,False,False
SCQVHYRSFBBCDG-TUFLPTIASA-N,CC(C)C[C@H](NC(=O)[C@@H](NC(=O)C1CCOCC1)C(C)C)C(=O)N[C@H](C=O)C[C@@H]1CCCNC1=O,O=C(CNC(=O)CNC(=O)C1CCOCC1)NCCC1CCCNC1=O,6.54515513999149,sars2_3cl,coronaviral,IC50,494.63300000000027,0.17391304347826086,False,False,False,False
SDIRCAZHIVHVPY-AREMUKBSSA-N,C=CC(=O)N(c1ccc(C(C)(C)C)cc1)[C@@H](C(=O)NCCc1cccc(F)c1)c1cccnc1,O=C(NCCc1ccccc1)C(Nc1ccccc1)c1cccnc1,4.063888568325146,sars2_3cl,coronaviral,IC50,459.56500000000017,0.21176470588235294,False,False,False,False
SDIRCAZHIVHVPY-SANMLTNESA-N,C=CC(=O)N(c1ccc(C(C)(C)C)cc1)[C@H](C(=O)NCCc1cccc(F)c1)c1cccnc1,O=C(NCCc1ccccc1)C(Nc1ccccc1)c1cccnc1,5.543633966870956,sars2_3cl,coronaviral,IC50,459.56500000000017,0.21176470588235294,False,False,False,False
SDIRCAZHIVHVPY-SANMLTNESA-N,C=CC(=O)N(c1ccc(C(C)(C)C)cc1)[C@H](C(=O)NCCc1cccc(F)c1)c1cccnc1,O=C(NCCc1ccccc1)C(Nc1ccccc1)c1cccnc1,4.416121401501374,sars2_3cl,coronaviral,Ki,459.56500000000017,0.21176470588235294,False,False,False,False
SDJAEDLWIYCILU-QHCPKHFHSA-N,COc1cccc(CN(C#N)N(C)C(=O)[C@H](Cc2ccccc2)NC(=O)OCc2ccccc2)c1F,O=C(NC(Cc1ccccc1)C(=O)NNCc1ccccc1)OCc1ccccc1,6.928117992693874,sars2_3cl,coronaviral,IC50,490.53500000000014,0.26666666666666666,False,False,False,False
SDOQULAQBJFFCZ-UHFFFAOYSA-N,O=C(Oc1cncc(Br)c1)c1ccc(Cl)cc1,O=C(Oc1cccnc1)c1ccccc1,7.019088062223156,sars2_3cl,coronaviral,IC50,312.54999999999995,0.2222222222222222,False,False,False,False
SEAMCLKHBPMBQU-LSBAASHUSA-N,CC1(C)[C@@H]2[C@@H](C(=O)N[C@H](C=O)C[C@@H]3CCNC3=O)N(C(=O)OC(c3ccccc3)c3ccccc3)C[C@@H]21,O=C1NCCC1CCNC(=O)C1C2CC2CN1C(=O)OC(c1ccccc1)c1ccccc1,6.045757490560675,sars2_3cl,coronaviral,EC50,503.59900000000016,0.2261904761904762,False,False,False,False
SEAMCLKHBPMBQU-LSBAASHUSA-N,CC1(C)[C@@H]2[C@@H](C(=O)N[C@H](C=O)C[C@@H]3CCNC3=O)N(C(=O)OC(c3ccccc3)c3ccccc3)C[C@@H]21,O=C1NCCC1CCNC(=O)C1C2CC2CN1C(=O)OC(c1ccccc1)c1ccccc1,7.017728766960431,sars2_3cl,coronaviral,IC50,503.59900000000016,0.2261904761904762,False,False,False,False
SECRSTYVPYWRNE-UHFFFAOYSA-N,CC(=O)c1ccc2c(c1)N(C(=O)CSC#N)c1ccccc1S2,c1ccc2c(c1)Nc1ccccc1S2,5.975925012692574,sars2_3cl,coronaviral,IC50,340.429,0.1917808219178082,False,False,False,False
SEDHAYFASZYZQZ-CMOCDZPBSA-N,CC(C)C[C@H](NC(=O)[C@@H](NC(=O)c1ccccc1)C(C)C)C(=O)N[C@H](C=O)C[C@@H]1CCCNC1=O,O=C(CNC(=O)CNC(=O)c1ccccc1)NCCC1CCCNC1=O,6.590066876668706,sars2_3cl,coronaviral,IC50,486.61300000000034,0.20224719101123595,False,False,False,False
SEDQMDCLDZNPIX-HNNXBMFYSA-N,CC(C)C[C@H](NC(=O)OCc1ccccc1)C(=O)NN(CCC(N)=O)C(=O)CCl,c1ccccc1,7.769551078621726,sars2_3cl,coronaviral,IC50,426.9010000000002,0.2898550724637681,False,True,False,True
SEEPANYCNGTZFQ-UHFFFAOYSA-N,Nc1ccc(S(=O)(=O)Nc2ncccn2)cc1,O=S(=O)(Nc1ncccn1)c1ccccc1,6.1249387366083,sars2_3cl,coronaviral,IC50,250.28300000000004,0.23809523809523808,False,False,False,False
SELXTSKXIOIWNE-BFDHNVDPSA-N,C[C@@H](OC(C)(C)C)[C@H](NC(=O)OCc1cccc(Cl)c1)C(=O)N[C@@H](CC1CCCCC1)C(=O)N[C@H](C=O)C[C@@H]1CCNC1=O,O=C(CNC(=O)OCc1ccccc1)NC(CC1CCCCC1)C(=O)NCCC1CCNC1=O,6.853871964321762,sars2_3cl,coronaviral,EC50,635.2020000000001,0.205607476635514,False,False,False,False
SELXTSKXIOIWNE-BFDHNVDPSA-N,C[C@@H](OC(C)(C)C)[C@H](NC(=O)OCc1cccc(Cl)c1)C(=O)N[C@@H](CC1CCCCC1)C(=O)N[C@H](C=O)C[C@@H]1CCNC1=O,O=C(CNC(=O)OCc1ccccc1)NC(CC1CCCCC1)C(=O)NCCC1CCNC1=O,6.187086643357144,sars2_3cl,coronaviral,IC50,635.2020000000001,0.205607476635514,False,False,False,False
SEPKTDPAERLPET-IHPCNDPISA-N,CC(=O)OCC(=O)[C@H](C[C@@H]1CCNC1=O)NC(=O)[C@H](CC(C)C)NC(=O)OCc1cccc(Cl)c1,O=C(CNC(=O)OCc1ccccc1)NCCC1CCNC1=O,5.823908740944319,sars2_3cl,coronaviral,IC50,509.9870000000002,0.1978021978021978,False,False,False,False
SEQHCXXLKIUEAF-UHFFFAOYSA-N,CC1CC(=O)C2=C(C1)Nc1cc([N+](=O)[O-])ccc1N(C(=O)CCl)C2C1CC1,O=C1CCCC2=C1C(C1CC1)Nc1ccccc1N2,5.042871802323187,sars2_3cl,coronaviral,IC50,389.83900000000017,0.2,False,False,False,False
SFDHJDYHFVGFEN-UHFFFAOYSA-N,O=C1OCCN1C(=O)C(Cc1ccco1)Sc1nc2cc(Cl)ccc2n1Cc1ccccc1,O=C1OCCN1C(=O)C(Cc1ccco1)Sc1nc2ccccc2n1Cc1ccccc1,4.826813731587726,sars2_3cl,coronaviral,IC50,481.9610000000002,0.2247191011235955,False,False,False,False
SFEJHJONVMMWHN-OCQMGLTQSA-N,CC(C)C[C@H](NC(=O)OCC1CC(=O)N(CC2CC3C=CC2C3)C1)C(=O)N[C@H](C=O)C[C@@H]1CCNC1=O,O=C(CNC(=O)OCC1CC(=O)N(CC2CC3C=CC2C3)C1)NCCC1CCNC1=O,6.721246399047171,sars2_3cl,coronaviral,IC50,516.6390000000002,0.19387755102040816,False,False,False,False
SFLXXRLRVFFRKD-FTJBHMTQSA-N,COc1ccc2[nH]c(=O)cc(C(=O)N[C@H]3CCCC[C@H]3Nc3c(C(=O)N4CCOCC4)cc(C4CC4)cc3[N+](=O)[O-])c2c1,O=C(NC1CCCCC1Nc1ccc(C2CC2)cc1C(=O)N1CCOCC1)c1cc(=O)[nH]c2ccccc12,7.97469413473523,sars2_3cl,coronaviral,IC50,589.6490000000003,0.22448979591836735,False,False,False,False
SGRWAAGARHSFOV-ABYGYWHVSA-N,CN(C(=O)[C@H](Cc1ccccc1)NC(=O)[C@@H](NC(=O)c1ccc(-c2cccs2)s1)C(C)(C)C)N(C#N)Cc1ccc(Cl)cc1,O=C(CNC(=O)c1ccc(-c2cccs2)s1)NC(Cc1ccccc1)C(=O)NNCc1ccccc1,6.272458742971444,sars2_3cl,coronaviral,IC50,648.2540000000001,0.18085106382978725,False,False,False,False
SHNRGNNBAZYXEK-XTQVFSAZSA-N,CC(=O)N[C@H](C(=O)N1C[C@H]2[C@@H]([C@H]1C(=O)N[C@H](C#N)C[C@@H]1CCNC1=O)C2(C)C)c1cc(Cl)c(OCCN(C)C)c(Cl)c1,O=C1NCCC1CCNC(=O)C1C2CC2CN1C(=O)Cc1ccccc1,4.5499049241283975,sars2_3cl,coronaviral,IC50,621.5660000000003,0.19811320754716982,False,False,False,False
SHRYBFGXRROFFT-WTHGOZCHSA-N,COC(=O)/C=C/C(=O)N(c1ccc(-c2ccccc2)cc1)C(C(=O)N[C@@H](C)c1ccccc1)c1cccnc1,O=C(NCc1ccccc1)C(Nc1ccc(-c2ccccc2)cc1)c1cccnc1,5.401209493236885,sars2_3cl,coronaviral,IC50,519.6010000000002,0.2857142857142857,False,False,False,False
SIIXLBNACOIFNU-UHFFFAOYSA-N,CC(=O)OCC1Cc2c(-c3ccc(C#N)cn3)cccc2-c2c(O)ccc(-c3ccc(Br)cc3)c21,c1ccc(-c2cccc3c2CCc2c(-c4ccccn4)cccc2-3)cc1,5.351737605222533,sars2_3cl,coronaviral,IC50,525.4020000000002,0.20754716981132076,False,False,False,False
SIQCRKPQRNZNQY-YVYGCQPASA-N,CC(C)Oc1cccc2[nH]c(C(=O)N3C[C@H]4[C@@H]([C@H]3C(=O)N[C@H](C=O)C[C@@H]3CCNC3=O)C4(C)C)cc12,O=C1NCCC1CCNC(=O)C1C2CC2CN1C(=O)c1cc2ccccc2[nH]1,7.552841968657781,sars2_3cl,coronaviral,IC50,494.5920000000003,0.2604166666666667,False,False,False,False
SIQVSLICJZAZGM-PIZRKSBESA-N,COc1cccc2[nH]c(C(=O)N(C)[C@@H](CC(C)C)C(=O)N3C[C@]4(CC3C(=O)O)C(=O)Nc3ccccc34)cc12,O=C(NCC(=O)N1CCC2(C1)C(=O)Nc1ccccc12)c1cc2ccccc2[nH]1,6.259637310505756,sars2_3cl,coronaviral,IC50,532.5970000000003,0.2553191489361702,False,False,False,False
SISYZSSXJZVSNK-UHFFFAOYSA-N,NC(=O)c1ccc2c(c1)C(=O)C(=O)N2Cc1cn(Cc2ccc(C(F)(F)F)cc2F)nn1,O=C1C(=O)N(Cc2cn(Cc3ccccc3)nn2)c2ccccc21,6.275724130399211,sars2_3cl,coronaviral,IC50,447.348,0.24096385542168675,False,False,False,False
SJFWTBVJFZSLFA-NRFANRHFSA-N,CN1C(=O)[C@H](Cc2ccccc2)NC(=O)COCCOCCOc2ccc(F)cc2CN1C#N,O=C1COCCOCCOc2ccccc2CNNC(=O)C(Cc2ccccc2)N1,5.583359492661719,sars2_3cl,coronaviral,IC50,470.5010000000003,0.2,False,False,False,False
SJRKRDWOKNXULK-QFIPXVFZSA-N,COc1ccc(NC(=O)[C@@H]2CN(C(=O)c3cnccc3OC)CCN2c2ccc(Cl)c(Cl)c2)cc1,O=C(Nc1ccccc1)C1CN(C(=O)c2cccnc2)CCN1c1ccccc1,6.689411859112482,sars2_3cl,coronaviral,IC50,515.3970000000003,0.30120481927710846,False,False,False,False
SKBRIEKSIQXIPD-HKUGMYLTSA-N,CC(C)C[C@H](NC(=O)[C@@H](NC(=O)/C=C/c1ccc(F)cc1)C(C)C)C(=O)N[C@H](C=O)C[C@@H]1CCCNC1=O,O=C(C=Cc1ccccc1)NCC(=O)NCC(=O)NCCC1CCCNC1=O,6.512861624522813,sars2_3cl,coronaviral,IC50,530.6410000000003,0.17894736842105263,False,False,False,False
SKINHNZYXMWZGO-AVGNSLFASA-N,Cc1sc(C(F)(F)F)nc1C(=O)N[C@@H](CC(C)(C)C)C(=O)N[C@H](C#N)C[C@@H]1CCNC1=O,O=C(CNC(=O)c1cscn1)NCCC1CCNC1=O,5.158015195409886,sars2_3cl,coronaviral,Ki,473.5210000000003,0.1717171717171717,False,False,False,False
SKPHSTUDURJNOT-KGVQPDQQSA-N,CC1(C)[C@@H]2[C@@H](C(=O)N[C@H](C#N)C[C@@H]3CCNC3=O)N(C(=O)C(CCC(F)(F)F)NC(=O)C(F)(F)F)C[C@@H]21,O=C1NCCC1CCNC(=O)C1NCC2CC21,7.7447274948966935,sars2_3cl,coronaviral,Ki,539.4770000000001,0.18811881188118812,False,False,False,False
SKUVFVLPECWSJN-UHFFFAOYSA-N,CC(=O)OCC1Cc2c(cccc2-c2nccc3ccccc23)-c2c(O)ccc(C)c21,c1ccc2c(c1)CCc1c-2cccc1-c1nccc2ccccc12,4.848630149752539,sars2_3cl,coronaviral,IC50,409.4850000000002,0.2375,False,False,False,False
SKYFHUQPZMDGOK-XZOQPEGZSA-N,CN(C(=O)[C@H](Cc1ccccc1)NC(=O)[C@@H](NC(=O)C1(F)CC1)C(C)(C)C)N(C#N)Cc1ccc(Cl)cc1,O=C(CNC(=O)C1CC1)NC(Cc1ccccc1)C(=O)NNCc1ccccc1,7.301029995663981,sars2_3cl,coronaviral,IC50,542.0550000000004,0.21348314606741572,False,False,False,False
SLFGDOVUEQTCBH-UHFFFAOYSA-N,CC(=O)NCn1sc2cc(F)ccc2c1=O,O=c1[nH]sc2ccccc12,6.596879478824182,sars2_3cl,coronaviral,IC50,240.259,0.2777777777777778,False,False,False,False
SMQQOJDQJBWRCU-XYJFISCASA-N,COC(=O)N[C@H](C(=O)N1CC2(CCCCC2)C[C@H]1C(=O)N[C@@H](CCC(C)(F)F)C(=O)C(N)=O)C(C)(C)C,C1CCC2(CC1)CCNC2,7.6020599913279625,sars2_3cl,coronaviral,IC50,530.6130000000002,0.23333333333333334,False,False,False,False
SMYSMZKFZOZLCC-UHFFFAOYSA-N,O=C(C1CN(c2ccc(Cl)c(Cl)c2)CCN1C(=O)c1cc(=O)[nH]c2ccccc12)N1CC2(COC2)C1,O=C(C1CN(c2ccccc2)CCN1C(=O)c1cc(=O)[nH]c2ccccc12)N1CC2(COC2)C1,5.675717544702307,sars2_3cl,coronaviral,IC50,527.4080000000002,0.21839080459770116,False,False,False,False
SNAYWZHLSNURMD-UHFFFAOYSA-N,CC(C)(C)OC(=O)Cn1sc2cc(F)ccc2c1=O,O=c1[nH]sc2ccccc12,6.657182685364267,sars2_3cl,coronaviral,IC50,283.324,0.2631578947368421,False,False,False,False
SNFBJKJTJOFDKW-RZJJKWGUSA-N,CC(C)C[C@H](NC(=O)OCC(C)(C)[S+]([O-])c1ccccc1)C(=O)N[C@@H](C[C@@H]1CCNC1=O)C(O)S(=O)(=O)O,O=C(CNC(=O)OCC[SH+]c1ccccc1)NCCC1CCNC1=O,6.455931955649724,sars2_3cl,coronaviral,IC50,575.7060000000002,0.1941747572815534,False,False,False,False
SNIVXBJYZGVETC-DEOSSOPVSA-N,CN(C(=O)[C@H](Cc1ccccc1)NC(=O)OCc1ccccc1)N(C#N)Cc1ccccc1F,O=C(NC(Cc1ccccc1)C(=O)NNCc1ccccc1)OCc1ccccc1,6.863279432843593,sars2_3cl,coronaviral,IC50,460.5090000000001,0.20270270270270271,False,False,False,False
SNJXBRHNYDZGKX-UHFFFAOYSA-N,CCn1c(C(=O)NCCCNC(=O)n2cc(F)c(=O)[nH]c2=O)cc2ccccc21,O=C(NCCCNC(=O)n1ccc(=O)[nH]c1=O)c1cc2ccccc2[nH]1,5.721246399047171,sars2_3cl,coronaviral,IC50,401.3980000000001,0.24050632911392406,False,False,False,False
SNKFFCBZYFGCQN-PDVBOLEISA-N,O=C(/C=C/c1ccc(O)c2c1[C@@H](C(=O)O[C@H](Cc1ccc(O)c(O)c1)C(=O)O)[C@H](c1ccc(O)c(O)c1)O2)O[C@H](Cc1ccc(O)c(O)c1)C(=O)O,O=C(C=Cc1cccc2c1C(C(=O)OCCc1ccccc1)C(c1ccccc1)O2)OCCc1ccccc1,5.465973893943865,sars2_3cl,coronaviral,IC50,718.6200000000002,0.15555555555555556,False,False,False,False
SOKKEQHRVRNCKI-YQASGENESA-N,CC(C)C[C@H](NC(=O)OCc1cccc(C(F)(F)F)c1)C(=O)N[C@@H](C[C@@H]1CCNC1=O)C(O)S(=O)(=O)O,O=C(CNC(=O)OCc1ccccc1)NCCC1CCNC1=O,7.795880017344075,sars2_3cl,coronaviral,IC50,553.5560000000003,0.2,False,False,False,False
SOMBMAZVMBPWSN-UHFFFAOYSA-N,CC(C)CCn1sc2ccccc2c1=O,O=c1[nH]sc2ccccc12,6.494850021680094,sars2_3cl,coronaviral,IC50,221.32500000000002,0.24561403508771928,False,False,False,False
SOOZDRZESQAIJW-ATIWLJMLSA-N,CC(C)[C@H](NC(=O)OC(C)(C)C)C(=O)N1C[C@@H](C)C[C@H]1C(=O)N[C@H](C=O)C[C@@H]1CCNC1=O,O=C1NCCC1CCNC(=O)C1CCCN1,9.327902142064282,sars2_3cl,coronaviral,IC50,466.57900000000024,0.25,False,False,False,False
SOPHHHRXQTYBAJ-TXTPUJOMSA-N,CC1(C)[C@@H]2[C@@H](C(=O)N[C@H](C=O)C[C@@H]3CCNC3=O)N(C(=O)Cc3ccccc3)C[C@@H]21,O=C1NCCC1CCNC(=O)C1C2CC2CN1C(=O)Cc1ccccc1,7.795880017344075,sars2_3cl,coronaviral,IC50,411.5020000000001,0.25882352941176473,False,False,False,False
SPHHADSVJQMGAP-DHIUTWEWSA-N,O=C(NCc1ccccn1)C(=O)[C@@H](Cc1ccccc1)NC(=O)[C@H]1COCCN1C(=O)C1CCC(F)(F)CC1,O=C(NCc1ccccn1)C(=O)C(Cc1ccccc1)NC(=O)C1COCCN1C(=O)C1CCCCC1,7.835647144215563,sars2_3cl,coronaviral,IC50,542.5830000000002,0.22857142857142856,False,False,False,False
SPIBKCCONSJUSM-RCTKEMKKSA-N,CC(C)(C)[C@H](NC(=O)OCc1cccnc1)C(=O)N1C[C@H]2[C@@H]([C@H]1C(=O)N[C@H](C#N)C[C@@H]1CCCNC1=O)C2(C)C,O=C(NCC(=O)N1CC2CC2C1C(=O)NCCC1CCCNC1=O)OCc1cccnc1,10.0268721464003,sars2_3cl,coronaviral,Ki,552.6760000000003,0.2549019607843137,False,False,False,False
SPTWXRJNCFIDRQ-ZHACJKMWSA-N,CCc1ccc(/C=C/C(=O)Nc2ccc(C(C)=O)cc2)o1,O=C(C=Cc1ccco1)Nc1ccccc1,5.305394801066431,sars2_3cl,coronaviral,IC50,283.327,0.20754716981132076,False,False,False,False
SQCLDBIFMLWQKX-UHFFFAOYSA-N,OC1CCN(C(=S)SSCc2ccccc2)CC1,S=C(SSCc1ccccc1)N1CCCCC1,6.6020599913279625,sars2_3cl,coronaviral,IC50,299.4860000000001,0.3148148148148148,False,False,False,False
SQGCCBUMOFAKRU-PZGXJGMVSA-N,C[C@H](NC(=O)[C@@H](c1cccnc1)N(C(=O)CC#N)c1ccc(-c2ccccc2)cc1)c1ccccc1,O=C(NCc1ccccc1)C(Nc1ccc(-c2ccccc2)cc1)c1cccnc1,6.301029995663981,sars2_3cl,coronaviral,IC50,474.56400000000014,0.2535211267605634,False,False,False,False
SQKSGVYQLGJPER-UHFFFAOYSA-N,Cc1ccc(C(=O)n2c(C(F)(F)F)nc3ccccc32)cc1,O=C(c1ccccc1)n1cnc2ccccc21,4.7697754948726185,sars2_3cl,coronaviral,IC50,304.271,0.2727272727272727,False,False,False,False
SQQJNXIDNCGJQI-LJEUNREKSA-N,CC(C)C[C@H](NC(=O)OCC1CN(C(=O)OC(C)(C)C)C1)C(=O)N[C@@H](C[C@H]1CCNC1=O)C(=O)C(O)S(=O)(=O)O,O=C(CNC(=O)OCC1CNC1)NCCC1CCNC1=O,6.301029995663981,sars2_3cl,coronaviral,IC50,592.6680000000003,0.22330097087378642,False,False,False,False
SQQJNXIDNCGJQI-WSALJXSUSA-N,[2H]C([2H])(OC(=O)N[C@@H](CC(C)C)C(=O)N[C@@H](C[C@H]1CCNC1=O)C(=O)C(O)S(=O)(=O)O)C1CN(C(=O)OC(C)(C)C)C1,O=C(CNC(=O)OCC1CNC1)NCCC1CCNC1=O,6.468521082957745,sars2_3cl,coronaviral,IC50,594.680203556,0.21904761904761905,False,False,False,False
SQUUVUDFHHMCTC-UHFFFAOYSA-N,Cc1cc2cc(CN(CCc3ccccc3C)C(=O)NCc3ccccc3)c(=O)[nH]c2cc1C,O=C(NCc1ccccc1)N(CCc1ccccc1)Cc1cc2ccccc2[nH]c1=O,4.764471553092451,sars2_3cl,coronaviral,IC50,453.5860000000002,0.24675324675324675,False,False,False,False
SQYSCCANHVMMNR-HXUWFJFHSA-N,O=C(CNC(=O)C1CCC(F)(F)CC1)N[C@H](Cc1ccc(Cl)cc1Cl)C(=O)C(=O)NCc1ccccn1,O=C(CNC(=O)C1CCCCC1)NC(Cc1ccccc1)C(=O)C(=O)NCc1ccccn1,7.342944147142896,sars2_3cl,coronaviral,IC50,555.4090000000002,0.21428571428571427,False,False,False,False
SRGFYQWIBWQNRP-DEOSSOPVSA-N,CN1C(=O)[C@H](Cc2ccccc2)N(C(=O)CNC(=O)c2cccs2)CC2(CC2)COc2c(Cl)cccc2CN1C#N,O=C(NCC(=O)N1CC2(CC2)COc2ccccc2CNNC(=O)C1Cc1ccccc1)c1cccs1,7.522878745280337,sars2_3cl,coronaviral,IC50,592.1210000000001,0.19811320754716982,False,False,False,False
SRGFYQWIBWQNRP-DEOSSOPVSA-N,CN1C(=O)[C@H](Cc2ccccc2)N(C(=O)CNC(=O)c2cccs2)CC2(CC2)COc2c(Cl)cccc2CN1C#N,O=C(NCC(=O)N1CC2(CC2)COc2ccccc2CNNC(=O)C1Cc1ccccc1)c1cccs1,7.675717544702307,sars2_3cl,coronaviral,Ki,592.1210000000001,0.19811320754716982,False,False,False,False
SRTRSLGKVCJVPS-UHFFFAOYSA-N,CCCCNC(=O)C1CN(c2ccc(Cl)c(Cl)c2)CCN1C(=O)c1cc(=O)[nH]c2ccccc12,O=C(c1cc(=O)[nH]c2ccccc12)N1CCN(c2ccccc2)CC1,6.236572006437063,sars2_3cl,coronaviral,IC50,501.4140000000002,0.23863636363636365,False,False,False,False
SSXOXEPZLHAGPT-WAEHTFFWSA-N,C#C[C@H](C[C@@H]1CCNC1=O)NC(=O)[C@@H]1[C@@H]2[C@H](CN1C(=O)COc1ccc(C(F)(F)F)cc1)C2(C)C,O=C1NCCC1CCNC(=O)C1C2CC2CN1C(=O)COc1ccccc1,5.522878745280337,sars2_3cl,coronaviral,IC50,491.5100000000003,0.23958333333333334,False,False,False,False
SSXXVUXAHDLVTH-HVTWWXFQSA-N,CC(C)[C@H](NC(=O)OC(C)(C)C)C(=O)N1C[C@@H](OC(C)(C)C)C[C@H]1C(=O)N[C@H](C=O)C[C@@H]1CCNC1=O,O=C1NCCC1CCNC(=O)C1CCCN1,4.692717952966654,sars2_3cl,coronaviral,IC50,524.6590000000003,0.24468085106382978,False,False,False,False
SSXXVUXAHDLVTH-KNJMJIDISA-N,CC(C)[C@H](NC(=O)OC(C)(C)C)C(=O)N1C[C@H](OC(C)(C)C)C[C@H]1C(=O)N[C@H](C=O)C[C@@H]1CCNC1=O,O=C1NCCC1CCNC(=O)C1CCCN1,8.602059991327963,sars2_3cl,coronaviral,IC50,524.6590000000003,0.24468085106382978,False,False,False,False
STOBOFMVGTYWIL-UHFFFAOYSA-N,O=S(=O)(Cc1cccnc1)c1nnc(-c2ccc(Cl)cc2)o1,O=S(=O)(Cc1cccnc1)c1nnc(-c2ccccc2)o1,6.221848749616356,sars2_3cl,coronaviral,IC50,335.77200000000005,0.2692307692307692,False,False,False,False
STRJQLVEXYLLSU-UHFFFAOYSA-N,O=c1[nH]c(-c2ccccc2[N+](=O)[O-])nc2cc(O)c(O)c(O)c12,O=c1[nH]c(-c2ccccc2)nc2ccccc12,4.975186067370689,sars2_3cl,coronaviral,IC50,315.24100000000004,0.14666666666666667,False,False,False,False
STSLPALDHZRKOZ-KWZHWUHISA-N,CC(C)C[C@H](NC(=O)OC1CC2(CCN(C(=O)Cc3ccccc3)CC2)C1)C(=O)N[C@@H](C[C@H]1CCNC1=O)C(=O)C(O)S(=O)(=O)O,O=C(CNC(=O)OC1CC2(CCN(C(=O)Cc3ccccc3)CC2)C1)NCCC1CCNC1=O,6.537602002101044,sars2_3cl,coronaviral,IC50,664.7780000000005,0.22429906542056074,False,False,False,False
STZSMNMPHCLEPA-PZGXJGMVSA-N,C#CC(=O)N(c1ccc(-c2ccccc2)cc1)[C@@H](C(=O)N[C@@H](C)c1ccccc1)c1cccnc1,O=C(NCc1ccccc1)C(Nc1ccc(-c2ccccc2)cc1)c1cccnc1,7.698970004336019,sars2_3cl,coronaviral,IC50,459.54900000000015,0.26865671641791045,False,False,False,False
STZSMNMPHCLEPA-PZGXJGMVSA-N,C#CC(=O)N(c1ccc(-c2ccccc2)cc1)[C@@H](C(=O)N[C@@H](C)c1ccccc1)c1cccnc1,O=C(NCc1ccccc1)C(Nc1ccc(-c2ccccc2)cc1)c1cccnc1,7.929223537156565,sars2_3cl,coronaviral,Ki,459.54900000000015,0.26865671641791045,False,False,False,False
STZSMNMPHCLEPA-ZTOMLWHTSA-N,C#CC(=O)N(c1ccc(-c2ccccc2)cc1)[C@H](C(=O)N[C@@H](C)c1ccccc1)c1cccnc1,O=C(NCc1ccccc1)C(Nc1ccc(-c2ccccc2)cc1)c1cccnc1,7.301029995663981,sars2_3cl,coronaviral,IC50,459.54900000000015,0.26865671641791045,False,False,False,False
SUHXMVFLANNBLT-XLAORIBOSA-N,CC(C)(C)C[C@H](NC(=O)[C@@H](NC(=O)NC(C)(C)C)C(C)(C)C)C(=O)N[C@H](C=O)C[C@@H]1CCNC1=O,O=C1CCCN1,7.769551078621726,sars2_3cl,coronaviral,IC50,495.6650000000003,0.16483516483516483,False,False,False,False
SUJHQSHWRKZNKS-ZVAWYAOSSA-N,CC(C)C[C@H](NC(=O)OCc1ccccc1)C(=O)NN(CC1CCCNC1=O)C(=O)CCl,O=C(CNC(=O)OCc1ccccc1)NNCC1CCCNC1=O,8.301029995663981,sars2_3cl,coronaviral,IC50,466.96600000000024,0.22105263157894736,False,False,False,False
SUJUHGSWHZTSEU-FYBSXPHGSA-N,CCC[C@@]1(CCc2ccccc2)CC(O)=C([C@H](CC)c2cccc(NS(=O)(=O)c3ccc(C(F)(F)F)cn3)c2)C(=O)O1,O=C1OC(CCc2ccccc2)CC=C1Cc1cccc(NS(=O)(=O)c2ccccn2)c1,5.131943638176958,sars2_3cl,coronaviral,IC50,602.6750000000001,0.21505376344086022,False,False,False,False
SULPRPZTRHTDLY-BDYUSTAISA-N,O=C(O)C1=C(C(=O)NCc2ccccc2)CN2C[C@H](NC(=O)[C@H](Cc3ccccc3)NC(=O)c3cc4ccccc4[nH]3)C(=O)N12,O=C(NCc1ccccc1)C1=CN2C(=O)C(NC(=O)C(Cc3ccccc3)NC(=O)c3cc4ccccc4[nH]3)CN2C1,3.7495799976911064,sars2_3cl,coronaviral,IC50,606.6390000000001,0.20212765957446807,False,False,False,False
SUQOFJRJSSCEJE-RTWAWAEBSA-N,O=C(N[C@H]1CCCC[C@H]1Nc1c(C(=O)N2CCOCC2)cc(Br)cc1[N+](=O)[O-])c1cc(=O)[nH]c2cc(F)ccc12,O=C(NC1CCCCC1Nc1ccccc1C(=O)N1CCOCC1)c1cc(=O)[nH]c2ccccc12,7.412289034981089,sars2_3cl,coronaviral,IC50,616.4440000000002,0.23595505617977527,False,False,False,False
SUXXLPVLPGMTJN-JOKKSQGBSA-N,CC(C)C[C@H](NC(=O)OCC1CC2CCC1C2)C(=O)N[C@H](C=O)C[C@H]1CCNC1=O,O=C(CNC(=O)OCC1CC2CCC1C2)NCCC1CCNC1=O,6.853871964321762,sars2_3cl,coronaviral,IC50,421.5380000000001,0.16666666666666666,False,False,False,False
SVAHUSOLVZWUTO-VATUJKLESA-N,CC1(C)[C@@H]2[C@@H](C(=O)N[C@H](C=O)C[C@@H]3CCNC3=O)N(C(=O)COc3ccc4ccccc4c3)C[C@@H]21,O=C1NCCC1CCNC(=O)C1C2CC2CN1C(=O)COc1ccc2ccccc2c1,7.283162276700476,sars2_3cl,coronaviral,IC50,477.5610000000002,0.21052631578947367,False,False,False,False
SVOCCYIUNITIHL-ATCHWDNASA-N,COC(=O)N[C@H](C(=O)N1C[C@@H]2CCC[C@@H]2[C@H]1C(=O)N[C@@H](CCC(C)(F)F)C(=O)C(=O)NC1CC1)C(C)(C)C,O=C(CNC(=O)C1NCC2CCCC21)C(=O)NC1CC1,8.0,sars2_3cl,coronaviral,IC50,542.6240000000001,0.20212765957446807,False,False,False,False
SWCOQBGCXYYZNM-TXTPUJOMSA-N,CC1(C)[C@@H]2[C@@H](C(=O)N[C@H](C=O)C[C@@H]3CCNC3=O)N(C(=O)CC3CCCCC3)C[C@@H]21,O=C1NCCC1CCNC(=O)C1C2CC2CN1C(=O)CC1CCCCC1,7.6020599913279625,sars2_3cl,coronaviral,IC50,417.5500000000003,0.21348314606741572,False,False,False,False
SWHDQWPBCJBRTL-DNQXCXABSA-N,O=C(NCc1ccccn1)C(=O)[C@@H](Cc1ccccc1)NC(=O)[C@H]1COCCN1C(=O)CC1CCC(F)(F)CC1,O=C(NCc1ccccn1)C(=O)C(Cc1ccccc1)NC(=O)C1COCCN1C(=O)CC1CCCCC1,7.962573502059376,sars2_3cl,coronaviral,IC50,556.6100000000002,0.21296296296296297,False,False,False,False
SXCMWFGSFLHNAH-XMMPIXPASA-N,Cc1ccc(OCCN(C)C)cc1C(=O)N[C@H](C)c1cc(-c2cnn(CC3CCOCC3)c2)cc(-c2ccn(C)n2)c1,O=C(NCc1cc(-c2cnn(CC3CCOCC3)c2)cc(-c2cc[nH]n2)c1)c1ccccc1,7.096910013008056,sars2_3cl,coronaviral,IC50,570.7380000000003,0.19801980198019803,False,False,False,False
SXGHUUUXHGJESI-MFZWHCTPSA-N,CC(C)C[C@H](NC(=O)[C@@H](NC(=O)/C=C/c1ccc(-c2ccccc2)cc1)C(C)C)C(=O)N[C@H](C=O)C[C@@H]1CCCNC1=O,O=C(C=Cc1ccc(-c2ccccc2)cc1)NCC(=O)NCC(=O)NCCC1CCCNC1=O,6.530177984021837,sars2_3cl,coronaviral,IC50,588.749,0.20618556701030927,False,False,False,False
SXXDGDQPBHPSPY-IICXDKKESA-N,CC(C)(C)NC(=O)C(=O)N1C[C@H]2[C@@H]([C@H]1C(=O)N[C@@H](C[C@@H]1CCNC1=O)C(=O)COC(F)(F)F)C2(C)C,O=C1NCCC1CCNC(=O)C1NCC2CC21,7.090979145788844,sars2_3cl,coronaviral,IC50,518.5330000000004,0.16842105263157894,False,False,False,False
SYDIOHQUISUVPK-JOCHJYFZSA-N,N#Cc1cc(F)cc(C(=O)NCC(=O)N[C@H](Cc2ccccc2)C(=O)C(=O)NCc2ccccn2)c1,O=C(CNC(=O)c1ccccc1)NC(Cc1ccccc1)C(=O)C(=O)NCc1ccccn1,7.686132779630847,sars2_3cl,coronaviral,IC50,487.49100000000016,0.23376623376623376,False,False,False,False
SYGZVFNRQMNNJQ-LPEBVDEISA-N,COC(=O)/C=C/[C@H](C[C@@H]1CCNC1=O)NC(=O)[C@H](CC(C)C)NC(=O)OCc1ccccc1,O=C(CNC(=O)OCc1ccccc1)NCCC1CCNC1=O,5.8696662315049934,sars2_3cl,coronaviral,IC50,459.54300000000023,0.23655913978494625,False,False,False,False
SYMHHBSETXILLU-SRZZPIQSSA-N,O=C(O)c1ccc(/N=C/c2c(O)ccc3c2C2CCCCC2O3)cc1,C(=Nc1ccccc1)c1cccc2c1C1CCCCC1O2,4.638272163982407,sars2_3cl,coronaviral,EC50,337.37500000000006,0.17333333333333334,False,False,False,False
SYMPKLLIICJDHC-BJESRGMDSA-N,O=C[C@H](C[C@@H]1CCNC1=O)NC(=O)[C@@H]1C[C@@H](C2CCCCC2)CN1C(=O)OCc1ccccc1,O=C1NCCC1CCNC(=O)C1CC(C2CCCCC2)CN1C(=O)OCc1ccccc1,6.292429823902063,sars2_3cl,coronaviral,IC50,469.5820000000004,0.2222222222222222,False,False,False,False
SYPJIXTYHIAVGY-UHFFFAOYSA-N,O=C(NCCN1C(=O)C=CC1=O)c1cc2ccccc2[nH]1,O=C(NCCN1C(=O)C=CC1=O)c1cc2ccccc2[nH]1,5.681936665037238,sars2_3cl,coronaviral,IC50,283.28700000000003,0.26153846153846155,False,False,False,False
SYSFJLSWEUVDHF-ROUUACIJSA-N,CC(C)(C)OC(=O)NCC(=O)N[C@@H](Cc1ccccc1)C(=O)N[C@H](C=O)Cc1c[nH]cn1,O=C(CCc1ccccc1)NCCc1c[nH]cn1,5.187755303199631,sars2_3cl,coronaviral,IC50,443.50400000000013,0.2222222222222222,False,False,False,False
SYSFJLSWEUVDHF-ROUUACIJSA-N,CC(C)(C)OC(=O)NCC(=O)N[C@@H](Cc1ccccc1)C(=O)N[C@H](C=O)Cc1c[nH]cn1,O=C(CCc1ccccc1)NCCc1c[nH]cn1,5.920680065291484,sars2_3cl,coronaviral,Kd,443.50400000000013,0.2222222222222222,False,False,False,False
SZWKBXYVDYHRDG-AZGAKELHSA-N,CN1C(=O)C[C@H]2CC3(CC3)CN2C(=O)c2cncc(c2)NCCCCCCNC(=O)[C@H]1Cc1ccc(Cl)cc1Cl,O=C1CC2CC3(CC3)CN2C(=O)c2cncc(c2)NCCCCCCNC(=O)C(Cc2ccccc2)N1,8.221848749616356,sars2_3cl,coronaviral,IC50,586.5640000000003,0.20618556701030927,False,False,False,False
TUMJQFRANSTLTQ-UHFFFAOYSA-N,O=C(CSc1nc(C2CCCCC2)nc2ccccc12)NCc1ccco1,O=C(CSc1nc(C2CCCCC2)nc2ccccc12)NCc1ccco1,4.739928612014925,sars2_3cl,coronaviral,IC50,381.50100000000003,0.23076923076923078,False,False,False,False
TUVKZFWBFHCOGE-UHFFFAOYSA-N,Cc1ccc(-n2[se]c3ccccc3c2=O)cc1,O=c1c2ccccc2[se]n1-c1ccccc1,5.640082036340232,sars2_3cl,coronaviral,IC50,288.208,0.23404255319148937,False,False,False,False
TVPPNQXVIFIFFS-MUTMVCIVSA-N,CC1(C)[C@@H]2[C@@H](C(=O)N[C@H](C=O)C[C@@H]3CCNC3=O)N(C(=O)N(c3ccc(Cl)cc3)c3ccc(Cl)cc3)C[C@@H]21,O=C1NCCC1CCNC(=O)C1C2CC2CN1C(=O)N(c1ccccc1)c1ccccc1,5.958607314841775,sars2_3cl,coronaviral,EC50,557.4780000000001,0.2222222222222222,False,False,False,False
TVPPNQXVIFIFFS-MUTMVCIVSA-N,CC1(C)[C@@H]2[C@@H](C(=O)N[C@H](C=O)C[C@@H]3CCNC3=O)N(C(=O)N(c3ccc(Cl)cc3)c3ccc(Cl)cc3)C[C@@H]21,O=C1NCCC1CCNC(=O)C1C2CC2CN1C(=O)N(c1ccccc1)c1ccccc1,6.346787486224656,sars2_3cl,coronaviral,IC50,557.4780000000001,0.2222222222222222,False,False,False,False
TVZNNFIVZKAFSM-STFWXSJUSA-N,CC(C)[C@](C)(NC(=O)OCc1ccccc1)C(=O)N[C@@H](CC(C)(C)C)C(=O)N[C@H](C=O)C[C@@H]1CCNC1=O,O=C(CNC(=O)CNC(=O)OCc1ccccc1)NCCC1CCNC1=O,7.113509274827518,sars2_3cl,coronaviral,IC50,530.6660000000003,0.20202020202020202,False,False,False,False
TWHBWHUYJZRDHJ-UJNREOGLSA-N,CC(C)C[C@H](NC(=O)OC1CC2(C1)CN(C(=O)C(C)C)C2)C(=O)N[C@@H](C[C@H]1CCNC1=O)C(=O)C(O)S(=O)(=O)O,O=C(CNC(=O)OC1CC2(CNC2)C1)NCCC1CCNC1=O,6.187086643357144,sars2_3cl,coronaviral,IC50,588.6800000000004,0.1717171717171717,False,False,False,False
TWRWGJVAQMSZHE-UHFFFAOYSA-N,Cc1ccc(-c2cccc3c2CC(CO)c2c(-c4ccc(Br)cc4)ccc(O)c2-3)nc1,c1ccc(-c2cccc3c2CCc2c(-c4ccccn4)cccc2-3)cc1,4.99012436628784,sars2_3cl,coronaviral,IC50,472.38200000000006,0.17346938775510204,False,False,False,False
TXFALORVHGHNIZ-KBCNZALWSA-N,COC(=O)N[C@H](C(=O)N1C[C@H]2[C@@H]([C@H]1C(=O)N[C@H](C#N)C[C@@H]1CCNC1=O)C2(C)C)C(C)(C)C,O=C1NCCC1CCNC(=O)C1NCC2CC21,8.950781977329818,sars2_3cl,coronaviral,Ki,461.56300000000033,0.1958762886597938,False,False,False,False
TXRBKTXDEJWTOO-HHSPJAECSA-N,COc1ccc(OCC(=O)N2C[C@H]3[C@@H]([C@H]2C(=O)N[C@H](C=O)C[C@@H]2CCNC2=O)C3(C)C)cc1,O=C1NCCC1CCNC(=O)C1C2CC2CN1C(=O)COc1ccccc1,7.818156412055227,sars2_3cl,coronaviral,IC50,457.52700000000027,0.2222222222222222,False,False,False,False
TXRYVBYRMHRCNP-UHFFFAOYSA-N,CCC(C(=O)Nc1cc(NC2CCNCC2)ccc1C)n1cc(Br)cc2nc(SCc3ccc(F)cc3)nc1-2,O=C(Cn1cccc2nc(SCc3ccccc3)nc1-2)Nc1cccc(NC2CCNCC2)c1,7.301029995663981,sars2_3cl,coronaviral,IC50,611.5850000000002,0.2127659574468085,False,False,False,False
TXRYVBYRMHRCNP-UHFFFAOYSA-N,CCC(C(=O)Nc1cc(NC2CCNCC2)ccc1C)n1cc(Br)cc2nc(SCc3ccc(F)cc3)nc1-2,O=C(Cn1cccc2nc(SCc3ccccc3)nc1-2)Nc1cccc(NC2CCNCC2)c1,6.769551078621726,sars2_3cl,coronaviral,Kd,611.5850000000002,0.2127659574468085,False,False,False,False
TYENIUDMXPRBOL-DSXJZEJNSA-N,O=C1C[C@H]2CCCN2C(=O)c2cncc(c2)/C=C/CCCCCNC(=O)[C@@H](Cc2ccc(Cl)cc2Cl)N1,O=C1CC2CCCN2C(=O)c2cncc(c2)C=CCCCCCNC(=O)C(Cc2ccccc2)N1,8.045757490560675,sars2_3cl,coronaviral,IC50,543.4950000000005,0.24175824175824176,False,False,False,False
TYGSCBZYKZRGLG-ONEGZZNKSA-N,O=C(/C=C/c1c(Cl)c(O)c(O)c(O)c1Cl)c1ccco1,O=C(C=Cc1ccccc1)c1ccco1,7.019996628416253,sars2_3cl,coronaviral,IC50,315.10800000000006,0.1780821917808219,False,False,False,False
TYHVWDNUGIQLKX-UHFFFAOYSA-N,O=C(Nc1ccc(Cl)cc1)c1ccc(COc2ccc(Nc3ncnc4ccccc34)cc2Cl)cc1,O=C(Nc1ccccc1)c1ccc(COc2ccc(Nc3ncnc4ccccc34)cc2)cc1,5.316052869248487,sars2_3cl,coronaviral,IC50,515.4000000000001,0.2727272727272727,False,False,False,False
TYKBAYGPOGKYHQ-UHFFFAOYSA-N,Nc1ccc(C(=O)Oc2cncc(Cl)c2)c(F)c1,O=C(Oc1cccnc1)c1ccccc1,6.0254883072626715,sars2_3cl,coronaviral,IC50,266.659,0.21428571428571427,False,False,False,False
TYLOEMFGLQBHPE-UHFFFAOYSA-N,O=C(Oc1cncc(Cl)c1)c1ccc2[nH]ccc2c1,O=C(Oc1cccnc1)c1ccc2[nH]ccc2c1,6.698970004336019,sars2_3cl,coronaviral,IC50,272.69100000000003,0.22058823529411764,False,False,False,False
TYWILPQKGVLDRA-VREIQKLASA-N,CC(=O)N[C@H](C(=O)N[C@H](C(=O)N[C@@H](CC(C)C)C(=O)N[C@@H](C[C@@H]1CCNC1=O)C(=O)Cn1[nH]c(=O)c2c([N+](=O)[O-])cccc2c1=O)C(C)OCc1ccccc1)C(C)C,O=C(CCOCc1ccccc1)NCC(=O)NC(CC1CCNC1=O)C(=O)Cn1[nH]c(=O)c2ccccc2c1=O,6.221848749616356,sars2_3cl,coronaviral,IC50,820.9010000000002,0.17094017094017094,False,False,False,False
TYYASYBDGIPMJT-UHFFFAOYSA-N,CC1=C(C(=O)OCCc2ccccc2)C(c2ccccc2[N+](=O)[O-])C2C(=O)CCCC2N1,O=C(OCCc1ccccc1)C1=CNC2CCCC(=O)C2C1c1ccccc1,5.154901959985743,sars2_3cl,coronaviral,EC50,434.4920000000003,0.2073170731707317,False,False,False,False
TYYASYBDGIPMJT-UHFFFAOYSA-N,CC1=C(C(=O)OCCc2ccccc2)C(c2ccccc2[N+](=O)[O-])C2C(=O)CCCC2N1,O=C(OCCc1ccccc1)C1=CNC2CCCC(=O)C2C1c1ccccc1,5.6020599913279625,sars2_3cl,coronaviral,IC50,434.4920000000003,0.2073170731707317,False,False,False,False
TZDOSFATLAYDHP-UHFFFAOYSA-N,CSc1nc2ccccc2n1C(=O)c1ccc(C)c(F)c1,O=C(c1ccccc1)n1cnc2ccccc21,7.0528696677765055,sars2_3cl,coronaviral,IC50,300.358,0.2571428571428571,False,False,False,False
TZFBCUCFCLFZML-UHFFFAOYSA-N,COCCCc1cc(Cl)cc(-c2cc(-c3c[nH]c(=O)[nH]c3=O)cn(-c3cccnc3)c2=O)c1,O=c1[nH]cc(-c2cc(-c3ccccc3)c(=O)n(-c3cccnc3)c2)c(=O)[nH]1,7.6020599913279625,sars2_3cl,coronaviral,IC50,464.90900000000016,0.17857142857142858,False,False,False,False
TZFNLOMSOLWIDK-JTQLQIEISA-N,C[C@@](Cc1ccc(O)c(O)c1)(NN)C(=O)O,c1ccccc1,5.449771646944906,sars2_3cl,coronaviral,IC50,226.232,0.2127659574468085,False,True,False,True
TZMLDJOHHULHJL-ZUFXTUFISA-N,CC1(C)[C@@H]2[C@@H](C(=O)N[C@H](C=O)C[C@@H]3CCNC3=O)N(C(=O)c3cc4c(F)cccc4[nH]3)C[C@@H]21,O=C1NCCC1CCNC(=O)C1C2CC2CN1C(=O)c1cc2ccccc2[nH]1,7.823908740944319,sars2_3cl,coronaviral,IC50,454.5020000000001,0.23157894736842105,False,False,False,False
TZMNOOPWDDUOPB-DEOSSOPVSA-N,CN(C(=O)[C@H](Cc1ccccc1)NC(=O)OCc1ccccc1)N(C#N)Cc1ccc(Br)c(F)c1,O=C(NC(Cc1ccccc1)C(=O)NNCc1ccccc1)OCc1ccccc1,6.686132779630847,sars2_3cl,coronaviral,IC50,539.4050000000002,0.19540229885057472,False,False,False,False
TZWJNHNFNKVLMN-UHFFFAOYSA-N,O=C(Oc1cncc(Cl)c1)c1ccc(Cl)cc1F,O=C(Oc1cccnc1)c1ccccc1,7.34008379993015,sars2_3cl,coronaviral,IC50,286.089,0.2153846153846154,False,False,False,False
TZYWCYJVHRLUCT-VABKMULXSA-N,CC(C)C[C@@H](C=O)NC(=O)[C@H](CC(C)C)NC(=O)[C@H](CC(C)C)NC(=O)OCc1ccccc1,c1ccccc1,5.4089353929735005,sars2_3cl,coronaviral,IC50,475.6300000000002,0.22058823529411764,False,True,False,True
UAFLFCJAOKBHAW-RDJZCZTQSA-N,CC(C)C[C@H](NC(=O)c1cc2ccccc2[nH]1)C(=O)NN(C[C@@H]1CCNC1=O)C(=O)CCl,O=C(CNC(=O)c1cc2ccccc2[nH]1)NNCC1CCNC1=O,8.397940008672037,sars2_3cl,coronaviral,IC50,461.9500000000003,0.1958762886597938,False,False,False,False
UAFLFCJAOKBHAW-WBVHZDCISA-N,CC(C)C[C@H](NC(=O)c1cc2ccccc2[nH]1)C(=O)NN(C[C@H]1CCNC1=O)C(=O)CCl,O=C(CNC(=O)c1cc2ccccc2[nH]1)NNCC1CCNC1=O,8.522878745280337,sars2_3cl,coronaviral,IC50,461.9500000000003,0.1958762886597938,False,False,False,False
UALOUGGZTAKDCT-UHFFFAOYSA-N,CCCCCn1sc2ccccc2c1=O,O=c1[nH]sc2ccccc12,6.3872161432802645,sars2_3cl,coronaviral,IC50,221.32500000000002,0.22448979591836735,False,False,False,False
UASFRRMYZFFFDN-LKFYFCQJSA-N,CC1(C)[C@H](C(=O)OCc2ccccc2)N2C(=O)[C@@H](NC(=O)COc3ccccc3)[C@H]2[S@@+]1[O-],O=C(COc1ccccc1)NC1C(=O)N2C(C(=O)OCc3ccccc3)C[SH+]C12,4.640164517660112,sars2_3cl,coronaviral,IC50,456.5200000000002,0.2222222222222222,False,False,False,False
UBSRUXSJIPTBNT-UHFFFAOYSA-N,O=C(NCCC1CCCCC1)n1cc(F)c(=O)[nH]c1=O,O=C(NCCC1CCCCC1)n1ccc(=O)[nH]c1=O,5.309803919971486,sars2_3cl,coronaviral,IC50,283.303,0.24615384615384617,False,False,False,False
UCHDWCPVSPXUMX-TZIWLTJVSA-N,CC(C)(O)c1ccccc1CC[C@@H](SCC1(CC(=O)O)CC1)c1cccc(/C=C/c2ccc3ccc(Cl)cc3n2)c1,C(=Cc1ccc2ccccc2n1)c1cccc(C(CCc2ccccc2)SCC2CC2)c1,3.410050398674292,sars2_3cl,coronaviral,Kd,586.1970000000001,0.1836734693877551,False,False,False,False
UCMKKIDHLLIRFP-SBJFKYEJSA-N,COC(=O)N[C@H](C(=O)N1C[C@H](OC(F)F)C[C@H]1C(=O)N[C@H](C#N)C[C@@H]1CCNC1=O)C(C)(C)C,O=C1NCCC1CCNC(=O)C1CCCN1,8.411168274405792,sars2_3cl,coronaviral,Ki,487.50400000000025,0.19387755102040816,False,False,False,False
UCUNMBPXFSSYHA-UHFFFAOYSA-N,[O-][S+](Cc1cccnc1)c1nnc(-c2ccccc2)o1,c1ccc(-c2nnc([SH+]Cc3cccnc3)o2)cc1,6.3979400086720375,sars2_3cl,coronaviral,IC50,285.32800000000003,0.21153846153846154,False,False,False,False
UDPOYLPOECCAHB-RABCQHRBSA-N,CC(C)[C@H](NC(=O)OC(C)(C)C)C(=O)N1C[C@@H]2CCC[C@@H]2[C@H]1C(=O)N[C@H](C=O)C[C@@H]1CCNC1=O,O=C1NCCC1CCNC(=O)C1NCC2CCCC21,8.301029995663981,sars2_3cl,coronaviral,IC50,492.61700000000025,0.2553191489361702,False,False,False,False
UDPOYLPOECCAHB-RABCQHRBSA-N,CC(C)[C@H](NC(=O)OC(C)(C)C)C(=O)N1C[C@@H]2CCC[C@@H]2[C@H]1C(=O)N[C@H](C=O)C[C@@H]1CCNC1=O,O=C1NCCC1CCNC(=O)C1NCC2CCCC21,8.494850021680094,sars2_3cl,coronaviral,Ki,492.61700000000025,0.2553191489361702,False,False,False,False
UDPYBAWKLIGYCT-DYXWJJEUSA-N,CC(C)C[C@H](NC(=O)OC1CC2(CCN(C(=O)OC(C)(C)C)CC2)C1)C(=O)N[C@H](C=O)C[C@H]1CCNC1=O,O=C(CNC(=O)OC1CC2(CCNCC2)C1)NCCC1CCNC1=O,6.443697499232712,sars2_3cl,coronaviral,IC50,536.6700000000004,0.21153846153846154,False,False,False,False
UDWWSOGWAUAPBO-BJLQDIEVSA-N,CC(C)C[C@H](NC(=O)OCC(C)(C)Oc1ccccc1)C(=O)N[C@H](C=O)C[C@@H]1CCNC1=O,O=C(CNC(=O)OCCOc1ccccc1)NCCC1CCNC1=O,6.508638306165727,sars2_3cl,coronaviral,IC50,461.5590000000002,0.20833333333333334,False,False,False,False
UDXIYOCRUKPXES-JHKSWEFISA-N,CC(C)C[C@H](NC(=O)OC[C@H]1CCC(=O)N1CC1CCCCC1)C(=O)N[C@@H](C[C@@H]1CCNC1=O)C(O)S(=O)(=O)O,O=C(CNC(=O)OCC1CCC(=O)N1CC1CCCCC1)NCCC1CCNC1=O,6.292429823902063,sars2_3cl,coronaviral,IC50,588.7240000000005,0.18095238095238095,False,False,False,False
UDXIYOCRUKPXES-OFKKKTAQSA-N,CC(C)C[C@H](NC(=O)OC[C@@H]1CCC(=O)N1CC1CCCCC1)C(=O)N[C@@H](C[C@@H]1CCNC1=O)C(O)S(=O)(=O)O,O=C(CNC(=O)OCC1CCC(=O)N1CC1CCCCC1)NCCC1CCNC1=O,6.552841968657781,sars2_3cl,coronaviral,IC50,588.7240000000005,0.18095238095238095,False,False,False,False
UEDFBTZVUPSJIJ-QASNXKAYSA-N,C[C@H](NC(=O)C(c1cccnc1)N(C(=O)c1ccco1)c1ccc(N2CCCCC2)cc1)c1ccccc1,O=C(NCc1ccccc1)C(c1cccnc1)N(C(=O)c1ccco1)c1ccc(N2CCCCC2)cc1,5.262807357295262,sars2_3cl,coronaviral,IC50,508.62200000000036,0.2823529411764706,False,False,False,False
UEDKJQAQOOLPEW-UHFFFAOYSA-N,O=C(Cc1cncc(Br)c1)c1ccc(-c2ccc(Cl)cc2)o1,O=C(Cc1cccnc1)c1ccc(-c2ccccc2)o1,4.886056647693163,sars2_3cl,coronaviral,IC50,376.63700000000006,0.2,False,False,False,False
UEGSTNJPMSGHMF-GCHBTCAUSA-N,CC(C)C[C@@H](C(=O)N1C[C@]2(C[C@H]1C#N)C(=O)Nc1ccccc12)N1CC[C@H](NC(=O)C(F)(F)F)C1=O,O=C1CCCN1CC(=O)N1CCC2(C1)C(=O)Nc1ccccc12,6.259637310505756,sars2_3cl,coronaviral,IC50,505.4970000000002,0.23,False,False,False,False
UEISBBJHCPAHIH-UHFFFAOYSA-N,CC1CC(=O)C2=C(C1)Nc1cc([N+](=O)[O-])ccc1N(C(=O)CCl)C2C,O=C1CCCC2=C1CNc1ccccc1N2,4.959793372425289,sars2_3cl,coronaviral,IC50,363.8010000000001,0.18604651162790697,False,False,False,False
UELWXIPVLLDGFO-VWLOTQADSA-N,COc1cccc2[nH]c(C(=O)N[C@@H](Cc3ccccc3)C(=O)N(C)N(C#N)Cc3ccc(Cl)cc3)cc12,O=C(NC(Cc1ccccc1)C(=O)NNCc1ccccc1)c1cc2ccccc2[nH]1,7.638272163982407,sars2_3cl,coronaviral,IC50,516.0010000000002,0.21428571428571427,False,False,False,False
UEPCULILSDDWON-ZOPYNWFKSA-N,CC(C)C[C@H](NC(=O)OC1CC2(C1)CN(S(C)(=O)=O)C2)C(=O)N[C@@H](C[C@H]1CCNC1=O)C(=O)C(O)S(=O)(=O)O,O=C(CNC(=O)OC1CC2(CNC2)C1)NCCC1CCNC1=O,6.119186407719209,sars2_3cl,coronaviral,IC50,596.6810000000005,0.1568627450980392,False,False,False,False
UFETWAJPYXCBCW-ACXKHFGCSA-N,C[C@H](NC(=O)C(c1cccnc1)N(C(=O)C#CC(C)(C)O)c1ccc(-c2ccccc2)cc1)c1ccccc1,O=C(NCc1ccccc1)C(Nc1ccc(-c2ccccc2)cc1)c1cccnc1,5.892790030352131,sars2_3cl,coronaviral,IC50,517.6290000000001,0.2465753424657534,False,False,False,False
UFLKADCTIQBJBM-MRXNPFEDSA-N,O=C(N[C@@H]1CCN(c2c(C(=O)N3CCOCC3)cc(Br)cc2C(F)(F)F)C1)c1cc(=O)[nH]c2ccccc12,O=C(NC1CCN(c2ccccc2C(=O)N2CCOCC2)C1)c1cc(=O)[nH]c2ccccc12,9.346787486224656,sars2_3cl,coronaviral,EC50,593.4000000000001,0.25,False,False,False,False
UFNLROFKXBUCTG-UHFFFAOYSA-N,COc1ccc(-n2[se]c3ccccc3c2=O)cc1,O=c1c2ccccc2[se]n1-c1ccccc1,5.903044825062503,sars2_3cl,coronaviral,IC50,304.20700000000005,0.20634920634920634,False,False,False,False
UGTQFCDVHCNJNV-UHFFFAOYSA-N,O=C(Oc1cncc(Cl)c1)c1cccc(Cl)c1,O=C(Oc1cccnc1)c1ccccc1,7.258848401148215,sars2_3cl,coronaviral,IC50,268.099,0.23636363636363636,False,False,False,False
UGXJOXPDQYWGTE-UHFFFAOYSA-N,CCC(C(=O)Nc1cc(NC2CCNC2)ccc1C)n1cc(Br)cc2nc(SCc3ccc(F)cc3)nc1-2,O=C(Cn1cccc2nc(SCc3ccccc3)nc1-2)Nc1cccc(NC2CCNC2)c1,7.301029995663981,sars2_3cl,coronaviral,IC50,597.5580000000001,0.20833333333333334,False,False,False,False
UGXSZZAITMURED-MCUUEWDYSA-N,CC(C)(C)[C@H](NC(=O)C(F)(F)F)C(=O)N1C[C@H]2[C@@H]([C@H]1C(=O)N[C@@H](C[C@@H]1CCNC1=O)C(=O)c1nc3c(F)cccc3s1)C2(C)C,O=C1NCCC1CC(NC(=O)C1NCC2CC21)C(=O)c1nc2ccccc2s1,8.096910013008056,sars2_3cl,coronaviral,IC50,653.6990000000002,0.18181818181818182,False,False,False,False
UHJXUMSKNCQEOZ-UHFFFAOYSA-N,Cn1cc2cc(Nc3nc(=O)n(-c4cncc(C(F)(F)F)c4)c(=O)n3Cc3cc(F)c(F)c(F)c3)c(Cl)cc2n1,O=c1nc(Nc2ccc3n[nH]cc3c2)n(Cc2ccccc2)c(=O)n1-c1cccnc1,6.443697499232712,sars2_3cl,coronaviral,IC50,581.8640000000001,0.17346938775510204,False,False,False,False
UHVDCJABHZQWDV-MOPGFXCFSA-N,CNC(=O)c1cc(Br)cc([N+](=O)[O-])c1N[C@@H]1CCCC[C@@H]1NC(=O)c1cc(=O)[nH]c2ccc(F)cc12,O=C(NC1CCCCC1Nc1ccccc1)c1cc(=O)[nH]c2ccccc12,7.235077015350111,sars2_3cl,coronaviral,IC50,560.3800000000003,0.2716049382716049,False,False,False,False
UICFGOSRHHZBHZ-UHFFFAOYSA-N,O=C(Oc1cncc(Cl)c1)c1ccc(-c2ccc(Cl)cc2)o1,O=C(Oc1cccnc1)c1ccc(-c2ccccc2)o1,7.200659450546418,sars2_3cl,coronaviral,IC50,334.158,0.2028985507246377,False,False,False,False
UIFQCKYPHDRTAU-UHFFFAOYSA-O,CN1C(=O)C[n+]2ccccc2C1C(=O)Nc1ccccc1,O=C1C[n+]2ccccc2C(C(=O)Nc2ccccc2)N1,5.050609993355087,sars2_3cl,coronaviral,IC50,282.32300000000004,0.23076923076923078,False,False,False,False
UIXQHURPUVBNCZ-UHFFFAOYSA-N,COc1cccc(C(=O)Oc2cncc(Cl)c2)c1,O=C(Oc1cccnc1)c1ccccc1,8.289882634888183,sars2_3cl,coronaviral,IC50,263.68,0.2878787878787879,False,False,False,False
UJHGPNJALICILL-UHFFFAOYSA-N,CN(Cc1cn(C2C3=C(OC2(C)C)c2ccccc2C(=O)C3=O)nn1)C1=C(Br)C(=O)c2ccccc2C1=O,O=C1C(=O)c2ccccc2C2=C1C(n1cc(CNC3=CC(=O)c4ccccc4C3=O)nn1)CO2,4.180456064458132,sars2_3cl,coronaviral,IC50,573.4030000000002,0.17045454545454544,False,False,False,False
UJLYBHKPSKVEKR-DOVBMPENSA-N,CC(C)(C)C(=O)N[C@H](C(=O)N1C[C@H]2[C@@H]([C@H]1C(=O)NC(CC1CCC1)C(=O)C(N)=O)C2(C)C)C(C)(C)C,O=C(NCCC1CCC1)C1NCC2CC21,5.384049948343598,sars2_3cl,coronaviral,IC50,504.6720000000005,0.2111111111111111,False,False,False,False
UJNIZUGKDDYPEP-KKUMJFAQSA-N,CCn1nc(C)c(Br)c1C(=O)N[C@@H](CC(C)C)C(=O)N[C@H](C#N)C[C@@H]1CCNC1=O,O=C(CNC(=O)c1ccn[nH]1)NCCC1CCNC1=O,6.761953896871205,sars2_3cl,coronaviral,Ki,481.3950000000003,0.1941747572815534,False,False,False,False
UJSBKCNOCGMNGG-UHFFFAOYSA-N,O=C(CSc1nc2cc(Cl)ccc2n1Cc1ccccc1)N1CCOC1=O,O=C(CSc1nc2ccccc2n1Cc1ccccc1)N1CCOC1=O,4.206209615309182,sars2_3cl,coronaviral,IC50,401.87500000000017,0.24691358024691357,False,False,False,False
UJTKRTAWEQKHLE-PILWDZAYSA-N,CC1(C)[C@@H]2[C@@H](C(=O)N[C@H](C=O)C[C@@H]3CCNC3=O)N(C(=O)COc3ccc(Cl)cc3)C[C@@H]21,O=C1NCCC1CCNC(=O)C1C2CC2CN1C(=O)COc1ccccc1,7.883501944803923,sars2_3cl,coronaviral,IC50,461.94600000000014,0.20618556701030927,False,False,False,False
UKKYLCBFMSMRDZ-JBDAPHQKSA-N,CC(C)(C(=O)N1C[C@H]2[C@@H]([C@H]1C(=O)N[C@H](C=O)C[C@@H]1CCNC1=O)C2(C)C)c1ccccc1,O=C1NCCC1CCNC(=O)C1C2CC2CN1C(=O)Cc1ccccc1,7.638272163982407,sars2_3cl,coronaviral,IC50,439.5560000000002,0.22580645161290322,False,False,False,False
UKLKMYRQKOWEEN-UHFFFAOYSA-O,Cc1cccc(C)c1NC(=O)C1c2cccc[n+]2CC(=O)N1C,O=C1C[n+]2ccccc2C(C(=O)Nc2ccccc2)N1,5.080921907623926,sars2_3cl,coronaviral,IC50,310.37700000000007,0.25757575757575757,False,False,False,False
UKLYROLISOJUEM-UHFFFAOYSA-N,O=C(NC1CCCCC1)C(c1cccnc1)N(C(=O)c1c[nH]cn1)c1ccc(-c2ccccc2)cc1,O=C(NC1CCCCC1)C(c1cccnc1)N(C(=O)c1c[nH]cn1)c1ccc(-c2ccccc2)cc1,5.235077015350111,sars2_3cl,coronaviral,IC50,479.58400000000023,0.27380952380952384,False,False,False,False
UKRHQTNPJUCCTN-BXWFABGCSA-N,CC(C)(C)C[C@H](NC(=O)c1cc2ccccc2[nH]1)C(=O)N[C@H](C=O)C[C@@H]1CCNC1=O,O=C(CNC(=O)c1cc2ccccc2[nH]1)NCCC1CCNC1=O,5.795880017344075,sars2_3cl,coronaviral,EC50,426.5170000000002,0.20430107526881722,False,False,False,False
UKRHQTNPJUCCTN-BXWFABGCSA-N,CC(C)(C)C[C@H](NC(=O)c1cc2ccccc2[nH]1)C(=O)N[C@H](C=O)C[C@@H]1CCNC1=O,O=C(CNC(=O)c1cc2ccccc2[nH]1)NCCC1CCNC1=O,7.537602002101044,sars2_3cl,coronaviral,IC50,426.5170000000002,0.20430107526881722,False,False,False,False
UKSIDTWNLGQRED-IHRRRGAJSA-N,Cc1nn(C)c(C(=O)N[C@@H](CC(C)C)C(=O)N[C@H](C#N)C[C@@H]2CCNC2=O)c1Cl,O=C(CNC(=O)c1ccn[nH]1)NCCC1CCNC1=O,6.645891560852599,sars2_3cl,coronaviral,Ki,422.91700000000026,0.21739130434782608,False,False,False,False
UKTOBRQSOYSYJK-RFUJYTFVSA-N,CC(C)C[C@H](NC(=O)OC[C@@H]1CCC(=O)N1CCC1CCCCC1)C(=O)N[C@@H](C[C@@H]1CCNC1=O)C(O)S(=O)(=O)O,O=C(CNC(=O)OCC1CCC(=O)N1CCC1CCCCC1)NCCC1CCNC1=O,6.236572006437063,sars2_3cl,coronaviral,IC50,602.7510000000005,0.18,False,False,False,False
UKUREEPCLFOLNG-DHIUTWEWSA-N,CC(C)[C@@H](NC(=O)C1CCC(F)(F)CC1)C(=O)N[C@H](Cc1ccccc1)C(=O)C(=O)NCc1ccccn1,O=C(CNC(=O)C1CCCCC1)NC(Cc1ccccc1)C(=O)C(=O)NCc1ccccn1,7.5718652059712115,sars2_3cl,coronaviral,IC50,528.6000000000001,0.2222222222222222,False,False,False,False
ULBYQYRFMADZRV-SVKSSXNTSA-N,CC1(C)COC(=O)[C@@H]2C[C@@H](C[C@@H](C#N)NC(=O)[C@@H]3[C@@H]4[C@H](CN3C(=O)[C@H]1NC(=O)C(F)(F)C1CC1)C4(C)C)C(=O)N2,O=C(CC1CC1)NC1CCOC(=O)C2CC(CCNC(=O)C3C4CC4CN3C1=O)C(=O)N2,7.853871964321762,sars2_3cl,coronaviral,IC50,563.6020000000002,0.16666666666666666,False,False,False,False
ULEIWGQRBVSCTG-QQCJEOGWSA-N,CC1(C)[C@@H]2[C@@H](C(=O)N[C@H](C#N)C[C@@H]3CCNC3=O)N(C(=O)[C@H](CC3CCC3)NC(=O)C(F)(F)F)C[C@@H]21,O=C1NCCC1CCNC(=O)C1C2CC2CN1C(=O)CCC1CCC1,8.221848749616356,sars2_3cl,coronaviral,Ki,511.54500000000024,0.18446601941747573,False,False,False,False
ULEIWGQRBVSCTG-WJWMFLMHSA-N,CC1(C)[C@@H]2[C@@H](C(=O)N[C@H](C#N)C[C@@H]3CCNC3=O)N(C(=O)[C@@H](CC3CCC3)NC(=O)C(F)(F)F)C[C@@H]21,O=C1NCCC1CCNC(=O)C1C2CC2CN1C(=O)CCC1CCC1,8.154901959985743,sars2_3cl,coronaviral,Ki,511.54500000000024,0.18446601941747573,False,False,False,False
ULSNGHDTLFJHAM-QEYSUVLUSA-N,CC(C)[C@H](NS(C)(=O)=O)C(=O)N1C[C@H]2[C@@H]([C@H]1C(=O)N[C@@H](C[C@@H]1CCNC1=O)C(=O)c1nc3ccccc3s1)C2(C)C,O=C1NCCC1CC(NC(=O)C1NCC2CC21)C(=O)c1nc2ccccc2s1,8.100726812682396,sars2_3cl,coronaviral,Ki,603.7670000000002,0.21359223300970873,False,False,False,False
ULSSGZFMEWVLBB-UHFFFAOYSA-N,CSc1nc2ccccc2n1C(=O)c1ccsc1,O=C(c1ccsc1)n1cnc2ccccc21,5.619894643379946,sars2_3cl,coronaviral,IC50,274.37,0.2463768115942029,False,False,False,False
ULUGJZPXKGMARM-UPVQGACJSA-N,CCN(CC)C(=O)C1=C(C(=O)O)N2C(=O)[C@@H](NC(=O)[C@H](Cc3ccccc3)NC(=O)c3cc4ccccc4[nH]3)CN2C1,O=C(NC(Cc1ccccc1)C(=O)NC1CN2CC=CN2C1=O)c1cc2ccccc2[nH]1,3.5543957967264026,sars2_3cl,coronaviral,IC50,572.622,0.21359223300970873,False,False,False,False
ULWDROLIWUHWAE-JZHBTDALSA-N,CCOC(=O)/C=C/[C@H](C[C@@H]1CCNC1=O)NC(=O)[C@H](Cc1ccccc1)NC(=O)[C@@H](Cc1ccc(F)cc1)NC(=O)OC(C)(C)C,O=C(CCc1ccccc1)NC(Cc1ccccc1)C(=O)NCCC1CCNC1=O,5.7447274948966935,sars2_3cl,coronaviral,IC50,638.7370000000001,0.28125,False,False,False,False
UMBAEYGTXNTGBB-UHFFFAOYSA-N,Cc1ccccc1Cn1c(=O)sn(-c2cccc3ccccc23)c1=O,O=c1sn(-c2cccc3ccccc23)c(=O)n1Cc1ccccc1,5.809668301829708,sars2_3cl,coronaviral,IC50,348.42700000000013,0.24242424242424243,False,False,False,False
UMDGNDVMRVAECK-MOPGFXCFSA-N,CNC(=O)c1cccc([N+](=O)[O-])c1N[C@@H]1CCCC[C@@H]1NC(=O)c1cc(=O)[nH]c2ccccc12,O=C(NC1CCCCC1Nc1ccccc1)c1cc(=O)[nH]c2ccccc12,5.907630300370879,sars2_3cl,coronaviral,IC50,463.49400000000014,0.2608695652173913,False,False,False,False
UMETVGKNHTXVQR-UHFFFAOYSA-N,COc1cc(Cl)cc(-c2cc(-c3c[nH]c(=O)[nH]c3=O)cn(-c3cccnc3)c2=O)c1,O=c1[nH]cc(-c2cc(-c3ccccc3)c(=O)n(-c3cccnc3)c2)c(=O)[nH]1,6.0,sars2_3cl,coronaviral,IC50,422.82800000000015,0.21052631578947367,False,False,False,False
UMPSMZAHJNVCGS-XFDPCYLGSA-N,CC(C)(F)C(=O)N[C@H](C(=O)N1[C@@H]2CC[C@@H](C2)[C@H]1C(=O)N[C@@H](C[C@@H]1CCNC1=O)C(=O)c1nc2ccccc2s1)C(C)(C)C,O=C1NCCC1CC(NC(=O)C1NC2CCC1C2)C(=O)c1nc2ccccc2s1,5.896880746454286,sars2_3cl,coronaviral,IC50,613.7560000000001,0.20388349514563106,False,False,False,False
UNCPYHNWMSLFFV-UHFFFAOYSA-N,Cc1cccc(C(=O)Oc2c(C)cccc2C(=O)Oc2cncc(Cl)c2)c1O,O=C(Oc1ccccc1C(=O)Oc1cccnc1)c1ccccc1,5.309803919971486,sars2_3cl,coronaviral,IC50,397.8140000000001,0.25806451612903225,False,False,False,False
UNICQUXWGGDNLF-WIOPSUGQSA-N,CN(C(=O)[C@H](Cc1ccccc1F)NC(=O)[C@@H](NC(=O)c1cccs1)C(C)(C)C)N(C#N)Cc1cccc(Cl)c1F,O=C(CNC(=O)c1cccs1)NC(Cc1ccccc1)C(=O)NNCc1ccccc1,7.721246399047171,sars2_3cl,coronaviral,IC50,602.1070000000003,0.21505376344086022,False,False,False,False
UNJDKTLGSDNDAZ-UHFFFAOYSA-N,[O-][S+](CC1CC1)c1nnc(-c2ccc(Cl)cc2)o1,c1ccc(-c2nnc([SH+]CC3CC3)o2)cc1,5.913640169325252,sars2_3cl,coronaviral,IC50,282.752,0.16666666666666666,False,False,False,False
UNXNEMFYAUGMFX-SBJFKYEJSA-N,COC(=O)N[C@H](C(=O)N1C[C@H](OC(F)(F)F)C[C@H]1C(=O)N[C@H](C#N)C[C@@H]1CCNC1=O)C(C)(C)C,O=C1NCCC1CCNC(=O)C1CCCN1,9.200659450546418,sars2_3cl,coronaviral,Ki,505.49400000000026,0.1919191919191919,False,False,False,False
UNYNAJFHPZRULF-BJLQDIEVSA-N,CC(C)C[C@H](NC(=O)[C@@H](NC(=O)OCc1ccccc1)C(C)C)C(=O)N[C@@H](CCC(N)=O)C(=O)C(F)(F)F,c1ccccc1,3.935542010773082,sars2_3cl,coronaviral,Ki,544.5710000000004,0.2247191011235955,False,True,False,True
UOAJBSPQDBHHRC-SONWIMMPSA-N,COC(=O)N[C@H](C(=O)N1CC2(CCCCC2)C[C@H]1C(=O)N[C@@H](CCC(C)(F)F)C(=O)C(=O)NCc1ccccc1)C(C)(C)C,O=C(CNC(=O)C1CC2(CCCCC2)CN1)C(=O)NCc1ccccc1,7.958607314841775,sars2_3cl,coronaviral,IC50,620.738,0.24242424242424243,False,False,False,False
UOCKRIUAKQUEKQ-AXHNFQJDSA-N,CC(C)(C)C[C@H](NC(=O)c1cc2cc(C(F)(F)F)ccc2[nH]1)C(=O)N[C@H](C#N)C[C@@H]1CCNC1=O,O=C(CNC(=O)c1cc2ccccc2[nH]1)NCCC1CCNC1=O,6.71669877129645,sars2_3cl,coronaviral,Ki,491.51400000000024,0.22429906542056074,False,False,False,False
UOKSMIONYYLHHV-XLJHIMJRSA-N,CC(C)[C@H](NC(=O)C(F)(F)F)C(=O)N1C[C@H]2[C@@H]([C@H]1C(=O)N[C@@H](C[C@@H]1CCNC1=O)C(=O)c1nc3cc(C(F)(F)F)ccc3s1)C2(C)C,O=C1NCCC1CC(NC(=O)C1NCC2CC21)C(=O)c1nc2ccccc2s1,8.522878745280337,sars2_3cl,coronaviral,Ki,689.6790000000003,0.21621621621621623,False,False,False,False
UPPIDEJHQYUDJM-DPTNMZKTSA-N,CC(C)C[C@H](NC(=O)OC1CCC2(C1)CN(C(=O)OC(C)(C)C)C2)C(=O)N[C@@H](C[C@H]1CCNC1=O)C(=O)C(O)S(=O)(=O)O,O=C(CNC(=O)OC1CCC2(CNC2)C1)NCCC1CCNC1=O,5.920818753952375,sars2_3cl,coronaviral,IC50,632.7330000000005,0.1891891891891892,False,False,False,False
UQCAREHIEYNIJH-OAQYLSRUSA-N,O=C(CC1CCC(F)(F)CC1)NCC(=O)N[C@H](Cc1ccccc1)C(=O)C(=O)NCc1ccccn1,O=C(CC1CCCCC1)NCC(=O)NC(Cc1ccccc1)C(=O)C(=O)NCc1ccccn1,7.823908740944319,sars2_3cl,coronaviral,IC50,500.5460000000003,0.22826086956521738,False,False,False,False
UQEJDNCEGCTFMM-QATFZOQQSA-N,COC(=O)N[C@@H]1C(=O)N2C[C@H]3[C@@H]([C@H]2C(=O)N[C@H](C#N)C[C@@H]2C[C@H](NC2=O)C(=O)OCCC1(C)C)C3(C)C,O=C1NC2CC1CCNC(=O)C1C3CC3CN1C(=O)CCCCOC2=O,8.050609993355087,sars2_3cl,coronaviral,IC50,517.5830000000004,0.19148936170212766,False,False,False,False
URAZNJORDPZLHD-UFYCRDLUSA-N,O=C[C@H](Cc1c[nH]cn1)NC(=O)[C@H](Cc1c[nH]cn1)NC(=O)[C@@H]1Cc2ccccc2CN1,O=C(NC(Cc1c[nH]cn1)C(=O)NCCc1c[nH]cn1)C1Cc2ccccc2CN1,4.422048872270245,sars2_3cl,coronaviral,IC50,435.48800000000017,0.2911392405063291,False,False,False,False
URAZNJORDPZLHD-UFYCRDLUSA-N,O=C[C@H](Cc1c[nH]cn1)NC(=O)[C@H](Cc1c[nH]cn1)NC(=O)[C@@H]1Cc2ccccc2CN1,O=C(NC(Cc1c[nH]cn1)C(=O)NCCc1c[nH]cn1)C1Cc2ccccc2CN1,4.723078867934226,sars2_3cl,coronaviral,Kd,435.48800000000017,0.2911392405063291,False,False,False,False
URHSEOJAMBLCGD-QDNNMPSSSA-N,CC(C)C[C@H](NC(=O)[C@@H](NC(=O)c1cc2ccccc2[nH]1)C(C)C)C(=O)N[C@H](C=O)C[C@@H]1CCCNC1=O,O=C(CNC(=O)CNC(=O)c1cc2ccccc2[nH]1)NCCC1CCCNC1=O,6.530177984021837,sars2_3cl,coronaviral,IC50,525.6500000000003,0.19791666666666666,False,False,False,False
URIQHRVESCIELP-UHFFFAOYSA-N,CCCCCCNC(=O)n1ccc(=O)[nH]c1=O,O=c1cc[nH]c(=O)[nH]1,5.008773924307505,sars2_3cl,coronaviral,IC50,239.275,0.19696969696969696,False,False,False,False
URMMIFIBZDAXOX-UHFFFAOYSA-N,CC(C)CCOc1cc(O)c2c(=O)c(O)c(-c3cc(O)c(O)c(O)c3)oc2c1,O=c1cc(-c2ccccc2)oc2ccccc12,5.71669877129645,sars2_3cl,coronaviral,IC50,388.3720000000001,0.16,False,False,False,False
URRVDEBIADJRJN-QOKNQOGYSA-N,CC(C)(C)C[C@H](NC(=O)c1cc2ccc(Cl)cc2[nH]1)C(=O)N[C@H](C#N)C[C@@H]1CCNC1=O,O=C(CNC(=O)c1cc2ccccc2[nH]1)NCCC1CCNC1=O,7.309803919971486,sars2_3cl,coronaviral,Ki,457.9620000000002,0.20652173913043478,False,False,False,False
URXPMJOIEGWCKF-UHFFFAOYSA-N,O=C(Sc1nncs1)c1cc2ccccc2[nH]1,O=C(Sc1nncs1)c1cc2ccccc2[nH]1,6.844663962534938,sars2_3cl,coronaviral,IC50,261.33099999999996,0.16883116883116883,False,False,False,False
URXPMJOIEGWCKF-UHFFFAOYSA-N,O=C(Sc1nncs1)c1cc2ccccc2[nH]1,O=C(Sc1nncs1)c1cc2ccccc2[nH]1,7.128427064454121,sars2_3cl,coronaviral,Ki,261.33099999999996,0.16883116883116883,False,False,False,False
URYMOUFVECQQIJ-UHFFFAOYSA-N,CC1CC(=O)C2=C(C1)Nc1cc([N+](=O)[O-])ccc1N(C(=O)CCl)C2C1CCCCC1,O=C1CCCC2=C1C(C1CCCCC1)Nc1ccccc1N2,5.440093374963888,sars2_3cl,coronaviral,IC50,431.9200000000003,0.2111111111111111,False,False,False,False
USOVOWGAZPCBIJ-UHFFFAOYSA-N,CC(C)(C)c1ccc(N(C(=O)c2ccco2)C(C(=O)Nc2ccc(F)cc2)c2cccnc2)cc1,O=C(Nc1ccccc1)C(c1cccnc1)N(C(=O)c1ccco1)c1ccccc1,5.1073489661227,sars2_3cl,coronaviral,IC50,471.5320000000001,0.26666666666666666,False,False,False,False
USSBUOZPGATNKI-UHFFFAOYSA-N,O=C1CCCC2=C1C(c1ccc(F)cc1F)N(C(=O)CCl)c1ccc([N+](=O)[O-])cc1N2,O=C1CCCC2=C1C(c1ccccc1)Nc1ccccc1N2,5.388276691992658,sars2_3cl,coronaviral,IC50,447.82500000000016,0.2261904761904762,False,False,False,False
USSVJWWQPIDGOX-UHFFFAOYSA-N,Cc1ccc2c(c1)nc(SC(Cc1ccccc1)C(=O)N1CCNC1=O)n2Cc1ccccc1,O=C1NCCN1C(=O)C(Cc1ccccc1)Sc1nc2ccccc2n1Cc1ccccc1,4.489454989793388,sars2_3cl,coronaviral,IC50,470.5980000000003,0.24050632911392406,False,False,False,False
USXSSBMRPNKBOA-DEOSSOPVSA-N,CN(C(=O)[C@H](Cc1ccccc1)NC(=O)COc1ccc(Cl)cc1)N(C#N)Cc1ccc(Cl)cc1,O=C(COc1ccccc1)NC(Cc1ccccc1)C(=O)NNCc1ccccc1,5.886056647693163,sars2_3cl,coronaviral,IC50,511.4090000000002,0.21428571428571427,False,False,False,False
UTAKYQWRXRQYJA-UHFFFAOYSA-O,Cc1cccc(N2C(=O)C[n+]3ccccc3C2C(=O)Nc2ccccc2)c1,O=C(Nc1ccccc1)C1c2cccc[n+]2CC(=O)N1c1ccccc1,5.214670164989233,sars2_3cl,coronaviral,IC50,358.42100000000005,0.3,False,False,False,False
UTBNKZYDTKNQFA-UHFFFAOYSA-N,CC1=C(c2ccccc2)C1C(=O)NCc1nc(-c2cccc(C)c2)no1,O=C(NCc1nc(-c2ccccc2)no1)C1C=C1c1ccccc1,4.453210648368742,sars2_3cl,coronaviral,IC50,345.40200000000004,0.2602739726027397,False,False,False,False
UTKRQQYWUYPSGG-UHFFFAOYSA-N,O=C(Cn1sc2ccc(F)cc2c1=O)Nc1ccccc1,O=C(Cn1sc2ccccc2c1=O)Nc1ccccc1,6.542572307053515,sars2_3cl,coronaviral,IC50,302.33,0.25862068965517243,False,False,False,False
UTSXCJSXSSVXHI-QYXZOKGRSA-N,CC1(C)[C@@H]2[C@@H](C(=O)N[C@H](C#N)C[C@@H]3CCNC3=O)N(C(=O)[C@H](Cc3ccccn3)NC(=O)C(F)(F)F)C[C@@H]21,O=C1NCCC1CCNC(=O)C1C2CC2CN1C(=O)CCc1ccccn1,7.823908740944319,sars2_3cl,coronaviral,Ki,534.5390000000001,0.22448979591836735,False,False,False,False
UTXXSGBNRJTWJC-UHFFFAOYSA-N,CCC(C(=O)Nc1cc(NC2COC2)ccc1C)n1cccc2nc(SCc3ccc(F)cc3)nc1-2,O=C(Cn1cccc2nc(SCc3ccccc3)nc1-2)Nc1cccc(NC2COC2)c1,6.522878745280337,sars2_3cl,coronaviral,IC50,505.61900000000014,0.2087912087912088,False,False,False,False
UTXXSGBNRJTWJC-UHFFFAOYSA-N,CCC(C(=O)Nc1cc(NC2COC2)ccc1C)n1cccc2nc(SCc3ccc(F)cc3)nc1-2,O=C(Cn1cccc2nc(SCc3ccccc3)nc1-2)Nc1cccc(NC2COC2)c1,5.853871964321762,sars2_3cl,coronaviral,Kd,505.61900000000014,0.2087912087912088,False,False,False,False
UTZPXHNDSVJPEL-LUDSVSJUSA-N,COc1ccc(/C=C(\C#N)C(=O)N(c2ccc(-c3ccccc3)cc2)[C@@H](C(=O)N[C@@H](C)c2ccccc2)c2cccnc2)cc1,O=C(NCc1ccccc1)C(c1cccnc1)N(C(=O)C=Cc1ccccc1)c1ccc(-c2ccccc2)cc1,6.251811972993799,sars2_3cl,coronaviral,IC50,592.6990000000002,0.2625,False,False,False,False
UTZPXHNDSVJPEL-LUDSVSJUSA-N,COc1ccc(/C=C(\C#N)C(=O)N(c2ccc(-c3ccccc3)cc2)[C@@H](C(=O)N[C@@H](C)c2ccccc2)c2cccnc2)cc1,O=C(NCc1ccccc1)C(c1cccnc1)N(C(=O)C=Cc1ccccc1)c1ccc(-c2ccccc2)cc1,6.241618058225325,sars2_3cl,coronaviral,Ki,592.6990000000002,0.2625,False,False,False,False
UUOJCIYWLMPKQE-LGGPRVQUSA-N,CC(C)C[C@H](NC(=O)[C@@H](NC(=O)c1ccc([N+](=O)[O-])cc1)C(C)C)C(=O)N[C@H](C=O)C[C@@H]1CCCNC1=O,O=C(CNC(=O)CNC(=O)c1ccccc1)NCCC1CCCNC1=O,6.679853713888946,sars2_3cl,coronaviral,IC50,531.6100000000004,0.16981132075471697,False,False,False,False
UVHSMNUYXPDCQI-UHFFFAOYSA-N,[O-][S+](Cc1cccnc1)c1nnc(-c2ccccc2Br)o1,c1ccc(-c2nnc([SH+]Cc3cccnc3)o2)cc1,7.187086643357144,sars2_3cl,coronaviral,IC50,364.22400000000005,0.2,False,False,False,False
UWBRRDSNOCDGEZ-RZUBCFFCSA-N,COc1ccc(OCC(=O)N[C@@H]2C(=O)N3[C@@H](C(=O)OCc4ccccc4)C(C)(C)S(=O)(=O)[C@H]23)cc1,O=C(COc1ccccc1)NC1C(=O)N2C(C(=O)OCc3ccccc3)CS(=O)(=O)C12,5.552841968657781,sars2_3cl,coronaviral,IC50,502.54500000000024,0.24691358024691357,False,False,False,False
UWCNYUKPPQGNMZ-LZYBPNLTSA-N,COc1ccc(-c2ccc(/C=N/NC(N)=S)o2)cc1OC,c1ccc(-c2ccco2)cc1,5.235823867609669,sars2_3cl,coronaviral,IC50,305.35900000000004,0.2,False,False,False,False
UWGOVVKLVBONPR-FGZHOGPDSA-N,CC[C@@H](NC(=O)C1CCC(F)(F)CC1)C(=O)N[C@H](Cc1ccccc1)C(=O)C(=O)NCc1ccccn1,O=C(CNC(=O)C1CCCCC1)NC(Cc1ccccc1)C(=O)C(=O)NCc1ccccn1,7.380906669373257,sars2_3cl,coronaviral,IC50,514.5730000000002,0.2222222222222222,False,False,False,False
UWKPVZKGWNVPKR-UHFFFAOYSA-N,CC(=O)OCC1Cc2c(-c3ccccn3)cccc2-c2c(O)ccc(-c3ccc(C#N)cc3)c21,c1ccc(-c2cccc3c2CCc2c(-c4ccccn4)cccc2-3)cc1,4.713992877920526,sars2_3cl,coronaviral,IC50,446.50600000000026,0.23404255319148937,False,False,False,False
UWPNCBLVRGKFGW-CTCAENTCSA-N,N#C[C@H](C[C@@H]1CCNC1=O)NC(=O)C1CC2(CCCC2)CN1C(=O)OCc1cccc(Cl)c1,O=C1NCCC1CCNC(=O)C1CC2(CCCC2)CN1C(=O)OCc1ccccc1,5.443697499232712,sars2_3cl,coronaviral,IC50,472.9730000000003,0.21428571428571427,False,False,False,False
UWQXYXVYDDJKSY-UHFFFAOYSA-N,COc1cccc(Cn2[se]c3ccccc3c2=O)c1,O=c1c2ccccc2[se]n1Cc1ccccc1,6.440093374963888,sars2_3cl,coronaviral,IC50,318.23400000000004,0.3898305084745763,False,False,False,False
UWYXREXKBLOKIU-OAHLLOKOSA-N,C=CC(=O)O[C@H](CC)C(=O)NCCc1c[nH]c2ccccc12,c1ccc2[nH]ccc2c1,3.8566728700079533,sars2_3cl,coronaviral,IC50,300.358,0.25333333333333335,False,True,False,True
UXGYVCSOFAFCGA-DOXZYTNZSA-N,COc1cccc2[nH]c(C(=O)N[C@@H](CC(C)(C)C)C(=O)N[C@H](C#N)C[C@@H]3CCNC3=O)cc12,O=C(CNC(=O)c1cc2ccccc2[nH]1)NCCC1CCNC1=O,7.042247319122811,sars2_3cl,coronaviral,Ki,453.54300000000023,0.22448979591836735,False,False,False,False
UXRNXZHMBBPVRF-CMKODMSKSA-N,COC(=O)N[C@H](C(=O)N1CC2(CCCCC2)C[C@H]1C(=O)N[C@@H](CCC(F)(F)F)C(=O)C(=O)NC1CC1)C(C)(C)C,O=C(CNC(=O)C1CC2(CCCCC2)CN1)C(=O)NC1CC1,6.417936637088291,sars2_3cl,coronaviral,IC50,574.641,0.21052631578947367,False,False,False,False
UXVMXBOWAXSRMN-NSCUHMNNSA-N,C/C=C/C(=O)NCc1nc(-c2ccc(C(F)(F)F)cc2)no1,c1ccc(-c2ncon2)cc1,3.6020773634546837,sars2_3cl,coronaviral,IC50,311.263,0.2054794520547945,False,False,False,False
UXYNEMOAHBVIGV-UHFFFAOYSA-N,O=C(c1cccnc1)N1CCN(Cc2cc(Cl)cc(Cl)c2OC(F)F)CC1,O=C(c1cccnc1)N1CCN(Cc2ccccc2)CC1,4.200659450546418,sars2_3cl,coronaviral,IC50,416.25500000000005,0.2638888888888889,False,False,False,False
UYBHMTXJKPCOQF-WJYPNWRHSA-N,CC(C)(F)C(=O)N[C@H](C(=O)N[C@@H](COCc1ccccc1)C(=O)N1C[C@]2(C[C@H]1C#N)C(=O)Nc1ccccc12)C1CC1,O=C(CC1CC1)NC(COCc1ccccc1)C(=O)N1CCC2(C1)C(=O)Nc1ccccc12,7.096910013008056,sars2_3cl,coronaviral,IC50,575.6410000000001,0.19444444444444445,False,False,False,False
UYCGANVIMDDJSZ-FSHLPJKKSA-N,CCCCCC12CCC(COC(=O)N[C@@H](CC(C)C)C(=O)N[C@H](C=O)C[C@H]3CCNC3=O)(CC1)CC2,O=C(CNC(=O)OCC12CCC(CC1)CC2)NCCC1CCNC1=O,6.568636235841012,sars2_3cl,coronaviral,IC50,505.7000000000004,0.1717171717171717,False,False,False,False
UYCGANVIMDDJSZ-GJCYUWIDSA-N,[2H]C([2H])(OC(=O)N[C@@H](CC(C)C)C(=O)N[C@H](C=O)C[C@H]1CCNC1=O)C12CCC(CCCCC)(CC1)CC2,O=C(CNC(=O)OCC12CCC(CC1)CC2)NCCC1CCNC1=O,6.508638306165727,sars2_3cl,coronaviral,IC50,507.7122035560006,0.16831683168316833,False,False,False,False
UYQUSBCASTURRZ-UHFFFAOYSA-N,CNc1ccc(C(=O)Oc2cncc(Cl)c2)cc1,O=C(Oc1cccnc1)c1ccccc1,5.404503778174426,sars2_3cl,coronaviral,IC50,262.696,0.24561403508771928,False,False,False,False
UYWJZMTYNGGNKX-UGRPQDFWSA-N,O=C1NCC[C@H]1C[C@H](NC(=O)[C@@H]1[C@H]2CC[C@H](C2)N1C(=O)[C@H](CC1CCCCC1)NS(=O)(=O)C(F)(F)F)C(=O)c1nc2ccccc2s1,O=C1NCCC1CC(NC(=O)C1C2CCC(C2)N1C(=O)CCC1CCCCC1)C(=O)c1nc2ccccc2s1,5.289036881004725,sars2_3cl,coronaviral,IC50,697.8020000000002,0.21621621621621623,False,False,False,False
UYZVOPIGTXEIER-UHFFFAOYSA-N,Cc1ccc(C(=O)n2c(C)nc3ccccc32)cc1,O=C(c1ccccc1)n1cnc2ccccc21,5.467353040039968,sars2_3cl,coronaviral,IC50,250.30100000000004,0.3389830508474576,False,False,False,False
UZJDRMCNXLXFAH-CMOCDZPBSA-N,O=C[C@H](C[C@@H]1CCNC1=O)NC(=O)[C@H](CC1CC1)NC(=O)[C@@H](NC(=O)OCc1ccccc1)C1CC1,O=C(NC(C(=O)NC(CC1CC1)C(=O)NCCC1CCNC1=O)C1CC1)OCc1ccccc1,8.075720713938118,sars2_3cl,coronaviral,IC50,498.58000000000027,0.2127659574468085,False,False,False,False
UZKZLSSKSFNOBS-UHFFFAOYSA-N,COCCn1sc2ccccc2c1=O,O=c1[nH]sc2ccccc12,6.022276394711152,sars2_3cl,coronaviral,IC50,209.27,0.3148148148148148,False,False,False,False
UZOOQUZEVFINNW-UHFFFAOYSA-N,CC1=C(c2ccccc2)C1C(=O)NCc1nc(-c2cccc(Cl)c2)no1,O=C(NCc1nc(-c2ccccc2)no1)C1C=C1c1ccccc1,4.6728454875905685,sars2_3cl,coronaviral,IC50,365.82,0.25333333333333335,False,False,False,False
UZPPNWVDUAIPFK-IDISGSTGSA-N,C[C@H](NC[C@@H](c1cccnc1)N(C(=O)C(Cl)Cl)c1ccc(-c2ccccc2)cc1)c1ccccc1,c1ccc(CNCC(Nc2ccc(-c3ccccc3)cc2)c2cccnc2)cc1,6.366531544420413,sars2_3cl,coronaviral,IC50,504.4610000000001,0.25,False,False,False,False
UZXUKPUBPQPIQC-MFPFFRNPSA-N,COC(=O)N[C@H](C(=O)N1C[C@H]2[C@@H]([C@H]1C(=O)N[C@@H](CCC(C)(F)F)C(=O)C(=O)NC1CC1)C21CCOCC1)C(C)(C)C,O=C(CNC(=O)C1NCC2C1C21CCOCC1)C(=O)NC1CC1,7.721246399047171,sars2_3cl,coronaviral,IC50,584.6610000000002,0.19,False,False,False,False
VACHPPDJKXPTBH-LGTSYYJHSA-N,CC(F)(F)CC[C@H](NC(=O)[C@@H]1CC2(CCCCC2)CN1C(=O)C(O)c1cccc(F)c1)C(=O)C(=O)NC1CC1,O=C(CNC(=O)C1CC2(CCCCC2)CN1C(=O)Cc1ccccc1)C(=O)NC1CC1,7.251811972993799,sars2_3cl,coronaviral,IC50,551.6060000000001,0.23595505617977527,False,False,False,False
VADBZTQNHQDIBB-JYJNAYRXSA-N,CCC1(OC(=O)N[C@@H](CC(C)C)C(=O)N[C@H](C=O)C[C@@H]2CCNC2=O)COCOC1,O=C(CNC(=O)OC1COCOC1)NCCC1CCNC1=O,6.346787486224656,sars2_3cl,coronaviral,IC50,427.49800000000033,0.15463917525773196,False,False,False,False
VANMPVOMVFYULW-YERCRUGSSA-N,CC(C)(C)[C@H](NC(=O)C(F)(F)F)C(=O)N1C[C@H]2[C@@H]([C@H]1C(=O)NN(C[C@@H]1CCNC1=O)C(=O)CCl)C2(C)C,O=C1NCCC1CNNC(=O)C1NCC2CC21,8.221848749616356,sars2_3cl,coronaviral,IC50,551.9940000000001,0.17307692307692307,False,False,False,False
VBKYUXODEIWMOH-UHFFFAOYSA-N,CC1(C)CC(=O)C2=C(C1)Nc1cc([N+](=O)[O-])ccc1N(C(=O)CCl)C2c1ccc(OC(F)(F)F)cc1,O=C1CCCC2=C1C(c1ccccc1)Nc1ccccc1N2,5.245651664288982,sars2_3cl,coronaviral,IC50,523.8950000000002,0.1827956989247312,False,False,False,False
VBNXLWRIIKQGBR-UHFFFAOYSA-N,O=C(NCC1CCCC1)C1CN(c2ccc(Cl)c(Cl)c2)CCN1C(=O)c1cc(=O)[nH]c2ccccc12,O=C(NCC1CCCC1)C1CN(c2ccccc2)CCN1C(=O)c1cc(=O)[nH]c2ccccc12,6.552841968657781,sars2_3cl,coronaviral,IC50,527.4520000000003,0.25882352941176473,False,False,False,False
VBOIVBUEVOPSKZ-UHFFFAOYSA-N,O=C(NCCCN1CCOCC1)C1CN(c2ccc(Cl)c(Cl)c2)CCN1C(=O)c1cc(=O)[nH]c2ccccc12,O=C(NCCCN1CCOCC1)C1CN(c2ccccc2)CCN1C(=O)c1cc(=O)[nH]c2ccccc12,5.872895201635192,sars2_3cl,coronaviral,IC50,572.4930000000004,0.21782178217821782,False,False,False,False
VBRYNLHJJUQPDB-DNQXCXABSA-N,O=C(NCc1ccccn1)C(=O)[C@@H](Cc1ccccc1)NC(=O)[C@H]1CCC(=O)N1Cc1ccccc1,O=C(NCc1ccccn1)C(=O)C(Cc1ccccc1)NC(=O)C1CCC(=O)N1Cc1ccccc1,5.896196279044043,sars2_3cl,coronaviral,IC50,484.5560000000002,0.24691358024691357,False,False,False,False
VCQYBHSDNWQLAS-RLGDLGOESA-N,CCCC1CCC(OC(=O)N[C@@H](CC(C)C)C(=O)N[C@@H](C[C@@H]2CCNC2=O)C(O)S(=O)(=O)O)CC1,O=C(CNC(=O)OC1CCCCC1)NCCC1CCNC1=O,6.638272163982407,sars2_3cl,coronaviral,IC50,519.6610000000002,0.17346938775510204,False,False,False,False
VCYDBFBHZYYSHN-UHBFJLORSA-N,CC1(C)[C@@H]2[C@@H](C(=O)N[C@H](C=O)C[C@@H]3CCNC3=O)N(C(=O)COC3CCCCC3)C[C@@H]21,O=C1NCCC1CCNC(=O)C1C2CC2CN1C(=O)COC1CCCCC1,5.443697499232712,sars2_3cl,coronaviral,EC50,433.5490000000003,0.2,False,False,False,False
VCYDBFBHZYYSHN-UHBFJLORSA-N,CC1(C)[C@@H]2[C@@H](C(=O)N[C@H](C=O)C[C@@H]3CCNC3=O)N(C(=O)COC3CCCCC3)C[C@@H]21,O=C1NCCC1CCNC(=O)C1C2CC2CN1C(=O)COC1CCCCC1,7.6020599913279625,sars2_3cl,coronaviral,IC50,433.5490000000003,0.2,False,False,False,False
VDCXFDBQFFXWNJ-BZSNNMDCSA-N,CC(C)(C)C[C@H](NC(=O)OCc1ccccc1)C(=O)N[C@H](C=O)C[C@@H]1CCNC1=O,O=C(CNC(=O)OCc1ccccc1)NCCC1CCNC1=O,6.136677139879544,sars2_3cl,coronaviral,EC50,417.5060000000002,0.21978021978021978,False,False,False,False
VDCXFDBQFFXWNJ-BZSNNMDCSA-N,CC(C)(C)C[C@H](NC(=O)OCc1ccccc1)C(=O)N[C@H](C=O)C[C@@H]1CCNC1=O,O=C(CNC(=O)OCc1ccccc1)NCCC1CCNC1=O,7.275724130399211,sars2_3cl,coronaviral,IC50,417.5060000000002,0.21978021978021978,False,False,False,False
VDHAWDNDOKGFTD-MRXNPFEDSA-N,C[C@@H](NCCCc1cccc(C(F)(F)F)c1)c1cccc2ccccc12,c1ccc(CCCNCc2cccc3ccccc23)cc1,5.2225731776106885,sars2_3cl,coronaviral,IC50,357.41900000000004,0.19736842105263158,False,False,False,False
VDHFMZJXZJDOGF-SVFBPWRDSA-N,CC1(C)[C@H](C(=O)OCc2cc(F)cc(F)c2)N2C(=O)[C@@H](NC(=O)COc3ccccc3)[C@H]2S1(=O)=O,O=C(COc1ccccc1)NC1C(=O)N2C(C(=O)OCc3ccccc3)CS(=O)(=O)C12,4.772113295386326,sars2_3cl,coronaviral,IC50,508.4990000000002,0.2375,False,False,False,False
VDPJORBKOLOGMZ-JENIJYKNSA-N,COC(=O)N[C@H](C(=O)N1CCC2(CC2)C[C@H]1C(=O)N[C@@H](CCC(C)(F)F)C(=O)C(=O)NC1CC1)C(C)(C)C,O=C(CNC(=O)C1CC2(CCN1)CC2)C(=O)NC1CC1,8.113509274827518,sars2_3cl,coronaviral,IC50,542.6240000000001,0.2,False,False,False,False
VDSXCXQXESCXAK-BWJWTDLKSA-N,CC(C)(C)NC(=O)C(=O)N1C[C@@H]2CCC[C@@H]2[C@H]1C(=O)N[C@@H](C[C@@H]1CCNC1=O)C(=O)COC(F)(F)F,O=C1NCCC1CCNC(=O)C1NCC2CCCC21,7.540607512240769,sars2_3cl,coronaviral,IC50,518.5330000000002,0.18947368421052632,False,False,False,False
VEDOOLOHVQEPHL-HJIZEMOXSA-N,CO[C@@H]1C[C@@H]2CC(=O)N(C)[C@H](Cc3ccc(Cl)cc3Cl)C(=O)NCCCCC/C=C/c3cncc(c3)C(=O)N2C1,O=C1CC2CCCN2C(=O)c2cncc(c2)C=CCCCCCNC(=O)C(Cc2ccccc2)N1,8.045757490560675,sars2_3cl,coronaviral,IC50,587.5480000000002,0.22772277227722773,False,False,False,False
VEEWGVTWJDZTKK-UHFFFAOYSA-N,CCCCCCNC(=O)n1cc(C)c(=O)[nH]c1=O,O=c1cc[nH]c(=O)[nH]1,5.119186407719209,sars2_3cl,coronaviral,IC50,253.302,0.20588235294117646,False,False,False,False
VESZUXUKOQSNPP-VWLOTQADSA-N,COc1cccc(OCC(=O)N[C@@H](Cc2ccccc2)C(=O)N(C)N(C#N)Cc2ccc(Cl)cc2)c1,O=C(COc1ccccc1)NC(Cc1ccccc1)C(=O)NNCc1ccccc1,5.910094888560602,sars2_3cl,coronaviral,IC50,506.99000000000024,0.25301204819277107,False,False,False,False
VEZLHDWMUPSOCT-SFHVURJKSA-N,NC(=O)CCN(NC(=O)[C@H](CC1CCCCC1)NC(=O)c1cc2ccccc2[nH]1)C(=O)CCl,O=C(NCCC1CCCCC1)c1cc2ccccc2[nH]1,8.698970004336019,sars2_3cl,coronaviral,IC50,475.9770000000002,0.24050632911392406,False,False,False,False
VFKXIQAVTDLTQE-UHFFFAOYSA-N,Cn1cc2cc(Nc3nc(=O)n(Cc4cc(Cl)ccn4)c(=O)n3Cc3cc(F)c(F)cc3F)c(Cl)cc2n1,O=c1nc(Nc2ccc3n[nH]cc3c2)n(Cc2ccccc2)c(=O)n1Cc1ccccn1,7.0,sars2_3cl,coronaviral,IC50,562.339,0.2111111111111111,False,False,False,False
VFTACXMSOLUDDR-MLCQCVOFSA-N,CC(C)C[C@H](NC(=O)OC[C@@H]1CCC(=O)N1CCc1ccccc1)C(=O)N[C@H](C=O)C[C@@H]1CCNC1=O,O=C(CNC(=O)OCC1CCC(=O)N1CCc1ccccc1)NCCC1CCNC1=O,6.136677139879544,sars2_3cl,coronaviral,IC50,514.6230000000002,0.21505376344086022,False,False,False,False
VGAAKAWUEJYBSO-QOKNQOGYSA-N,CC(C)(C)C[C@H](NC(=O)c1cc2ccc(C(F)(F)F)cc2[nH]1)C(=O)N[C@H](C#N)C[C@@H]1CCNC1=O,O=C(CNC(=O)c1cc2ccccc2[nH]1)NCCC1CCNC1=O,6.6439741428068775,sars2_3cl,coronaviral,Ki,491.51400000000024,0.22429906542056074,False,False,False,False
VGFBXUCEFZEFBA-ZBKNUEDVSA-N,CC(C)(O)C1Cc2cc(/C=C3\OC(=O)C(c4cc5c(cc4O)OC(C)(C)C(O)C5)=C3O)ccc2O1,O=C1OC(=Cc2ccc3c(c2)CCO3)C=C1c1ccc2c(c1)CCCO2,5.026872146400301,sars2_3cl,coronaviral,IC50,480.5130000000002,0.14444444444444443,False,False,False,False
VGIUPJLKPHUSBX-UHFFFAOYSA-N,O=C(NCc1nc(-c2ccc(C(F)(F)F)cc2)no1)c1ccccc1,O=C(NCc1nc(-c2ccccc2)no1)c1ccccc1,4.207398218835033,sars2_3cl,coronaviral,IC50,347.29600000000005,0.3392857142857143,False,False,False,False
VGKBGOKHQPFACK-UHFFFAOYSA-N,C=CS(=O)(=O)N(c1ccc(C(C)(C)C)cc1)C(C(=O)NCCc1cccc(Cl)c1)c1cccnc1,O=C(NCCc1ccccc1)C(Nc1ccccc1)c1cccnc1,9.769551078621726,sars2_3cl,coronaviral,IC50,512.0750000000003,0.2247191011235955,False,False,False,False
VGNLRUNISRGJBB-UHFFFAOYSA-N,O=C(NCCCC1CCCCC1)n1cc(F)c(=O)[nH]c1=O,O=C(NCCCC1CCCCC1)n1ccc(=O)[nH]c1=O,5.481486060122112,sars2_3cl,coronaviral,IC50,297.33,0.23880597014925373,False,False,False,False
VGQHKDFEAOOGSS-UHFFFAOYSA-N,O=c1c2ccccc2sn1CCCCc1ccccc1,O=c1c2ccccc2sn1CCCCc1ccccc1,6.3872161432802645,sars2_3cl,coronaviral,IC50,283.39599999999996,0.21875,False,False,False,False
VGSCATXEZZHUBR-UHFFFAOYSA-N,CC(=O)OCC1Cc2c(-c3cc(N4CCOCC4)ccn3)cccc2-c2c(O)ccc(-c3ccc(Br)cc3)c21,c1ccc(-c2cccc3c2CCc2c(-c4cc(N5CCOCC5)ccn4)cccc2-3)cc1,5.131355561605174,sars2_3cl,coronaviral,IC50,585.498,0.21782178217821782,False,False,False,False
VGSWJDSJKKUBMQ-JTGDWONASA-N,CC(C)C[C@H](NC(=O)OCC1CC(=O)N(CC2CCCCC2)C1)C(=O)N[C@H](C=O)C[C@@H]1CCNC1=O,O=C(CNC(=O)OCC1CC(=O)N(CC2CCCCC2)C1)NCCC1CCNC1=O,6.508638306165727,sars2_3cl,coronaviral,IC50,506.6440000000004,0.2,False,False,False,False
VGULVEAJHVXHOO-KBCNZALWSA-N,CC(C)(C)[C@H](NC(=O)C(F)(F)F)C(=O)N1C[C@@H]2CCC[C@@H]2[C@H]1C(=O)N[C@H](C#N)C[C@@H]1CCNC1=O,O=C1NCCC1CCNC(=O)C1NCC2CCCC21,7.366531544420414,sars2_3cl,coronaviral,IC50,499.53400000000033,0.1782178217821782,False,False,False,False
VGXXHFHDMQRQIR-PVBBERPISA-N,CC(C)=CCC/C(C)=C/CC[C@]1(C)C=Cc2c(C=O)c(O)c(C)c(O)c2O1,C1=Cc2ccccc2OC1,4.6777807052660805,sars2_3cl,coronaviral,IC50,370.48900000000015,0.15584415584415584,False,False,False,False
VHKZGNPOHPFPER-ONNFQVAWSA-N,CC(C)(C)c1ccc(S(=O)(=O)/C=C/C#N)cc1,c1ccccc1,6.075720713938118,sars2_3cl,coronaviral,IC50,249.33499999999998,0.18181818181818182,False,True,False,True
VHLMQJSWOVPEPR-UHFFFAOYSA-N,CCSc1nc2ccccc2n1C(=O)c1ccc(C)cc1,O=C(c1ccccc1)n1cnc2ccccc21,5.427406211434198,sars2_3cl,coronaviral,IC50,296.39500000000004,0.2835820895522388,False,False,False,False
VHRLNJXCSYGUKO-UHFFFAOYSA-O,O=C(Nc1ccc(Cl)cc1)C1c2cccc[n+]2CC(=O)N1c1ccc(Br)cc1,O=C(Nc1ccccc1)C1c2cccc[n+]2CC(=O)N1c1ccccc1,5.070581074285707,sars2_3cl,coronaviral,IC50,457.7350000000002,0.22077922077922077,False,False,False,False
VIEQMGQZHRCZBL-FGKAFURKSA-N,COc1cccc2[nH]c(C(=O)N3C[C@H]4[C@@H]([C@H]3C(=O)N[C@@H](C[C@@H]3CCNC3=O)C(=O)c3nc5ccccc5s3)C4(C)C)cc12,O=C1NCCC1CC(NC(=O)C1C2CC2CN1C(=O)c1cc2ccccc2[nH]1)C(=O)c1nc2ccccc2s1,6.291579099865287,sars2_3cl,coronaviral,IC50,599.7130000000001,0.23148148148148148,False,False,False,False
VIEQMGQZHRCZBL-FGKAFURKSA-N,COc1cccc2[nH]c(C(=O)N3C[C@H]4[C@@H]([C@H]3C(=O)N[C@@H](C[C@@H]3CCNC3=O)C(=O)c3nc5ccccc5s3)C4(C)C)cc12,O=C1NCCC1CC(NC(=O)C1C2CC2CN1C(=O)c1cc2ccccc2[nH]1)C(=O)c1nc2ccccc2s1,6.638272163982407,sars2_3cl,coronaviral,Ki,599.7130000000001,0.23148148148148148,False,False,False,False
VIHXPVLCTFBBEL-UHFFFAOYSA-N,N#Cc1ccccc1CN1CCCN(C(=O)c2cncc(Cl)c2)CC1,O=C(c1cccnc1)N1CCCN(Cc2ccccc2)CC1,4.616184634019569,sars2_3cl,coronaviral,IC50,354.841,0.27631578947368424,False,False,False,False
VIHXPVLCTFBBEL-UHFFFAOYSA-N,N#Cc1ccccc1CN1CCCN(C(=O)c2cncc(Cl)c2)CC1,O=C(c1cccnc1)N1CCCN(Cc2ccccc2)CC1,4.302770657240282,sars2_3cl,coronaviral,Kd,354.841,0.27631578947368424,False,False,False,False
VIZJCCSHWQPAPU-UHFFFAOYSA-N,CC(C)CCn1sc2ccc(Br)cc2c1=O,O=c1[nH]sc2ccccc12,6.586315363473087,sars2_3cl,coronaviral,IC50,300.22100000000006,0.21212121212121213,False,False,False,False
VJTCFOZGNAXEOB-UHFFFAOYSA-N,O=c1[nH]c(-c2cccc(C(F)(F)F)c2)nc2cc(O)c(O)c(O)c12,O=c1[nH]c(-c2ccccc2)nc2ccccc12,4.9775716288145135,sars2_3cl,coronaviral,IC50,338.24100000000004,0.1917808219178082,False,False,False,False
VKELCWVLNDHDSK-DYKIIFRCSA-N,CC1(C)[C@@H]2[C@@H](C(=O)N[C@H](C#N)C[C@@H]3CCNC3=O)N(C(=O)[C@@H](NS(=O)(=O)C(F)(F)F)C3CCCCC3)C[C@@H]21,O=C1NCCC1CCNC(=O)C1C2CC2CN1C(=O)CC1CCCCC1,7.6777807052660805,sars2_3cl,coronaviral,Ki,561.627,0.18421052631578946,False,False,False,False
VKEUTYNAGMHFPC-UHFFFAOYSA-N,Cc1nnc(SC(=O)c2cc3ccccc3o2)s1,O=C(Sc1nncs1)c1cc2ccccc2o1,6.500312917381596,sars2_3cl,coronaviral,IC50,276.342,0.21311475409836064,False,False,False,False
VKEUTYNAGMHFPC-UHFFFAOYSA-N,Cc1nnc(SC(=O)c2cc3ccccc3o2)s1,O=C(Sc1nncs1)c1cc2ccccc2o1,7.447331783887806,sars2_3cl,coronaviral,Ki,276.342,0.21311475409836064,False,False,False,False
VKZJZVJWYAHDMG-VRXHGMAYSA-N,O=C[C@H](C[C@@H]1CCCNC1=O)NC(=O)[C@H](CC1CC1)NC(=O)/C=C/c1ccccc1,O=C(C=Cc1ccccc1)NC(CC1CC1)C(=O)NCCC1CCCNC1=O,6.525783735923745,sars2_3cl,coronaviral,IC50,411.5020000000001,0.2159090909090909,False,False,False,False
VLFVCCDHMUKEHI-UHFFFAOYSA-N,O=c1c2ccccc2[se]n1-c1ccc(NS(=O)(=O)C2CC2)cc1,O=c1c2ccccc2[se]n1-c1ccc(NS(=O)(=O)C2CC2)cc1,6.277366077466188,sars2_3cl,coronaviral,IC50,393.32600000000014,0.20588235294117646,False,False,False,False
VLNBTHSIIOPDEU-JOCHJYFZSA-N,COCCn1cc(-c2cc(-c3cnn(CC(F)F)c3)cc([C@@H](C)NC(=O)c3cc(OCCN(C)C)ccc3C)c2)cn1,O=C(NCc1cc(-c2cn[nH]c2)cc(-c2cn[nH]c2)c1)c1ccccc1,6.698970004336019,sars2_3cl,coronaviral,IC50,580.6800000000002,0.22727272727272727,False,False,False,False
VLQWFPLHHDJUBH-UHFFFAOYSA-N,O=C(Cn1sc2c(F)cccc2c1=O)Nc1ccccc1,O=C(Cn1sc2ccccc2c1=O)Nc1ccccc1,6.484126156288321,sars2_3cl,coronaviral,IC50,302.33,0.23076923076923078,False,False,False,False
VLSNLDDUTQPVBW-TYPHKJRUSA-N,CC1(C)[C@H](C(=O)OCc2ccccc2)N2C(=O)[C@@H](NC(=O)COc3ccccc3)C[C@H]2S1(=O)=O,O=C(COc1ccccc1)NC1CC2N(C1=O)C(C(=O)OCc1ccccc1)CS2(=O)=O,4.583359492661719,sars2_3cl,coronaviral,IC50,486.5460000000003,0.25,False,False,False,False
VLVLNNQMURDGPM-UHFFFAOYSA-N,NCc1c(Cl)cccc1Cl,c1ccccc1,7.0915149811213505,sars2_3cl,coronaviral,IC50,176.04599999999996,0.325,False,True,False,True
VMIGFUOVZDKJCW-UHFFFAOYSA-N,N#Cc1ccccc1-c1cc(-c2cc(Cl)cc(OCCc3ccccc3)c2)c(=O)n(-c2cccnc2)c1,O=c1c(-c2cccc(OCCc3ccccc3)c2)cc(-c2ccccc2)cn1-c1cccnc1,6.292429823902063,sars2_3cl,coronaviral,IC50,503.9890000000002,0.18681318681318682,False,False,False,False
VMWFZLOVEFCNPV-LCQOSCCDSA-N,Cc1ccc(NCC2CN(C)CCN2)cc1C(=O)N[C@H](C)c1cccc2ccccc12,O=C(NCc1cccc2ccccc12)c1cccc(NCC2CNCCN2)c1,5.823908740944319,sars2_3cl,coronaviral,IC50,416.5690000000001,0.27058823529411763,False,False,False,False
VMWNQDUVQKEIOC-CYBMUJFWSA-N,CN1CCc2cccc3c2[C@H]1Cc1ccc(O)c(O)c1-3,c1ccc2c(c1)CC1NCCc3cccc-2c31,6.2839966563652006,sars2_3cl,coronaviral,IC50,267.328,0.265625,False,False,False,False
VNICQZZSSGSRQN-UHFFFAOYSA-N,O=C(NCCN1CCOCC1)C1CN(c2ccc(Cl)c(Cl)c2)CCN1C(=O)c1cc(=O)[nH]c2ccccc12,O=C(NCCN1CCOCC1)C1CN(c2ccccc2)CCN1C(=O)c1cc(=O)[nH]c2ccccc12,6.075720713938118,sars2_3cl,coronaviral,IC50,558.4660000000003,0.2222222222222222,False,False,False,False
VNLAYBOLXIYGAU-UHFFFAOYSA-N,CC(=O)OCC1Cc2c(-c3ccc(C=O)cn3)cccc2-c2c(O)ccc(-c3ccc(Br)cc3)c21,c1ccc(-c2cccc3c2CCc2c(-c4ccccn4)cccc2-3)cc1,5.051098239029786,sars2_3cl,coronaviral,IC50,528.4020000000002,0.18269230769230768,False,False,False,False
VNNJBPRQPQNMNI-UHFFFAOYSA-O,O=C(Nc1ccc(Cl)cc1)C1c2cccc[n+]2CC(=O)N1c1cccc(Cl)c1,O=C(Nc1ccccc1)C1c2cccc[n+]2CC(=O)N1c1ccccc1,5.292429823902063,sars2_3cl,coronaviral,IC50,413.2840000000002,0.20512820512820512,False,False,False,False
VNOUKGOBWQZPOV-UHFFFAOYSA-N,CC(C)(C)c1ccc(N(C(=O)c2ccco2)C(C(=O)NC2CCCC2)c2cccnc2)cc1,O=C(NC1CCCC1)C(c1cccnc1)N(C(=O)c1ccco1)c1ccccc1,5.600326278518962,sars2_3cl,coronaviral,IC50,445.5630000000002,0.27710843373493976,False,False,False,False
VNOUKGOBWQZPOV-XMMPIXPASA-N,CC(C)(C)c1ccc(N(C(=O)c2ccco2)[C@@H](C(=O)NC2CCCC2)c2cccnc2)cc1,O=C(NC1CCCC1)C(c1cccnc1)N(C(=O)c1ccco1)c1ccccc1,5.600326278518962,sars2_3cl,coronaviral,IC50,445.5630000000002,0.27710843373493976,False,False,False,False
VOWPNLKCPCWPMW-UHFFFAOYSA-N,Cc1ccccc1-c1nc2cc(O)c(O)c(O)c2c(=O)[nH]1,O=c1[nH]c(-c2ccccc2)nc2ccccc12,6.437707135543525,sars2_3cl,coronaviral,IC50,284.271,0.21666666666666667,False,False,False,False
VOZFVBDEURHNMJ-UHFFFAOYSA-N,CCCNC(=O)c1ccc(-n2sc3ccccc3c2=O)cc1,O=c1c2ccccc2sn1-c1ccccc1,6.638272163982407,sars2_3cl,coronaviral,IC50,312.39400000000006,0.29850746268656714,False,False,False,False
VPUADEJJWCIPMV-UHFFFAOYSA-N,CC1(C)CC(=O)C2=C(C1)Nc1cc([N+](=O)[O-])ccc1N(C(=O)CCl)C2c1ccc(C(F)(F)F)cc1,O=C1CCCC2=C1C(c1ccccc1)Nc1ccccc1N2,5.428291168191312,sars2_3cl,coronaviral,IC50,507.8960000000002,0.2413793103448276,False,False,False,False
VPYFGJMHNVYOHP-UHFFFAOYSA-N,C[S+]([O-])c1nnc(-c2ccc(Cl)cc2)o1,c1ccc(-c2nnco2)cc1,6.214670164989233,sars2_3cl,coronaviral,IC50,242.68700000000004,0.13636363636363635,False,False,False,False
VPZCKRKZFRCZMX-QRTGZHHDSA-N,C=C1C(=O)[C@]23[C@H](O)[C@H]1CC[C@@H]2[C@@]12CO[C@]3(O)C[C@@H]1C(C)(C)CC[C@@H]2O,C=C1C(=O)C23CC1CCC2C12CCCCC1CC3OC2,5.590066876668706,sars2_3cl,coronaviral,IC50,348.4390000000001,0.14634146341463414,False,False,False,False
VQBLWHBFHDQEPT-WREXDLNZSA-N,CC1(C)COC(=O)[C@@H]2C[C@@H](C[C@@H](C#N)NC(=O)[C@@H]3[C@@H]4[C@H](CN3C(=O)[C@H]1NC(=O)C1CC1)C4(C)C)C(=O)N2,O=C1NC2CC1CCNC(=O)C1C3CC3CN1C(=O)C(NC(=O)C1CC1)CCOC2=O,7.920818753952375,sars2_3cl,coronaviral,IC50,513.5950000000004,0.16831683168316833,False,False,False,False
VQEBWILAOGXATO-LZCJLJQNSA-N,O=C(/C=C/c1cc(O)c(O)c(O)c1)c1ccc(F)cc1,O=C(C=Cc1ccccc1)c1ccccc1,6.5828605902726745,sars2_3cl,coronaviral,IC50,274.247,0.21568627450980393,False,False,False,False
VQEBWILAOGXATO-LZCJLJQNSA-N,O=C(/C=C/c1cc(O)c(O)c(O)c1)c1ccc(F)cc1,O=C(C=Cc1ccccc1)c1ccccc1,6.096910013008056,sars2_3cl,coronaviral,Ki,274.247,0.21568627450980393,False,False,False,False
VQJHSXBJTLPKHO-VPYPWEPUSA-N,COc1cccc2[nH]c(C(=O)N[C@@H](CC(C)C)C(=O)N3C[C@]4(C[C@H]3C(=O)O)C(=O)Nc3ccccc34)cc12,O=C(NCC(=O)N1CCC2(C1)C(=O)Nc1ccccc12)c1cc2ccccc2[nH]1,6.259637310505756,sars2_3cl,coronaviral,IC50,518.5700000000003,0.25806451612903225,False,False,False,False
VQNQTADCZYNNCO-SVFBPWRDSA-N,CC1(C)[C@H](C(=O)OCc2cc(C(F)(F)F)cc(C(F)(F)F)c2)N2C(=O)[C@@H](NC(=O)COc3ccccc3)[C@H]2S1(=O)=O,O=C(COc1ccccc1)NC1C(=O)N2C(C(=O)OCc3ccccc3)CS(=O)(=O)C12,4.452225294612178,sars2_3cl,coronaviral,IC50,608.5130000000003,0.21839080459770116,False,False,False,False
VQSZXJGGYUWDES-DDIMPBCQSA-N,O=C1NCC[C@H]1C[C@H](NC(=O)[C@@H]1[C@H]2CC[C@H](C2)N1C(=O)[C@@H](NS(=O)(=O)C(F)(F)F)C12CC3CC(CC(C3)C1)C2)C(=O)c1nc2ccccc2s1,O=C1NCCC1CC(NC(=O)C1C2CCC(C2)N1C(=O)CC12CC3CC(CC(C3)C1)C2)C(=O)c1nc2ccccc2s1,5.783570169123749,sars2_3cl,coronaviral,IC50,735.8509999999998,0.1810344827586207,False,False,False,False
VQZLVIVLRSMLED-UHFFFAOYSA-N,O=c1c2c(O)c(O)c(O)cc2nc(-c2ccccc2)n1-c1ccccc1F,O=c1c2ccccc2nc(-c2ccccc2)n1-c1ccccc1,6.688246138944246,sars2_3cl,coronaviral,IC50,364.33200000000005,0.2,False,False,False,False
VRQYHLFPLNAMQP-UHFFFAOYSA-N,C=CS(=O)(=O)N(c1ccc(C(C)(C)C)cc1)C(C(=O)NCCc1cccc(OC)c1)c1cccnc1,O=C(NCCc1ccccc1)C(Nc1ccccc1)c1cccnc1,6.619788758288394,sars2_3cl,coronaviral,IC50,507.6560000000003,0.24390243902439024,False,False,False,False
VRYQOOJANAQPRA-UHFFFAOYSA-N,CC(c1ccccc1)c1nc2cc(O)c(O)c(O)c2c(=O)n1-c1ccccc1F,O=c1c2ccccc2nc(Cc2ccccc2)n1-c1ccccc1,6.537602002101044,sars2_3cl,coronaviral,IC50,392.3860000000001,0.21739130434782608,False,False,False,False
VSCAYTJSMLHOAS-PMYIEUMKSA-N,N#C[C@@H]1C[C@@]2(CN1C(=O)[C@H](CS(=O)(=O)Cc1ccccc1)NC(=O)[C@@H](NC(=O)C(F)(F)F)C1CC1)C(=O)Nc1ccccc12,O=C(CC1CC1)NC(CS(=O)(=O)Cc1ccccc1)C(=O)N1CCC2(C1)C(=O)Nc1ccccc12,5.886390848926972,sars2_3cl,coronaviral,IC50,631.633,0.18518518518518517,False,False,False,False
VSRZZRLJTGAQIB-OAHLLOKOSA-N,Cc1ccc(NC(=O)CN)cc1C(=O)N[C@H](C)c1cccc2ccccc12,O=C(NCc1cccc2ccccc12)c1ccccc1,5.481486060122112,sars2_3cl,coronaviral,IC50,361.44500000000005,0.3225806451612903,False,False,False,False
VTFONWLYUHAXAD-NJWJYKKWSA-N,CC1(C)CCOC(=O)[C@@H]2C[C@@H](C[C@@H](C#N)NC(=O)[C@@H]3[C@@H]4[C@H](CN3C(=O)[C@H]1NC(=O)C(F)(F)F)C4(C)C)C(=O)N2,O=C1NC2CC1CCNC(=O)C1C3CC3CN1C(=O)CCCCOC2=O,7.920818753952375,sars2_3cl,coronaviral,IC50,555.5540000000001,0.18556701030927836,False,False,False,False
VUCMBRWTIGPIKH-ZAOLANORSA-N,CC(C)(C)[C@H](NC(=O)C(F)(F)F)C(=O)N1C[C@H]2[C@@H]([C@H]1C(=O)N[C@@H](C[C@@H]1CCNC1=O)C(=O)COCc1ccccc1)C2(C)C,O=C1NCCC1CC(NC(=O)C1NCC2CC21)C(=O)COCc1ccccc1,7.568636235841012,sars2_3cl,coronaviral,IC50,622.6850000000003,0.205607476635514,False,False,False,False
VUKLPLYHWKZTHP-HSZRJFAPSA-N,Cc1ccc(OCCN(C)C)cc1C(=O)N[C@H](C)c1cc(-c2cnn(CCN(C)C)c2)cc(-c2cccs2)c1,O=C(NCc1cc(-c2cn[nH]c2)cc(-c2cccs2)c1)c1ccccc1,6.958607314841775,sars2_3cl,coronaviral,IC50,545.7530000000003,0.2222222222222222,False,False,False,False
VUMQTHGFOAZOLH-GKXKVECMSA-N,CC(C)C[C@H](NC(=O)[C@@H](NC(=O)c1ccc2ccccc2c1)C(C)C)C(=O)N[C@H](C=O)C[C@@H]1CCCNC1=O,O=C(CNC(=O)CNC(=O)c1ccc2ccccc2c1)NCCC1CCCNC1=O,6.567030709125595,sars2_3cl,coronaviral,IC50,536.6730000000003,0.19230769230769232,False,False,False,False
VVLDJMIQLLXLFR-UHFFFAOYSA-N,O=C1CCCC2=C1C(C1CCCC1)N(C(=O)CCl)c1ccc([N+](=O)[O-])cc1N2,O=C1CCCC2=C1C(C1CCCC1)Nc1ccccc1N2,5.71669877129645,sars2_3cl,coronaviral,IC50,403.86600000000004,0.22093023255813954,False,False,False,False
VVUWQXYUNMIDPY-UHFFFAOYSA-N,COc1cccc(C(=O)Oc2cncc(Cl)c2)c1OC,O=C(Oc1cccnc1)c1ccccc1,7.073143291050307,sars2_3cl,coronaviral,IC50,293.7060000000001,0.288135593220339,False,False,False,False
VVXBKZFYMWTAHG-UDEPYWBTSA-N,COc1cccc2[nH]c(C(=O)N[C@H](CC(C)(C)C)C(=O)N3C[C@]4(C[C@H]3C#N)C(=O)Nc3ccccc34)cc12,O=C(NCC(=O)N1CCC2(C1)C(=O)Nc1ccccc12)c1cc2ccccc2[nH]1,6.259637310505756,sars2_3cl,coronaviral,IC50,513.5980000000003,0.25263157894736843,False,False,False,False
VWHYFMQKJYFLCC-DUXPYHPUSA-N,O=C(/C=C/CCc1ccc(O)c(O)c1)CCc1ccc(O)c(O)c1,O=C(C=CCCc1ccccc1)CCc1ccccc1,5.3872161432802645,sars2_3cl,coronaviral,IC50,328.36400000000003,0.1702127659574468,False,False,False,False
VWUQBNXKBUKZRM-OAQYLSRUSA-N,O=C(CNC(=O)c1ccc(Cl)c(Cl)c1)N[C@H](Cc1ccccc1)C(=O)C(=O)NCc1ccccn1,O=C(CNC(=O)c1ccccc1)NC(Cc1ccccc1)C(=O)C(=O)NCc1ccccn1,7.690369832574101,sars2_3cl,coronaviral,IC50,513.3810000000002,0.2535211267605634,False,False,False,False
VXLDJPBCISCRLG-QURGRASLSA-N,O=C(O)CCCCCCCN1C(=O)/C(=C2/C(=O)Nc3ccccc32)c2cc(Br)ccc21,O=C1Nc2ccccc2C1=C1C(=O)Nc2ccccc21,5.917214629683549,sars2_3cl,coronaviral,IC50,483.36200000000014,0.18421052631578946,False,False,False,False
VXSJWKBAGWTAGD-CMOCDZPBSA-N,CC(C)C[C@H](NC(=O)OC[C@@H]1CCC(=O)N1Cc1ccccc1)C(=O)N[C@H](C=O)C[C@@H]1CCNC1=O,O=C(CNC(=O)OCC1CCC(=O)N1Cc1ccccc1)NCCC1CCNC1=O,6.366531544420413,sars2_3cl,coronaviral,IC50,500.5960000000002,0.22826086956521738,False,False,False,False
VYCKCQBOVSSJSK-PYQWHEAPSA-N,CC(C)=CCCC1=C[C@H](c2c(O)cc3c(c2O)C(=O)C[C@@H](c2ccc(O)cc2O)O3)[C@@H](C(=O)c2ccc(O)cc2O)[C@H](c2ccc(O)cc2O)C1,O=C1CC(c2ccccc2)Oc2ccc(C3C=CCC(c4ccccc4)C3C(=O)c3ccccc3)cc21,5.318758762624412,sars2_3cl,coronaviral,IC50,694.7330000000003,0.15,False,False,False,False
VYECSLBCPAPILQ-VYDXJSESSA-N,CC(C)C[C@H](NC(=O)OC1CN(C(=O)OC(C)(C)C)C1)C(=O)N[C@H](C=O)C[C@H]1CCNC1=O,O=C(CNC(=O)OC1CNC1)NCCC1CCNC1=O,5.6020599913279625,sars2_3cl,coronaviral,IC50,468.5510000000003,0.2268041237113402,False,False,False,False
VYKSHQORHQSHHF-LJQANCHMSA-N,N#Cc1cc(C(=O)N2CCOCC2)c(N2CC[C@@H](NC(=O)c3cc(=O)[nH]c4c(F)cccc34)C2)c(C2CC2)c1,O=C(NC1CCN(c2c(C(=O)N3CCOCC3)cccc2C2CC2)C1)c1cc(=O)[nH]c2ccccc12,9.3767507096021,sars2_3cl,coronaviral,EC50,529.5720000000002,0.24210526315789474,False,False,False,False
VYUGMEGJNIINBO-UHFFFAOYSA-N,Cn1c(=O)c2c(nc3n(CC#Cc4ccc(Cl)c(Cl)c4)ccn23)n(C)c1=O,O=c1[nH]c(=O)c2c(nc3n(CC#Cc4ccccc4)ccn23)[nH]1,5.327902142064282,sars2_3cl,coronaviral,IC50,402.2410000000001,0.20253164556962025,False,False,False,False
VYYDFJQUXALHPF-TULAIVBGSA-N,CC(C)C[C@@H](C(=O)N1C[C@]2(C[C@H]1C#N)C(=O)Nc1ccccc12)N(C)C(=O)c1[nH]c2ccccc2c1-c1ccccc1,O=C(NCC(=O)N1CCC2(C1)C(=O)Nc1ccccc12)c1[nH]c2ccccc2c1-c1ccccc1,6.259637310505756,sars2_3cl,coronaviral,IC50,559.6700000000003,0.19148936170212766,False,False,False,False
VYYDFJQUXALHPF-YEURNTKQSA-N,CC(C)C[C@@H](C(=O)N1C[C@]2(CC1C#N)C(=O)Nc1ccccc12)N(C)C(=O)c1[nH]c2ccccc2c1-c1ccccc1,O=C(NCC(=O)N1CCC2(C1)C(=O)Nc1ccccc12)c1[nH]c2ccccc2c1-c1ccccc1,6.259637310505756,sars2_3cl,coronaviral,IC50,559.6700000000003,0.19148936170212766,False,False,False,False
VZBYPRMHSZIUBJ-UHFFFAOYSA-N,CC(C)(C)OC(=O)N1CCC(n2[se]c3ccccc3c2=O)CC1,O=c1c2ccccc2[se]n1C1CCNCC1,6.379863945026242,sars2_3cl,coronaviral,IC50,381.3340000000002,0.2972972972972973,False,False,False,False
VZHMAROMAJEEDG-VGMFXRGYSA-N,CC(C)C[C@H](NC(=O)OCC1CCN(C[C@H]2C[C@H]3CC[C@@H]2C3)C1=O)C(=O)N[C@H](C=O)C[C@@H]1CCNC1=O,O=C(CNC(=O)OCC1CCN(CC2CC3CCC2C3)C1=O)NCCC1CCNC1=O,6.366531544420413,sars2_3cl,coronaviral,IC50,518.6550000000003,0.16981132075471697,False,False,False,False
VZIYPNWVVYEAOU-QRFRQXIXSA-N,CC(C)C[C@H](NC(=O)OCC(C)(C)Sc1cccc(Cl)c1)C(=O)N[C@H](C=O)C[C@@H]1CCNC1=O,O=C(CNC(=O)OCCSc1ccccc1)NCCC1CCNC1=O,6.823908740944319,sars2_3cl,coronaviral,IC50,512.0720000000002,0.1941747572815534,False,False,False,False
VZORPXDZZURPET-IBGZPJMESA-N,COc1ccncc1C(=O)N1CCN(c2ccc(Cl)c(Cl)c2)[C@H](C(=O)NCc2ccc(F)s2)C1,O=C(NCc1cccs1)C1CN(C(=O)c2cccnc2)CCN1c1ccccc1,6.421574049464994,sars2_3cl,coronaviral,IC50,523.4170000000001,0.29213483146067415,False,False,False,False
VZTNUGJSBPWRIN-UHFFFAOYSA-N,Cc1nc(C(=O)N2CCOCC2)c(C(=O)Nc2cc(Cl)c(Cl)cc2Cl)[nH]1,O=C(Nc1ccccc1)c1[nH]cnc1C(=O)N1CCOCC1,4.877456475931246,sars2_3cl,coronaviral,IC50,417.68000000000006,0.2602739726027397,False,False,False,False
VZWLGPAJWWXYQE-WUKNDPDISA-N,C/N=c1\nc(-c2ccc(OC)cc2)n(-c2ccccc2)s1,N=c1nc(-c2ccccc2)n(-c2ccccc2)s1,6.782516055786093,sars2_3cl,coronaviral,IC50,297.383,0.171875,False,False,False,False
WAADVORYRRJSIG-UHFFFAOYSA-N,Cc1ccc(Cl)cc1-n1[se]c2ccccc2c1=O,O=c1c2ccccc2[se]n1-c1ccccc1,7.422393322637465,sars2_3cl,coronaviral,IC50,322.6530000000001,0.24193548387096775,False,False,False,False
WAJIJPQPJSORQU-VMBFOHBNSA-N,CC1(C)[C@@H]2[C@@H](C(=O)N[C@H](C#N)C[C@@H]3CCNC3=O)N(C(=O)COc3ccc(OC(F)(F)F)cc3)C[C@@H]21,O=C1NCCC1CCNC(=O)C1C2CC2CN1C(=O)COc1ccccc1,6.795880017344075,sars2_3cl,coronaviral,IC50,508.4970000000002,0.1981981981981982,False,False,False,False
WATURWXLRXTLBM-UHFFFAOYSA-N,CC1=C(c2ccccc2)C1C(=O)NC(Cc1ccc2ccccc2c1)c1nc(-c2ccc(C(F)(F)F)cc2)no1,O=C(NC(Cc1ccc2ccccc2c1)c1nc(-c2ccccc2)no1)C1C=C1c1ccccc1,5.189095719331299,sars2_3cl,coronaviral,IC50,539.5570000000001,0.25274725274725274,False,False,False,False
WAXJMBFCXYZEEF-NKUSZHJXSA-N,CNC(=O)C(=O)[C@H](CCC(C)(F)F)NC(=O)C1C2CC(C)(C)C2CN1C(=O)[C@@H](NC(=O)OC)C(C)(C)C,C1CC2CNCC12,8.301029995663981,sars2_3cl,coronaviral,IC50,530.6130000000003,0.18085106382978725,False,False,False,False
WAYANGHJGYFOIO-TWJUONSBSA-N,O=C(O)C1=C(C(=O)N(Cc2ccccc2)Cc2ccccc2)CN2C[C@H](NC(=O)[C@H](Cc3ccccc3)NC(=O)c3cc4ccccc4[nH]3)C(=O)N12,O=C(NC(Cc1ccccc1)C(=O)NC1CN2CC(C(=O)N(Cc3ccccc3)Cc3ccccc3)=CN2C1=O)c1cc2ccccc2[nH]1,4.346787486224656,sars2_3cl,coronaviral,IC50,696.7640000000001,0.1836734693877551,False,False,False,False
WBFKWXHWUBUWOM-BFGKGAQZSA-N,CC(C)C[C@H](NC(=O)OC[C@@H]1C[C@H]1C1CCC(F)(F)CC1)C(=O)N[C@@H](C[C@H]1CCNC1=O)[C@H](O)S(=O)(=O)O,O=C(CNC(=O)OCC1CC1C1CCCCC1)NCCC1CCNC1=O,6.769551078621726,sars2_3cl,coronaviral,IC50,567.6520000000004,0.15384615384615385,False,False,False,False
WBJZVUPGWANLHC-QRFRQXIXSA-N,CC(C)C[C@H](NC(=O)OCC(C)(C)Oc1ccc(Cl)cc1)C(=O)N[C@H](C=O)C[C@@H]1CCNC1=O,O=C(CNC(=O)OCCOc1ccccc1)NCCC1CCNC1=O,6.337242168318426,sars2_3cl,coronaviral,IC50,496.00400000000025,0.18,False,False,False,False
WBJZVUPGWANLHC-RIERNIPTSA-N,[2H]C([2H])(OC(=O)N[C@@H](CC(C)C)C(=O)N[C@H](C=O)C[C@@H]1CCNC1=O)C(C)(C)Oc1ccc(Cl)cc1,O=C(CNC(=O)OCCOc1ccccc1)NCCC1CCNC1=O,6.769551078621726,sars2_3cl,coronaviral,IC50,498.0162035560003,0.17647058823529413,False,False,False,False
WCFBPQPQLAYXFE-BXWFABGCSA-N,COc1ccc(C)c2[nH]c(C(=O)N[C@@H](CC(C)(C)C)C(=O)N[C@H](C#N)C[C@@H]3CCNC3=O)cc12,O=C(CNC(=O)c1cc2ccccc2[nH]1)NCCC1CCNC1=O,7.6020599913279625,sars2_3cl,coronaviral,Ki,467.5700000000003,0.21428571428571427,False,False,False,False
WDGFFVCWBZVLCE-UHFFFAOYSA-N,O=c1c(O)cccc2cc(O)c(O)c(O)c12,O=c1ccccc2ccccc12,5.339134521996131,sars2_3cl,coronaviral,IC50,220.17999999999998,0.2,False,False,False,False
WDHMWDRJYQKNDV-CMOCDZPBSA-N,C=C(C)C[C@H](NC(=O)[C@@H](NC(=O)OCc1ccccc1)C(C)C)C(=O)N[C@H](C=O)C[C@@H]1CCNC1=O,O=C(CNC(=O)CNC(=O)OCc1ccccc1)NCCC1CCNC1=O,7.958607314841775,sars2_3cl,coronaviral,IC50,500.59600000000023,0.20202020202020202,False,False,False,False
WDMSWWUPIMEGNZ-SGFFKCJDSA-N,CCOC(=O)/C=C/[C@H](C[C@@H]1CCNC1=O)NC(=O)[C@H](CC(C)C)NC(=O)[C@@H](NC(=O)OCc1ccccc1)C(C)C,O=C(CNC(=O)CNC(=O)OCc1ccccc1)NCCC1CCNC1=O,6.543633966870956,sars2_3cl,coronaviral,IC50,572.7030000000002,0.25510204081632654,False,False,False,False
WDVSHHCDHLJJJR-UHFFFAOYSA-N,Nc1ccc2cc3ccc(N)cc3nc2c1,c1ccc2nc3ccccc3cc2c1,6.080921907623926,sars2_3cl,coronaviral,IC50,209.25199999999998,0.16071428571428573,False,False,False,False
WECVEYOPFCRZII-UHFFFAOYSA-N,CC(=O)OCC1Cc2c(-c3cc(C)ccn3)cccc2-c2c(O)ccc(-c3ccc(Br)cc3)c21,c1ccc(-c2cccc3c2CCc2c(-c4ccccn4)cccc2-3)cc1,5.00788851221305,sars2_3cl,coronaviral,IC50,514.4190000000002,0.2079207920792079,False,False,False,False
WEDBUGQXVOOKOK-YPJRHXLCSA-N,CC(C)C[C@H](NC(=O)OCc1ccccc1)C(=O)N[C@@H](CC1CCNC1=O)C(=O)C(=O)NC(C)C,O=C(CNC(=O)OCc1ccccc1)NCCC1CCNC1=O,5.301029995663981,sars2_3cl,coronaviral,IC50,488.58500000000026,0.21739130434782608,False,False,False,False
WEFYAFWXHZBAFK-UHFFFAOYSA-N,CCNc1ccnc(-c2cccc3c2CC(COC(C)=O)c2c(-c4ccc(Br)cc4)ccc(O)c2-3)c1,c1ccc(-c2cccc3c2CCc2c(-c4ccccn4)cccc2-3)cc1,5.0,sars2_3cl,coronaviral,IC50,543.4610000000001,0.18691588785046728,False,False,False,False
WELFWBBZMUCJNM-UHFFFAOYSA-N,O=S(=O)(c1nnc(-c2ccc(Cl)cc2)o1)C1COC1,O=S(=O)(c1nnc(-c2ccccc2)o1)C1COC1,6.443697499232712,sars2_3cl,coronaviral,IC50,300.7230000000001,0.19402985074626866,False,False,False,False
WEVDINUTSONMTP-FMCGGJTJSA-N,CC(C)=CCc1cc(/C=C2\OC(=O)C(c3cc(CCC(C)(C)O)c(O)cc3O)=C2O)ccc1O,O=C1OC(=Cc2ccccc2)C=C1c1ccccc1,5.113509274827518,sars2_3cl,coronaviral,IC50,466.53000000000014,0.12790697674418605,False,False,False,False
WEWBRJVAHYBDGD-UHFFFAOYSA-N,CSc1nc2cc3c(cc2n1C(=O)c1ccc(C)c(F)c1)OCO3,O=C(c1ccccc1)n1cnc2cc3c(cc21)OCO3,7.152465023828446,sars2_3cl,coronaviral,IC50,344.3670000000001,0.23333333333333334,False,False,False,False
WFGOBTIVDQXNOU-UHFFFAOYSA-N,CN=C(S)N=C(Nc1ccccc1)c1ccccc1,N=C(Nc1ccccc1)c1ccccc1,4.398157210217902,sars2_3cl,coronaviral,IC50,269.37300000000005,0.22727272727272727,False,False,False,False
WFJHHZOLVBKTCG-DEYYWGMASA-N,COc1ccc(C(F)(F)F)c2[nH]c(C(=O)N[C@@H](CC(C)(C)C)C(=O)N[C@H](C#N)C[C@@H]3CCNC3=O)cc12,O=C(CNC(=O)c1cc2ccccc2[nH]1)NCCC1CCNC1=O,7.638272163982407,sars2_3cl,coronaviral,Ki,521.5400000000004,0.2222222222222222,False,False,False,False
WGBASJXNQFWBJU-UHFFFAOYSA-N,O=C1C=C(Nc2ccccc2N2CCNCC2)C2=NS(=O)(=O)c3cccc1c32,O=C1C=C(Nc2ccccc2N2CCNCC2)C2=NS(=O)(=O)c3cccc1c32,6.920818753952375,sars2_3cl,coronaviral,IC50,394.4560000000001,0.1875,False,False,False,False
WGBASJXNQFWBJU-UHFFFAOYSA-N,O=C1C=C(Nc2ccccc2N2CCNCC2)C2=NS(=O)(=O)c3cccc1c32,O=C1C=C(Nc2ccccc2N2CCNCC2)C2=NS(=O)(=O)c3cccc1c32,5.1487416512809245,sars2_3cl,coronaviral,Ki,394.4560000000001,0.1875,False,False,False,False
WGBIKPCBZHDKAT-UHFFFAOYSA-N,O=C(c1cncc2ccc(F)cc12)N1CCN(Cc2ccc(Cl)cc2Cl)CC1,O=C(c1cncc2ccccc12)N1CCN(Cc2ccccc2)CC1,5.485452247339714,sars2_3cl,coronaviral,IC50,418.2990000000001,0.2535211267605634,False,False,False,False
WGBIKPCBZHDKAT-UHFFFAOYSA-N,O=C(c1cncc2ccc(F)cc12)N1CCN(Cc2ccc(Cl)cc2Cl)CC1,O=C(c1cncc2ccccc12)N1CCN(Cc2ccccc2)CC1,4.455931955649724,sars2_3cl,coronaviral,Kd,418.2990000000001,0.2535211267605634,False,False,False,False
WGKJQWSKWVWPGJ-HJHGLYDVSA-N,CCC[C@H](NC(=O)OCc1ccccc1)C(=O)N[C@H](/C=C/C(C)=O)C[C@@H]1CCNC1=O,O=C(CNC(=O)OCc1ccccc1)NCCC1CCNC1=O,5.752026733638193,sars2_3cl,coronaviral,Ki,429.5170000000002,0.26666666666666666,False,False,False,False
WGNWEPPRWQKSKI-AIEDFZFUSA-N,COC(=O)N[C@H](C(=O)N1C[C@H](C(F)(F)F)C[C@H]1C(=O)N[C@H](C#N)C[C@@H]1CCNC1=O)C(C)(C)C,O=C1NCCC1CCNC(=O)C1CCCN1,8.605548319173783,sars2_3cl,coronaviral,Ki,489.49500000000023,0.1958762886597938,False,False,False,False
WGSCCRBPGFMVGC-NJWJYKKWSA-N,COC(=O)N[C@@H]1C(=O)N2C[C@H]3[C@@H]([C@H]2C(=O)N[C@H](C#N)C[C@@H]2C[C@H](NC2=O)C(=O)OCC1(C)C)C3(C)C,O=C1NC2CC1CCNC(=O)C1C3CC3CN1C(=O)CCCOC2=O,8.065501548756432,sars2_3cl,coronaviral,IC50,503.5560000000004,0.1702127659574468,False,False,False,False
WGTDTRRECQYDFW-UHFFFAOYSA-N,O=C(Oc1cncc(Cl)c1)c1cc2cc(Cl)ccc2[nH]1,O=C(Oc1cccnc1)c1cc2ccccc2[nH]1,7.465973893943865,sars2_3cl,coronaviral,IC50,307.136,0.21428571428571427,False,False,False,False
WGVBYCLGPYHJDB-UHFFFAOYSA-O,Cc1ccccc1N1C(=O)C[n+]2ccccc2C1C(=O)Nc1ccccc1,O=C(Nc1ccccc1)C1c2cccc[n+]2CC(=O)N1c1ccccc1,5.251811972993799,sars2_3cl,coronaviral,IC50,358.42100000000005,0.2463768115942029,False,False,False,False
WGXAQDBLXQEIDK-SPBBALEUSA-N,CC(C)C[C@H](NC(=O)OC[C@@H]1C[C@H]1c1cccc(F)c1)C(=O)N[C@@H](CC1CCNC1=O)C(O)S(=O)(=O)O,O=C(CNC(=O)OCC1CC1c1ccccc1)NCCC1CCNC1=O,6.853871964321762,sars2_3cl,coronaviral,IC50,543.6140000000003,0.20212765957446807,False,False,False,False
WHBIGIKBNXZKFE-UHFFFAOYSA-N,CC(C)Nc1cccnc1N1CCN(C(=O)c2cc3cc(NS(C)(=O)=O)ccc3[nH]2)CC1,O=C(c1cc2ccccc2[nH]1)N1CCN(c2ccccn2)CC1,5.399027104313252,sars2_3cl,coronaviral,IC50,456.5720000000002,0.26744186046511625,False,False,False,False
WHELBSIYNGCJSE-DEYYWGMASA-N,COc1c(F)ccc2[nH]c(C(=O)N[C@@H](CC(C)C)C(=O)N[C@H](C#N)C[C@@H]3CCNC3=O)cc12,O=C(CNC(=O)c1cc2ccccc2[nH]1)NCCC1CCNC1=O,7.7447274948966935,sars2_3cl,coronaviral,Ki,457.50600000000026,0.18,False,False,False,False
WHLDMAGXWSFPMC-UHFFFAOYSA-N,Cc1cn(C(=O)NCCCNC(=O)c2cc3cc(Cl)ccc3n2CC(C)C)c(=O)[nH]c1=O,O=C(NCCCNC(=O)n1ccc(=O)[nH]c1=O)c1cc2ccccc2[nH]1,5.886056647693163,sars2_3cl,coronaviral,IC50,459.9340000000002,0.19767441860465115,False,False,False,False
WHTVZRBIWZFKQO-UHFFFAOYSA-N,CCN(CC)CCCC(C)Nc1ccnc2cc(Cl)ccc12,c1ccc2ncccc2c1,5.137868620686962,sars2_3cl,coronaviral,IC50,319.88000000000005,0.1625,False,False,False,False
WHXLSJRNCGQDGL-DUXPYHPUSA-N,O=C(/C=C/c1c(Cl)c(O)c(O)c(O)c1Cl)c1ccc(Cl)c(Cl)c1,O=C(C=Cc1ccccc1)c1ccccc1,6.382265964635982,sars2_3cl,coronaviral,IC50,394.03700000000015,0.203125,False,False,False,False
WIAUEGRDSIECQN-UHFFFAOYSA-N,Cn1cc2cc(Nc3nc(=O)n(Cc4cc5ccsc5[nH]c4=O)c(=O)n3Cc3cc(F)c(F)c(F)c3)c(Cl)cc2n1,O=c1[nH]c2sccc2cc1Cn1c(=O)nc(Nc2ccc3n[nH]cc3c2)n(Cc2ccccc2)c1=O,8.397940008672037,sars2_3cl,coronaviral,IC50,599.9820000000001,0.17346938775510204,False,False,False,False
WIDSZHYCZICPJW-HXUWFJFHSA-N,O=C(CNC(=O)C1CCC(F)(F)CC1)N[C@H](Cc1cccc(Cl)c1)C(=O)C(=O)NCc1ccccn1,O=C(CNC(=O)C1CCCCC1)NC(Cc1ccccc1)C(=O)C(=O)NCc1ccccn1,7.2225731776106885,sars2_3cl,coronaviral,IC50,520.9640000000002,0.2247191011235955,False,False,False,False
WJEOLQLKVOPQFV-UHFFFAOYSA-N,Cc1ccc(NC(=O)c2ccc(CN3CCN(C)CC3)cc2)cc1Nc1nc(-c2cccnc2)cs1,O=C(Nc1cccc(Nc2nc(-c3cccnc3)cs2)c1)c1ccc(CN2CCNCC2)cc1,5.494850021680094,sars2_3cl,coronaviral,EC50,498.6560000000002,0.2625,False,False,False,False
WJEOLQLKVOPQFV-UHFFFAOYSA-N,Cc1ccc(NC(=O)c2ccc(CN3CCN(C)CC3)cc2)cc1Nc1nc(-c2cccnc2)cs1,O=C(Nc1cccc(Nc2nc(-c3cccnc3)cs2)c1)c1ccc(CN2CCNCC2)cc1,5.6020599913279625,sars2_3cl,coronaviral,IC50,498.6560000000002,0.2625,False,False,False,False
WJIGFJQAUZKEBQ-UHFFFAOYSA-N,CC1=C(c2ccccc2)C1C(=O)NC(CC1CCCCC1)c1nc(-c2ccc(C(F)(F)F)cc2)no1,O=C(NC(CC1CCCCC1)c1nc(-c2ccccc2)no1)C1C=C1c1ccccc1,4.712870379280889,sars2_3cl,coronaviral,IC50,495.54500000000013,0.22105263157894736,False,False,False,False
WJMQJDMFNONTLZ-PXQJOHHUSA-N,CC(C)[C@H](NC(=O)C(F)(F)F)C(=O)N1C[C@H]2[C@@H]([C@H]1C(=O)N[C@@H](C[C@@H]1CCNC1=O)C(=O)c1noc(-c3ccccc3)n1)C2(C)C,O=C1NCCC1CC(NC(=O)C1NCC2CC21)C(=O)c1noc(-c2ccccc2)n1,8.045757490560675,sars2_3cl,coronaviral,Ki,632.6400000000002,0.19642857142857142,False,False,False,False
WJTODPUBLZHNPT-UHFFFAOYSA-N,N=C(N)Nc1ccc(C(=O)Nc2ccc3c(c2)B(O)OC3)cc1,O=C(Nc1ccc2c(c1)BOC2)c1ccccc1,4.856985199745905,sars2_3cl,coronaviral,IC50,310.12200000000007,0.26666666666666666,False,False,False,False
WKCCYJLCVKEALN-HSZRJFAPSA-N,COCCn1cc(-c2cc(-c3cnn(CCO)c3)cc([C@@H](C)NC(=O)c3cc(OCCN(C)C)ccc3C)c2)cn1,O=C(NCc1cc(-c2cn[nH]c2)cc(-c2cn[nH]c2)c1)c1ccccc1,7.0,sars2_3cl,coronaviral,IC50,560.6990000000003,0.23529411764705882,False,False,False,False
WKEKQPXGEGSTJK-AOIWGVFYSA-N,CC(C)C[C@H](NC(=O)OC1CC2(CCN(S(C)(=O)=O)CC2)C1)C(=O)N[C@H](C=O)C[C@H]1CCNC1=O,O=C(CNC(=O)OC1CC2(CCNCC2)C1)NCCC1CCNC1=O,6.619788758288394,sars2_3cl,coronaviral,IC50,514.6450000000003,0.16842105263157894,False,False,False,False
WKNCKKOHQQLNCY-ULUMWSQISA-N,CCCCC1CCC(OC(=O)N[C@@H](CC(C)C)C(=O)N[C@@H](C[C@@H]2CCNC2=O)C(O)S(=O)(=O)O)CC1,O=C(CNC(=O)OC1CCCCC1)NCCC1CCNC1=O,6.698970004336019,sars2_3cl,coronaviral,IC50,533.6880000000001,0.17,False,False,False,False
WKSHIALIHAZOKJ-UHFFFAOYSA-N,Cn1cnc(Cn2c(=O)nc(Nc3cc4cn(CC(F)F)nc4cc3Cl)n(Cc3cc(F)c(F)cc3F)c2=O)n1,O=c1nc(Nc2ccc3n[nH]cc3c2)n(Cc2ccccc2)c(=O)n1Cc1nc[nH]n1,8.045757490560675,sars2_3cl,coronaviral,IC50,581.8930000000001,0.1595744680851064,False,False,False,False
WLBUCUACJSZEPS-DYXWJJEUSA-N,CC(C)C[C@H](NC(=O)OC1CC2(CCN(C(=O)C(C)C)CC2)C1)C(=O)N[C@H](C=O)C[C@H]1CCNC1=O,O=C(CNC(=O)OC1CC2(CCNCC2)C1)NCCC1CCNC1=O,6.42021640338319,sars2_3cl,coronaviral,IC50,506.64400000000035,0.18947368421052632,False,False,False,False
WLFJZNRFNKLNOW-LNSIDSAXSA-N,CC(=O)N[C@H](C(=O)N[C@H](C(=O)N[C@@H](CC(C)C)C(=O)N[C@@H](C[C@@H]1CCNC1=O)C(=O)Cn1[nH]c(=O)c2c([N+](=O)[O-])cccc2c1=O)C(C)O)C(C)C,O=C(CCC1CCNC1=O)Cn1[nH]c(=O)c2ccccc2c1=O,5.468521082957745,sars2_3cl,coronaviral,IC50,730.7760000000003,0.168141592920354,False,False,False,False
WLKIAUCQKBNLKE-UHFFFAOYSA-N,N#Cc1c(-c2ccc(Cl)cc2)nc(SCc2ccc([N+](=O)[O-])cc2)[nH]c1=O,O=c1cc(-c2ccccc2)nc(SCc2ccccc2)[nH]1,5.214670164989233,sars2_3cl,coronaviral,IC50,398.8310000000001,0.14285714285714285,False,False,False,False
WLQRIPHXCTXOQC-UHFFFAOYSA-N,O=c1[nH]sc2cc(F)ccc12,O=c1[nH]sc2ccccc12,5.639595945270061,sars2_3cl,coronaviral,IC50,169.17999999999998,0.2391304347826087,False,False,False,False
WLRCFEPLHPXUAC-UHFFFAOYSA-N,COc1cc2nc(SC)n(C(=O)c3ccc(C)cc3)c2cc1OC,O=C(c1ccccc1)n1cnc2ccccc21,5.163745534519114,sars2_3cl,coronaviral,IC50,342.4200000000001,0.2328767123287671,False,False,False,False
WLXCENLBBWQJML-MRUBZEKTSA-N,CC(C)C[C@H](NC(=O)/C=C/c1ccccc1)C(=O)N[C@H](C=O)C[C@@H]1CCNC1=O,O=C(C=Cc1ccccc1)NCC(=O)NCCC1CCNC1=O,6.429463336866262,sars2_3cl,coronaviral,IC50,399.49100000000016,0.20224719101123595,False,False,False,False
WLZURSBQLFFPCE-UHFFFAOYSA-N,CC(C)(C)NC(=O)C(c1cnccn1)N(C(=O)c1ccco1)c1ccc(C(C)(C)C)cc1,O=C(c1ccco1)N(Cc1cnccn1)c1ccccc1,5.30715308072277,sars2_3cl,coronaviral,IC50,434.5400000000002,0.2,False,False,False,False
WMBWREPUVVBILR-WIYYLYMNSA-N,O=C(O[C@@H]1Cc2c(O)cc(O)cc2O[C@@H]1c1cc(O)c(O)c(O)c1)c1cc(O)c(O)c(O)c1,O=C(OC1Cc2ccccc2OC1c1ccccc1)c1ccccc1,5.972005208307154,sars2_3cl,coronaviral,IC50,458.37500000000017,0.15492957746478872,False,False,False,False
WMFOWASDCVVCFT-UHFFFAOYSA-N,O=C(C1CN(c2ccc(Cl)c(Cl)c2)CCN1C(=O)c1cc(=O)[nH]c2ccccc12)N1CCOCC1,O=C(C1CN(c2ccccc2)CCN1C(=O)c1cc(=O)[nH]c2ccccc12)N1CCOCC1,5.023650020996726,sars2_3cl,coronaviral,IC50,515.3970000000003,0.24175824175824176,False,False,False,False
WMHUWUAKBAJPTM-RZLSGREXSA-N,CC(C)C[C@H](NC(=O)[C@H]1CCCO1)C(=O)N[C@@H](C[C@@H]1CCNC1=O)C(=O)COC(F)(F)F,O=C(CNC(=O)C1CCCO1)NCCC1CCNC1=O,7.221125527997261,sars2_3cl,coronaviral,IC50,465.46900000000016,0.16129032258064516,False,False,False,False
WMOGEHCYHCWIDP-YWAYBWBWSA-N,CC(C)C[C@H](NC(=O)OCC1CCN(Cc2ccco2)C1=O)C(=O)N[C@@H](C[C@@H]1CCNC1=O)C(O)S(=O)(=O)O,O=C(CNC(=O)OCC1CCN(Cc2ccco2)C1=O)NCCC1CCNC1=O,5.6968039425795105,sars2_3cl,coronaviral,IC50,572.6370000000003,0.19444444444444445,False,False,False,False
WNKMREDHFUJIQM-CISPMOHPSA-N,C[C@@H](C(=O)N1C[C@H]2[C@@H]([C@H]1C(=O)N[C@H](C=O)C[C@@H]1CCNC1=O)C2(C)C)C1CCCCC1,O=C1NCCC1CCNC(=O)C1C2CC2CN1C(=O)CC1CCCCC1,7.537602002101044,sars2_3cl,coronaviral,IC50,431.57700000000034,0.1935483870967742,False,False,False,False
WNKMREDHFUJIQM-ZXIXUEFNSA-N,C[C@H](C(=O)N1C[C@H]2[C@@H]([C@H]1C(=O)N[C@H](C=O)C[C@@H]1CCNC1=O)C2(C)C)C1CCCCC1,O=C1NCCC1CCNC(=O)C1C2CC2CN1C(=O)CC1CCCCC1,7.346787486224656,sars2_3cl,coronaviral,IC50,431.57700000000034,0.1935483870967742,False,False,False,False
WNMJYDMOARFFHV-UHFFFAOYSA-N,CC1CC(=O)C2=C(C1)Nc1cc([N+](=O)[O-])ccc1N(C(=O)CCl)C2c1ccc(F)cc1F,O=C1CCCC2=C1C(c1ccccc1)Nc1ccccc1N2,5.20690839982342,sars2_3cl,coronaviral,IC50,461.85200000000015,0.2087912087912088,False,False,False,False
WNOIPEXYJPOUNX-UHFFFAOYSA-N,CC1CC(=O)C2=C(C1)Nc1cc([N+](=O)[O-])ccc1N(C(=O)CCl)C2c1ccccc1,O=C1CCCC2=C1C(c1ccccc1)Nc1ccccc1N2,5.4736607226101555,sars2_3cl,coronaviral,IC50,425.8720000000001,0.1927710843373494,False,False,False,False
WNQTYQUKKFJVNX-AFDCHOCNSA-N,CC(C)(C)C[C@H](NC(=O)[C@@H]1CC[C@@H]1c1ccccc1)C(=O)N[C@H](C=O)C[C@@H]1CCNC1=O,O=C(CNC(=O)C1CCC1c1ccccc1)NCCC1CCNC1=O,7.4089353929735005,sars2_3cl,coronaviral,IC50,441.57200000000023,0.21839080459770116,False,False,False,False
WNRAIBVQLJTVJV-QCOJBMJGSA-N,CC1(C)[C@@H]2[C@@H](C(=O)N[C@H](C=O)C[C@@H]3CCNC3=O)N(C(=O)[C@H](Cc3ccccc3)NC(=O)OCc3ccccc3)C[C@@H]21,O=C(NC(Cc1ccccc1)C(=O)N1CC2CC2C1C(=O)NCCC1CCNC1=O)OCc1ccccc1,6.568636235841012,sars2_3cl,coronaviral,IC50,574.6780000000002,0.22549019607843138,False,False,False,False
WNXKEIDVGXREHY-OAQYLSRUSA-N,O=C(COc1ccccc1)N[C@H](Cc1ccccc1)C(=O)C(=O)NCc1ccccn1,O=C(COc1ccccc1)NC(Cc1ccccc1)C(=O)C(=O)NCc1ccccn1,7.255707016877324,sars2_3cl,coronaviral,IC50,417.46500000000015,0.22727272727272727,False,False,False,False
WOAWOVDMMGJUQG-QORCZRPOSA-N,CC(C)[C@H](NC(=O)OCc1ccccc1)C(=O)N[C@@H](Cc1ccccc1)C(=O)N[C@H](C=O)C[C@@H]1CCNC1=O,O=C(CNC(=O)OCc1ccccc1)NC(Cc1ccccc1)C(=O)NCCC1CCNC1=O,7.823908740944319,sars2_3cl,coronaviral,IC50,536.6290000000002,0.21052631578947367,False,False,False,False
WOIHHGXFPLLSAF-XYXHBKGXSA-N,C=C(Br)C(=O)N(c1ccc(-c2ccccc2)cc1)C(C(=O)N[C@@H](C)c1ccccc1)c1cccnc1,O=C(NCc1ccccc1)C(Nc1ccc(-c2ccccc2)cc1)c1cccnc1,5.370590400897282,sars2_3cl,coronaviral,IC50,540.4610000000001,0.2608695652173913,False,False,False,False
WOQAFLAIHZHVOL-WCBJTDJXSA-N,CC(C)(C)[C@H](NC(=O)C(F)(F)F)C(=O)N1C[C@@H]2C[C@@H]2[C@H]1C(=O)N[C@H](C#N)C[C@@H]1CCNC1=O,O=C1NCCC1CCNC(=O)C1NCC2CC21,6.448550002027124,sars2_3cl,coronaviral,IC50,471.48000000000025,0.18181818181818182,False,False,False,False
WPRVPGYUYHNTCD-UHFFFAOYSA-N,CC(C)C(=O)Nc1ccc(N(C(=O)Cn2nnc3ccccc32)C(C(=O)NC(C)(C)C)c2ccn(C)c2)cc1,O=C(Cn1nnc2ccccc21)N(Cc1cc[nH]c1)c1ccccc1,5.3872161432802645,sars2_3cl,coronaviral,IC50,529.6450000000002,0.20689655172413793,False,False,False,False
WPRXUBZQPKWDKI-XMMPIXPASA-N,Cc1ccc(OCCN(C)C)cc1C(=O)N[C@H](C)c1cc(-c2ccc(N3CCOCC3)nc2)cc(-c2cccs2)c1,O=C(NCc1cc(-c2ccc(N3CCOCC3)nc2)cc(-c2cccs2)c1)c1ccccc1,7.045757490560675,sars2_3cl,coronaviral,IC50,570.7590000000005,0.23423423423423423,False,False,False,False
WPTMCRMLIQJSPU-AVGNSLFASA-N,CC(=O)N1CC2(CC2)C[C@H]1C(=O)N[C@@H](C[C@@H]1CCNC1=O)C(=O)COC(F)(F)F,O=C1NCCC1CCNC(=O)C1CC2(CC2)CN1,7.450996737974212,sars2_3cl,coronaviral,IC50,419.40000000000015,0.18604651162790697,False,False,False,False
WPTTVJLTNAWYAO-KPOXMGGZSA-N,COC(=O)[C@]12CCC(C)(C)C[C@H]1[C@H]1C(=O)C=C3[C@@]4(C)C=C(C#N)C(=O)C(C)(C)[C@@H]4CC[C@@]3(C)[C@]1(C)CC2,O=C1C=CC2C3=CC(=O)C4C5CCCCC5CCC4C3CCC2C1,5.235823867609669,sars2_3cl,coronaviral,IC50,505.69900000000047,0.16666666666666666,False,False,False,False
WPYRTVAOJSOTOF-UHFFFAOYSA-N,Cn1cnc(Cn2c(=O)cc(Nc3cc4cn(C)nc4cc3OC(F)(F)F)n(Cc3cc(F)c(F)cc3F)c2=O)n1,O=c1cc(Nc2ccc3n[nH]cc3c2)n(Cc2ccccc2)c(=O)n1Cc1nc[nH]n1,8.0,sars2_3cl,coronaviral,IC50,580.4490000000002,0.1827956989247312,False,False,False,False
WQSOJMQUQKMKRZ-SQOUVECCSA-N,CC(C)[C@H](NC(=O)OCc1ccccc1)C(=O)N[C@@H](Cc1ccco1)C(=O)N[C@H](C=O)C[C@@H]1CCNC1=O,O=C(CNC(=O)OCc1ccccc1)NC(Cc1ccco1)C(=O)NCCC1CCNC1=O,8.2839966563652,sars2_3cl,coronaviral,IC50,526.5900000000003,0.20588235294117646,False,False,False,False
WQVIYOBOLQRUOL-AHXGOBKMSA-N,CNC(=O)[C@H]1Cc2cccc(c2)OC/C=C/c2cccc3c2CC(CC(=O)N1C)N3C(=O)c1cncc2cccnc12,O=C1CC2Cc3c(cccc3N2C(=O)c2cncc3cccnc23)C=CCOc2cccc(c2)CCN1,7.42021640338319,sars2_3cl,coronaviral,IC50,561.6420000000003,0.1834862385321101,False,False,False,False
WQVKAVYGUGBZNH-ZUMFDBBVSA-N,CCCCCCCCCCCCNC(=O)[C@@H](Cc1ccc(O)c(O)c1)OC(=O)/C=C/c1ccc(O)c(O)c1,O=C(C=Cc1ccccc1)OCCc1ccccc1,4.38933983691012,sars2_3cl,coronaviral,IC50,527.6580000000002,0.17073170731707318,False,False,False,False
WQYRHRAZNNRDIA-UHFFFAOYSA-N,COc1cc(C(=S)N2CCOCC2)ccc1O,S=C(c1ccccc1)N1CCOCC1,5.8794260687941495,sars2_3cl,coronaviral,IC50,253.32299999999995,0.288135593220339,False,False,False,False
WQYWUTMBHBBLCS-UHFFFAOYSA-N,CCn1nnnc1Cn1c(=O)[nH]/c(=N\c2cc3cn(C)nc3cc2Cl)n(Cc2cc(F)c(F)cc2F)c1=O,O=c1[nH]c(=Nc2ccc3n[nH]cc3c2)n(Cc2ccccc2)c(=O)n1Cc1nnn[nH]1,6.795880017344075,sars2_3cl,coronaviral,IC50,546.9010000000002,0.16494845360824742,False,False,False,False
WRCUBGDUZZZYTJ-UHFFFAOYSA-N,CC(=O)OCC1Cc2c(-c3ccc(F)cn3)cccc2-c2c(O)ccc(-c3ccc(Br)cc3)c21,c1ccc(-c2cccc3c2CCc2c(-c4ccccn4)cccc2-3)cc1,5.237445836968988,sars2_3cl,coronaviral,IC50,518.3820000000002,0.19047619047619047,False,False,False,False
WRFWFCCAXVJZPG-SVFBPWRDSA-N,CC1(C)[C@H](C(=O)OCc2ccccc2F)N2C(=O)[C@@H](NC(=O)COc3ccccc3)[C@H]2S1(=O)=O,O=C(COc1ccccc1)NC1C(=O)N2C(C(=O)OCc3ccccc3)CS(=O)(=O)C12,5.236572006437063,sars2_3cl,coronaviral,IC50,490.5090000000002,0.20987654320987653,False,False,False,False
WRZGDDXBHZEIMG-KJMDXERQSA-N,COc1cccc2[nH]c(C(=O)N3CC4(CCCC4)CC3C(=O)N[C@H](C#N)C[C@@H]3CCCNC3=O)cc12,O=C1NCCCC1CCNC(=O)C1CC2(CCCC2)CN1C(=O)c1cc2ccccc2[nH]1,5.221848749616356,sars2_3cl,coronaviral,IC50,491.59200000000027,0.26595744680851063,False,False,False,False
WSCIAEIHLKCXIK-UHFFFAOYSA-N,Fc1cccc(COc2ccc(Nc3ncnc4ccccc34)cc2Cl)c1,c1ccc(COc2ccc(Nc3ncnc4ccccc34)cc2)cc1,5.497572880015568,sars2_3cl,coronaviral,IC50,379.8220000000001,0.22972972972972974,False,False,False,False
WSNQBESMSXHMPK-QRFRQXIXSA-N,CC(C)C[C@H](NC(=O)OCC(C)(C)Sc1cccc(F)c1)C(=O)N[C@H](C=O)C[C@@H]1CCNC1=O,O=C(CNC(=O)OCCSc1ccccc1)NCCC1CCNC1=O,6.853871964321762,sars2_3cl,coronaviral,IC50,495.61700000000025,0.21348314606741572,False,False,False,False
WSVWWSLUPXQXHY-UHBFJLORSA-N,CC1(C)[C@@H]2[C@@H](C(=O)N[C@H](C=O)C[C@@H]3CCNC3=O)N(C(=O)COc3ccccc3)C[C@@H]21,O=C1NCCC1CCNC(=O)C1C2CC2CN1C(=O)COc1ccccc1,7.267606240177031,sars2_3cl,coronaviral,IC50,427.50100000000015,0.2222222222222222,False,False,False,False
WTADIQRMZYZDMU-FBMGVBCBSA-N,C/N=c1\nc(-c2ccc(OC)cc2)n(-c2ccc(F)cc2)s1,N=c1nc(-c2ccccc2)n(-c2ccccc2)s1,6.428291168191312,sars2_3cl,coronaviral,IC50,315.373,0.1896551724137931,False,False,False,False
WTBPYIMETAMCPA-HXUWFJFHSA-N,Cc1ccc(OCCN(C)C)cc1C(=O)N[C@H](C)c1cc(-c2cnn(C(F)F)c2)cc(-c2cnn(C3CC3)c2)c1,O=C(NCc1cc(-c2cn[nH]c2)cc(-c2cnn(C3CC3)c2)c1)c1ccccc1,7.045757490560675,sars2_3cl,coronaviral,IC50,548.6380000000001,0.1827956989247312,False,False,False,False
WTMJWWYFNRVKGO-UHFFFAOYSA-N,Cn1cnc(CN2C(=O)NC(Nc3cc4cn(C)nc4cc3Cl)N(Cc3cc(F)c(F)cc3F)C2=O)n1,O=C1NC(Nc2ccc3n[nH]cc3c2)N(Cc2ccccc2)C(=O)N1Cc1nc[nH]n1,7.769551078621726,sars2_3cl,coronaviral,IC50,533.9020000000002,0.18478260869565216,False,False,False,False
WTMJWWYFNRVKGO-UHFFFAOYSA-N,Cn1cnc(CN2C(=O)NC(Nc3cc4cn(C)nc4cc3Cl)N(Cc3cc(F)c(F)cc3F)C2=O)n1,O=C1NC(Nc2ccc3n[nH]cc3c2)N(Cc2ccccc2)C(=O)N1Cc1nc[nH]n1,9.0,sars2_3cl,coronaviral,Ki,533.9020000000002,0.18478260869565216,False,False,False,False
WUAVDHDGCGFLRX-UHFFFAOYSA-N,O=C1OCCN1C(=O)C(Cc1ccccc1)Sc1nc2cc(Cl)ccc2n1Cc1ccccc1,O=C1OCCN1C(=O)C(Cc1ccccc1)Sc1nc2ccccc2n1Cc1ccccc1,4.573488738635425,sars2_3cl,coronaviral,IC50,492.00000000000017,0.2289156626506024,False,False,False,False
WUBKCPHJCHQJTP-BQFCYCMXSA-N,O=C[C@H](C[C@@H]1CCNC1=O)NC(=O)[C@H](CC1CC1)NC(=O)c1cc2ccccc2[nH]1,O=C(NC(CC1CC1)C(=O)NCCC1CCNC1=O)c1cc2ccccc2[nH]1,7.275724130399211,sars2_3cl,coronaviral,IC50,410.4740000000001,0.2111111111111111,False,False,False,False
WUDUXUAAPPLNQJ-PDWCTOEPSA-N,CC(C)(C)[C@H](NC(=O)C(F)(F)F)C(=O)N1C[C@H](OC(F)(F)F)C[C@H]1C(=O)N[C@H](C#N)C[C@@H]1CCNC1=O,O=C1NCCC1CCNC(=O)C1CCCN1,9.148741651280925,sars2_3cl,coronaviral,Ki,543.4650000000003,0.17647058823529413,False,False,False,False
WUFNYTJVPNYFBX-ZUFXTUFISA-N,CC1(C)[C@@H]2[C@@H](C(=O)N[C@H](C=O)C[C@@H]3CCNC3=O)N(C(=O)COc3ccc(Cl)c(Cl)c3)C[C@@H]21,O=C1NCCC1CCNC(=O)C1C2CC2CN1C(=O)COc1ccccc1,7.906578314837764,sars2_3cl,coronaviral,IC50,496.3910000000002,0.24175824175824176,False,False,False,False
WUHIPFMRMCQKEY-VYCPFJESSA-N,CC(C)C[C@H](NC(=O)[C@H](Cc1ccc(F)cc1)NC(=O)OCc1ccccc1)C(=O)NC(C=O)CCF,O=C(NCCc1ccccc1)OCc1ccccc1,6.199998172182031,sars2_3cl,coronaviral,IC50,517.5730000000003,0.25925925925925924,False,False,False,False
WUIAGQXPQZVZST-KTQPIVTQSA-N,CC1(C)COC(=O)[C@@H]2C[C@@H](C[C@@H](C#N)NC(=O)[C@@H]3[C@@H]4[C@H](CN3C(=O)[C@H]1NC(=O)OC1CC1)C4(C)C)C(=O)N2,O=C(NC1CCOC(=O)C2CC(CCNC(=O)C3C4CC4CN3C1=O)C(=O)N2)OC1CC1,7.769551078621726,sars2_3cl,coronaviral,IC50,529.5940000000003,0.1650485436893204,False,False,False,False
WUKOFKVFVKFOQQ-OXVAQWQNSA-N,CC(C)C[C@H](NC(=O)OC[C@@H]1CCC(=O)N1Cc1cccc(F)c1)C(=O)N[C@@H](C[C@@H]1CCNC1=O)C(O)S(=O)(=O)O,O=C(CNC(=O)OCC1CCC(=O)N1Cc1ccccc1)NCCC1CCNC1=O,6.795880017344075,sars2_3cl,coronaviral,IC50,600.6660000000003,0.30434782608695654,False,False,False,False
WUMUSTXWZPBYJT-DBPFZQCZSA-N,CC(C)(C)[C@H](NC(=O)COc1ccc(F)cc1)C(=O)N1C[C@H]2[C@@H]([C@H]1C(=O)N[C@H](C#N)C[C@@H]1CCNC1=O)C2(C)C,O=C(COc1ccccc1)NCC(=O)N1CC2CC2C1C(=O)NCCC1CCNC1=O,8.154901959985743,sars2_3cl,coronaviral,Ki,555.6510000000002,0.19607843137254902,False,False,False,False
WVCBNUTYVOLXDN-JTKKLOFZSA-N,CC(=O)N[C@H](C(=O)N[C@H](C(=O)N[C@@H](CC(C)C)C(=O)N[C@@H](C[C@@H]1CCNC1=O)C(=O)Cn1[nH]c(=O)c2ccccc2c1=O)C(C)OCc1ccccc1)C(C)C,O=C(CCOCc1ccccc1)NCC(=O)NC(CC1CCNC1=O)C(=O)Cn1[nH]c(=O)c2ccccc2c1=O,5.568636235841012,sars2_3cl,coronaviral,IC50,775.9040000000002,0.18867924528301888,False,False,False,False
WVDFVEQHSWMZPI-RPBOFIJWSA-N,O=C(N[C@H]1CCCC[C@H]1Nc1c(C(=O)N2CCOCC2)cc(C2CC2)cc1[N+](=O)[O-])c1cc(=O)[nH]c2ccccc12,O=C(NC1CCCCC1Nc1ccc(C2CC2)cc1C(=O)N1CCOCC1)c1cc(=O)[nH]c2ccccc12,8.017728766960431,sars2_3cl,coronaviral,IC50,559.6230000000004,0.24719101123595505,False,False,False,False
WVXFUFQTNVWHME-RBISFHTESA-N,C[C@H](NC(=O)[C@@H](c1cccnc1)N(C(=O)c1ccco1)c1ccc(-n2cccc2)cc1)c1ccccc1,O=C(NCc1ccccc1)C(c1cccnc1)N(C(=O)c1ccco1)c1ccc(-n2cccc2)cc1,6.026872146400301,sars2_3cl,coronaviral,IC50,490.56300000000016,0.23376623376623376,False,False,False,False
WVXFUFQTNVWHME-XYXHBKGXSA-N,C[C@H](NC(=O)C(c1cccnc1)N(C(=O)c1ccco1)c1ccc(-n2cccc2)cc1)c1ccccc1,O=C(NCc1ccccc1)C(c1cccnc1)N(C(=O)c1ccco1)c1ccc(-n2cccc2)cc1,6.026872146400301,sars2_3cl,coronaviral,IC50,490.56300000000016,0.23376623376623376,False,False,False,False
WVYAWTPBTNQNHW-TYXVVTFGSA-N,CC[C@H](C)[C@H](NC(=O)C(F)(F)C(F)(F)F)C(=O)N1C[C@@H]2CCC[C@@H]2[C@H]1C(=O)NN(C[C@@H]1CCNC1=O)C(=O)[C@H](F)Cl,O=C1NCCC1CNNC(=O)C1NCC2CCCC21,8.221848749616356,sars2_3cl,coronaviral,IC50,619.9910000000003,0.17,False,False,False,False
WVYNDXWJAOOXTA-NSHDSACASA-N,COc1ccc2nccc(C(=O)NCC(=O)N3CC(F)(F)C[C@H]3C#N)c2c1,O=C(NCC(=O)N1CCCC1)c1ccnc2ccccc12,8.045757490560675,sars2_3cl,coronaviral,IC50,374.34700000000004,0.2619047619047619,False,False,False,False
WWEGTMZWWHKMGY-ZQIUZPCESA-N,O=C[C@H](C[C@@H]1CCNC1=O)NC(=O)[C@@H]1CC(F)(F)CN1C(=O)c1cc2ccccc2[nH]1,O=C1NCCC1CCNC(=O)C1CCCN1C(=O)c1cc2ccccc2[nH]1,7.0,sars2_3cl,coronaviral,IC50,432.4270000000002,0.23595505617977527,False,False,False,False
WWGRMKHDNYYATC-JFAOBLJGSA-N,O=C1NCC[C@H]1C[C@H](NC(=O)[C@@H]1[C@H]2CCC[C@H]2CN1C(=O)COc1ccc(Cl)cc1Cl)C(=O)CF,O=C1NCCC1CCNC(=O)C1C2CCCC2CN1C(=O)COc1ccccc1,7.7447274948966935,sars2_3cl,coronaviral,IC50,528.4080000000002,0.25,False,False,False,False
WWIMGROBCXMNMC-UHFFFAOYSA-N,O=c1[nH]cccc1-c1cn(-c2cc(Cl)cc(OCc3ccccc3Cl)c2)c(=O)n(-c2cccnc2)c1=O,O=c1[nH]cccc1-c1cn(-c2cccc(OCc3ccccc3)c2)c(=O)n(-c2cccnc2)c1=O,8.045757490560675,sars2_3cl,coronaviral,IC50,533.3710000000002,0.1839080459770115,False,False,False,False
WWQVFMMAZJYYHD-BZSNNMDCSA-N,O=C[C@H](C[C@@H]1CCNC1=O)NC(=O)[C@@H]1CC2(CC2)CN1C(=O)OCc1ccccc1,O=C1NCCC1CCNC(=O)C1CC2(CC2)CN1C(=O)OCc1ccccc1,6.180456064458131,sars2_3cl,coronaviral,EC50,413.47400000000016,0.2159090909090909,False,False,False,False
WWQVFMMAZJYYHD-BZSNNMDCSA-N,O=C[C@H](C[C@@H]1CCNC1=O)NC(=O)[C@@H]1CC2(CC2)CN1C(=O)OCc1ccccc1,O=C1NCCC1CCNC(=O)C1CC2(CC2)CN1C(=O)OCc1ccccc1,7.6020599913279625,sars2_3cl,coronaviral,IC50,413.47400000000016,0.2159090909090909,False,False,False,False
WWTGAXOPYHRLCU-PILWDZAYSA-N,CC1(C)[C@@H]2[C@@H](C(=O)N[C@H](C=O)C[C@@H]3CCNC3=O)N(C(=O)COc3cccc(C(F)(F)F)c3)C[C@@H]21,O=C1NCCC1CCNC(=O)C1C2CC2CN1C(=O)COc1ccccc1,7.363512103646634,sars2_3cl,coronaviral,IC50,495.49800000000016,0.23232323232323232,False,False,False,False
WWUISZRKVFYSNP-UHFFFAOYSA-N,OCC1Cc2c(-c3ccc(F)cn3)cccc2-c2c(O)ccc(-c3ccc(Br)cc3)c21,c1ccc(-c2cccc3c2CCc2c(-c4ccccn4)cccc2-3)cc1,5.268411234813261,sars2_3cl,coronaviral,IC50,476.3450000000001,0.16279069767441862,False,False,False,False
WWUWUKRMJOMKLE-YNTUMEFWSA-N,CC(C)C[C@H](NC(=O)OC1CC2(CCN(C#N)CC2)C1)C(=O)N[C@@H](C[C@H]1CCNC1=O)C(=O)C(O)S(=O)(=O)O,O=C(CNC(=O)OC1CC2(CCNCC2)C1)NCCC1CCNC1=O,6.4089353929735005,sars2_3cl,coronaviral,IC50,571.6530000000004,0.1724137931034483,False,False,False,False
WXKLMISSDGJRLF-UHFFFAOYSA-N,CC(=O)OCC1Cc2c(-c3ccccn3)cccc2-c2c(O)ccc(-c3ccc(Br)cc3)c21,c1ccc(-c2cccc3c2CCc2c(-c4ccccn4)cccc2-3)cc1,5.1911141326401875,sars2_3cl,coronaviral,IC50,500.3920000000002,0.2391304347826087,False,False,False,False
WXNDVGLKVSXBHK-FGZHOGPDSA-N,COC[C@@H](NC(=O)C1CCC(F)(F)CC1)C(=O)N[C@H](Cc1ccccc1)C(=O)C(=O)NCc1ccccn1,O=C(CNC(=O)C1CCCCC1)NC(Cc1ccccc1)C(=O)C(=O)NCc1ccccn1,7.769551078621726,sars2_3cl,coronaviral,IC50,530.5720000000001,0.24096385542168675,False,False,False,False
WXQNOZLFQCDQBD-OAQYLSRUSA-N,O=C(CNC(=O)c1ccccc1)N[C@H](Cc1ccccc1)C(=O)C(=O)NCc1ccccn1,O=C(CNC(=O)c1ccccc1)NC(Cc1ccccc1)C(=O)C(=O)NCc1ccccn1,6.850472986245652,sars2_3cl,coronaviral,IC50,444.4910000000002,0.3225806451612903,False,False,False,False
WXUXKYHKISGJIL-AEZSYLOTSA-N,CC(C)C[C@H](NC(=O)OC1CC2CCC(C1)N2C(=O)OCc1ccccc1)C(=O)N[C@@H](C[C@H]1CCNC1=O)C(O)S(=O)(=O)O,O=C(CNC(=O)OC1CC2CCC(C1)N2C(=O)OCc1ccccc1)NCCC1CCNC1=O,6.431798275933005,sars2_3cl,coronaviral,IC50,638.7400000000005,0.18518518518518517,False,False,False,False
WYDGCJTUSQAGJG-UHFFFAOYSA-N,C=C(CC)C(=O)c1ccc(OCC(=O)NC(=O)OC(C)(C)C(N)=O)c(Cl)c1Cl,c1ccccc1,4.33913452199613,sars2_3cl,coronaviral,Ki,431.27200000000016,0.225,False,True,False,True
WYDYFAZFMGEORI-FMCGGJTJSA-N,CC(C)=CCc1cc(/C=C2\OC(=O)C(c3cc4c(cc3O)OC(C)(C)CC4)=C2O)ccc1O,O=C1OC(=Cc2ccccc2)C=C1c1ccc2c(c1)CCCO2,4.987162775294828,sars2_3cl,coronaviral,IC50,448.5150000000002,0.16091954022988506,False,False,False,False
WYIHDEKZVFHRCI-PMYIEUMKSA-N,N#C[C@@H]1C[C@@]2(CN1C(=O)[C@H](CSCc1ccccc1)NC(=O)[C@@H](NC(=O)C(F)(F)F)C1CC1)C(=O)Nc1ccccc12,O=C(CC1CC1)NC(CSCc1ccccc1)C(=O)N1CCC2(C1)C(=O)Nc1ccccc12,6.525783735923745,sars2_3cl,coronaviral,IC50,599.6350000000002,0.20952380952380953,False,False,False,False
WZBUVKGUABINJT-ZVHZXABRSA-N,Cc1c(NC(=S)N/N=C/c2ccc(-c3ccc([N+](=O)[O-])cc3)o2)c(=O)n(-c2ccccc2)n1C,O=c1c(NC(=S)NN=Cc2ccc(-c3ccccc3)o2)c[nH]n1-c1ccccc1,4.96818772866963,sars2_3cl,coronaviral,IC50,476.51800000000026,0.14893617021276595,False,False,False,False
WZGRROWMZSNIGX-IHOKFDBFSA-N,C#CCC(=O)N(c1ccc(-c2ccccc2)cc1)C(C(=O)N[C@@H](C)c1ccccc1)c1cccnc1,O=C(NCc1ccccc1)C(Nc1ccc(-c2ccccc2)cc1)c1cccnc1,5.334419008982047,sars2_3cl,coronaviral,IC50,473.5760000000002,0.2571428571428571,False,False,False,False
WZJTVQBEYQHQTD-UHFFFAOYSA-N,NC(=O)c1ccc2c(c1)C(=O)C(=O)N2Cc1cn(Cc2ccc(S(N)(=O)=O)cc2)nn1,O=C1C(=O)N(Cc2cn(Cc3ccccc3)nn2)c2ccccc21,5.950781977329818,sars2_3cl,coronaviral,IC50,440.4410000000001,0.20238095238095238,False,False,False,False
WZJYVJHLXCYWFV-IIMRUNLGSA-N,CC(C)C[C@H](NC(=O)OCC1CC2C=CC1C2)C(=O)N[C@@H](C[C@H]1CCNC1=O)C(O)S(=O)(=O)O,O=C(CNC(=O)OCC1CC2C=CC1C2)NCCC1CCNC1=O,6.552841968657781,sars2_3cl,coronaviral,IC50,501.6020000000002,0.18181818181818182,False,False,False,False
WZNKVFJLWZGOFG-UHFFFAOYSA-N,O=C(Oc1cncc(Cl)c1)c1ccccc1F,O=C(Oc1cccnc1)c1ccccc1,7.586700235918748,sars2_3cl,coronaviral,IC50,251.644,0.22807017543859648,False,False,False,False
WZUVPPKBWHMQCE-XJKSGUPXSA-N,Oc1cc2c(cc1O)[C@@H]1c3ccc(O)c(O)c3OC[C@]1(O)C2,c1ccc2c(c1)CC1COc3ccccc3C21,6.657577319177793,sars2_3cl,coronaviral,IC50,302.2820000000001,0.15942028985507245,False,False,False,False
WZWVUDSABWSDFK-UHFFFAOYSA-N,Cn1cnc(Cn2c(=O)nc(Nc3cc4cn(C)nc4cc3Cl)n(Cc3cc(F)c(F)c(F)c3)c2=O)n1,O=c1nc(Nc2ccc3n[nH]cc3c2)n(Cc2ccccc2)c(=O)n1Cc1nc[nH]n1,8.0,sars2_3cl,coronaviral,IC50,531.8860000000001,0.19318181818181818,False,False,False,False
XAAUOSGFCRLDMO-YEJHYDRUSA-N,CC(C)C[C@H](NC(=O)OCC1CC(=O)N(Cc2cccc(C(F)(F)F)c2)C1)C(=O)N[C@@H](C[C@@H]1CCNC1=O)C(O)S(=O)(=O)O,O=C(CNC(=O)OCC1CC(=O)N(Cc2ccccc2)C1)NCCC1CCNC1=O,6.455931955649724,sars2_3cl,coronaviral,IC50,650.6730000000003,0.25742574257425743,False,False,False,False
XAEXHZPHGIGRMB-ZZXKWVIFSA-N,O=C(/C=C/c1cc(O)c(O)c(O)c1Cl)c1ccc(F)cc1,O=C(C=Cc1ccccc1)c1ccccc1,6.367340286706087,sars2_3cl,coronaviral,IC50,308.692,0.19642857142857142,False,False,False,False
XAGFYNSCWICYPA-UHFFFAOYSA-N,CNC(=O)c1ccc(N)cc1,c1ccccc1,7.468521082957745,sars2_3cl,coronaviral,IC50,150.181,0.3157894736842105,False,True,False,True
XAGVUVLRKSMPAA-UHFFFAOYSA-N,CNC(=O)Cn1c(=O)[nH]/c(=N\c2cc3cn(C)nc3cc2Cl)n(Cc2cc(F)c(F)c(F)c2)c1=O,O=c1[nH]c(=O)n(Cc2ccccc2)c(=Nc2ccc3n[nH]cc3c2)[nH]1,7.017728766960431,sars2_3cl,coronaviral,IC50,507.8600000000002,0.2,False,False,False,False
XAKMNISRDIXWHA-FQEVSTJZSA-N,COc1ccncc1C(=O)N1CCN(c2ccc(Cl)c(Cl)c2)[C@H](C(=O)NCc2cccs2)C1,O=C(NCc1cccs1)C1CN(C(=O)c2cccnc2)CCN1c1ccccc1,6.723665891943903,sars2_3cl,coronaviral,IC50,505.42700000000025,0.29545454545454547,False,False,False,False
XBHHKPDPPHABEV-VOTSOKGWSA-N,O=C(/C=C/c1c(Cl)c(O)c(O)c(O)c1Cl)c1ccccc1,O=C(C=Cc1ccccc1)c1ccccc1,6.845271792559844,sars2_3cl,coronaviral,IC50,325.14700000000005,0.23529411764705882,False,False,False,False
XBVPAGLILYEOGS-UHFFFAOYSA-N,C=CCn1ccc2c(C(=O)Oc3cncc(Cl)c3)cccc21,O=C(Oc1cccnc1)c1cccc2[nH]ccc12,7.154901959985743,sars2_3cl,coronaviral,IC50,312.75600000000003,0.22666666666666666,False,False,False,False
XBVPAGLILYEOGS-UHFFFAOYSA-N,C=CCn1ccc2c(C(=O)Oc3cncc(Cl)c3)cccc21,O=C(Oc1cccnc1)c1cccc2[nH]ccc12,7.136677139879544,sars2_3cl,coronaviral,Ki,312.75600000000003,0.22666666666666666,False,False,False,False
XCNQKMHHZNPJGL-UHFFFAOYSA-N,O=C(Cn1sc2cc(F)ccc2c1=O)NC1CCCC1,O=C(Cn1sc2ccccc2c1=O)NC1CCCC1,6.3979400086720375,sars2_3cl,coronaviral,IC50,294.3510000000001,0.3442622950819672,False,False,False,False
XCVKCJZJQUOLGN-UHFFFAOYSA-N,O=C(CC1C(=O)NCCN1C(=O)CCl)Nc1cccc(Cl)c1,O=C(CC1NCCNC1=O)Nc1ccccc1,5.070581074285707,sars2_3cl,coronaviral,IC50,344.198,0.26666666666666666,False,False,False,False
XDCPJVCUZBKMDK-UHFFFAOYSA-N,O=c1c2ccccc2[se]n1Cc1cccnc1,O=c1c2ccccc2[se]n1Cc1cccnc1,6.338187314462739,sars2_3cl,coronaviral,IC50,289.19599999999997,0.25,False,False,False,False
XDONYKQHYQCNSU-LKGZUJRASA-N,CC1(C)[C@@H]2[C@@H](C(=O)N[C@H](C=O)C[C@@H]3CCNC3=O)N(C(=O)CNc3ccc(Cl)cc3)C[C@@H]21,O=C1NCCC1CCNC(=O)C1C2CC2CN1C(=O)CNc1ccccc1,6.004364805402449,sars2_3cl,coronaviral,IC50,460.9620000000001,0.20652173913043478,False,False,False,False
XDSIVSTWQPHZJW-KKFDQILXSA-N,CC(C)(C)[C@H](NC(=O)c1ccccc1)C(=O)N1C[C@H]2[C@@H]([C@H]1C(=O)N[C@H](C#N)C[C@@H]1CCNC1=O)C2(C)C,O=C(NCC(=O)N1CC2CC2C1C(=O)NCCC1CCNC1=O)c1ccccc1,7.432973633840939,sars2_3cl,coronaviral,Ki,507.63500000000033,0.20833333333333334,False,False,False,False
XDVKSDLASKCDOM-DEOSSOPVSA-N,CN(C(=O)[C@H](Cc1ccccc1)NC(=O)OCc1ccccc1)N(C#N)Cc1ccc(Br)c(Cl)c1,O=C(NC(Cc1ccccc1)C(=O)NNCc1ccccc1)OCc1ccccc1,6.71669877129645,sars2_3cl,coronaviral,IC50,555.8600000000001,0.1951219512195122,False,False,False,False
XEBVSPBIKOLYKS-UHFFFAOYSA-N,Cc1ccc(C(=O)n2c(C)nc3cc4c(cc32)OCCO4)cc1,O=C(c1ccccc1)n1cnc2cc3c(cc21)OCCO3,5.127469438986887,sars2_3cl,coronaviral,IC50,308.33700000000005,0.22857142857142856,False,False,False,False
XEDWWPGWIXPVRQ-UHFFFAOYSA-N,O=C(c1cc(O)c(O)c(O)c1)c1ccc(O)c(O)c1O,O=C(c1ccccc1)c1ccccc1,5.3585258894959,sars2_3cl,coronaviral,IC50,278.216,0.1836734693877551,False,False,False,False
XEECFZSCCBXVAE-GINZOMEDSA-N,CC1(C)[C@@H]2[C@@H](C(=O)N[C@H](C#N)C[C@@H]3CCNC3=O)N(C(=O)[C@@H](NC(=O)C(F)(F)F)c3ccc(Cl)c(Cl)c3)C[C@@H]21,O=C1NCCC1CCNC(=O)C1C2CC2CN1C(=O)Cc1ccccc1,7.6020599913279625,sars2_3cl,coronaviral,IC50,588.414,0.2631578947368421,False,False,False,False
XEEKYKFKYQHQRS-ANMXJASRSA-N,CC(C)c1ccc(Cl)c2[nH]c(C(=O)N3C[C@H]4[C@@H]([C@H]3C(=O)N[C@H](C=O)C[C@@H]3CCNC3=O)C4(C)C)cc12,O=C1NCCC1CCNC(=O)C1C2CC2CN1C(=O)c1cc2ccccc2[nH]1,7.394694953858891,sars2_3cl,coronaviral,IC50,513.0380000000002,0.20408163265306123,False,False,False,False
XEJUYBJCYVOVBW-FDHIEQCDSA-N,CC(C)C[C@H](NC(=O)OC1CC2CCC(C1)N2C(=O)OCc1ccccc1)C(=O)N[C@H](C=O)C[C@H]1CCNC1=O,O=C(CNC(=O)OC1CC2CCC(C1)N2C(=O)OCc1ccccc1)NCCC1CCNC1=O,6.4089353929735005,sars2_3cl,coronaviral,IC50,556.6600000000002,0.19230769230769232,False,False,False,False
XEPIMNAFLOXIEZ-KIFLDFMFSA-N,CC1(C)[C@@H]2[C@@H](C(=O)N[C@H](C=O)C[C@@H]3CCNC3=O)N(C(=O)COc3cc(F)cc(F)c3)C[C@@H]21,O=C1NCCC1CCNC(=O)C1C2CC2CN1C(=O)COc1ccccc1,7.732828271596986,sars2_3cl,coronaviral,IC50,463.48100000000017,0.20652173913043478,False,False,False,False
XETHJOZXBVWLLM-HCAFVXMDSA-N,CC(C)=CC[C@@]12Oc3cc(O)c([C@H]4C=C(C)C[C@H](c5ccc(O)cc5O)[C@H]4C(=O)c4ccc(O)cc4O)c(O)c3C(=O)[C@]1(O)Oc1cc(O)ccc12,O=C1c2cc(C3C=CCC(c4ccccc4)C3C(=O)c3ccccc3)ccc2OC2c3ccccc3OC12,5.173925197299173,sars2_3cl,coronaviral,IC50,708.7160000000002,0.14563106796116504,False,False,False,False
XETHJOZXBVWLLM-HUKCQOFTSA-N,CC(C)=CC[C@]12Oc3cc(O)c([C@H]4C=C(C)C[C@H](c5ccc(O)cc5O)[C@H]4C(=O)c4ccc(O)cc4O)c(O)c3C(=O)[C@@]1(O)Oc1cc(O)ccc12,O=C1c2cc(C3C=CCC(c4ccccc4)C3C(=O)c3ccccc3)ccc2OC2c3ccccc3OC12,5.142667503568731,sars2_3cl,coronaviral,IC50,708.7160000000002,0.14563106796116504,False,False,False,False
XETHJOZXBVWLLM-UHFFFAOYSA-N,CC(C)=CCC12Oc3cc(O)c(C4C=C(C)CC(c5ccc(O)cc5O)C4C(=O)c4ccc(O)cc4O)c(O)c3C(=O)C1(O)Oc1cc(O)ccc12,O=C1c2cc(C3C=CCC(c4ccccc4)C3C(=O)c3ccccc3)ccc2OC2c3ccccc3OC12,4.856985199745905,sars2_3cl,coronaviral,IC50,708.7160000000002,0.14563106796116504,False,False,False,False
XFAMOJJDVXPZSE-JOCHJYFZSA-N,Cc1ccc(OCCN(C)C)cc1C(=O)N[C@H](C)c1cc(-c2cnn(C(C)C)c2)cc(-c2ccn(C)n2)c1,O=C(NCc1cc(-c2cn[nH]c2)cc(-c2cc[nH]n2)c1)c1ccccc1,6.958607314841775,sars2_3cl,coronaviral,IC50,514.6740000000003,0.21348314606741572,False,False,False,False
XFFOMNJIDRDDLQ-UHFFFAOYSA-N,CC(C)=CCc1c(-c2ccc(O)cc2O)oc2c3c(cc(O)c2c1=O)OC(C)(C)C=C3,O=c1cc(-c2ccccc2)oc2c3c(ccc12)OCC=C3,4.474955192963154,sars2_3cl,coronaviral,IC50,420.4610000000002,0.14444444444444443,False,False,False,False
XFPBDGWRYNWCMC-XEIWIBFFSA-N,CC1(C)[C@@H]2[C@@H](C(=O)N[C@H](C=O)C[C@@H]3CCNC3=O)N(C(=O)c3cc4cccc(C#N)c4[nH]3)C[C@@H]21,O=C1NCCC1CCNC(=O)C1C2CC2CN1C(=O)c1cc2ccccc2[nH]1,7.698970004336019,sars2_3cl,coronaviral,IC50,461.52200000000016,0.21428571428571427,False,False,False,False
XFWBKBUYAXKUMU-UHFFFAOYSA-N,Nc1ccc2sn(CC(=O)Nc3ccccc3)c(=O)c2c1,O=C(Cn1sc2ccccc2c1=O)Nc1ccccc1,6.380906669373257,sars2_3cl,coronaviral,IC50,299.35500000000013,0.24528301886792453,False,False,False,False
XHBMGEYVEVFGTE-FXNCLBFNSA-N,COC(=O)N[C@H](C(=O)N1CC2(CCCCC2)C[C@H]1C(=O)N[C@@H](CC1CC1(F)F)C(=O)C(=O)NC1CC1)C(C)(C)C,O=C(NC1CC1)C(=O)C(CC1CC1)NC(=O)C1CC2(CCCCC2)CN1,6.449771646944906,sars2_3cl,coronaviral,IC50,568.662,0.19791666666666666,False,False,False,False
XHMGCCSDDIDVLY-KBUCOWLLSA-N,CC(C)(C)NC(=O)N[C@H](C(=O)N1C[C@H]2[C@@H]([C@H]1C(=O)N[C@H](C[C@@H]1CCNC1=O)C(=O)C(N)=O)C2(C)C)C(C)(C)C,O=C1NCCC1CCNC(=O)C1NCC2CC21,7.920818753952375,sars2_3cl,coronaviral,IC50,548.6850000000003,0.18,False,False,False,False
XHMGCCSDDIDVLY-QQPKDZIPSA-N,CC(C)(C)NC(=O)N[C@H](C(=O)N1C[C@H]2[C@@H]([C@H]1C(=O)N[C@@H](C[C@@H]1CCNC1=O)C(=O)C(N)=O)C2(C)C)C(C)(C)C,O=C1NCCC1CCNC(=O)C1NCC2CC21,7.717076090663241,sars2_3cl,coronaviral,IC50,548.6850000000003,0.18,False,False,False,False
XHMJMEFLSUDOEF-MVVNUAPSSA-N,O=C(O)C1=C(C(=O)N(Cc2ccccc2)Cc2ccccc2)CN2C[C@H](NC(=O)[C@H](C[C@@H]3CCNC3=O)NC(=O)[C@H](Cc3ccccc3)NC(=O)c3cc4ccccc4[nH]3)C(=O)N12,O=C(NC(Cc1ccccc1)C(=O)NC(CC1CCNC1=O)C(=O)NC1CN2CC(C(=O)N(Cc3ccccc3)Cc3ccccc3)=CN2C1=O)c1cc2ccccc2[nH]1,3.787812395596042,sars2_3cl,coronaviral,IC50,850.9330000000001,0.16964285714285715,False,False,False,False
XHQLXTMPSYSNTB-OMCISZLKSA-N,NC(=S)N/N=C/c1ccc(-c2ccc(Cl)c(C(=O)O)c2)o1,c1ccc(-c2ccco2)cc1,4.595337299126278,sars2_3cl,coronaviral,IC50,323.7610000000001,0.1864406779661017,False,False,False,False
XHRKCBCIKRRVRX-VNHYZAJKSA-N,COC(=O)[C@@H]1N2C(=O)[C@@H](NC(=O)COc3ccccc3)[C@H]2S(=O)(=O)C1(C)C,O=C(COc1ccccc1)NC1C(=O)N2CCS(=O)(=O)C12,5.102372908709558,sars2_3cl,coronaviral,IC50,396.4210000000001,0.21052631578947367,False,False,False,False
XHWLSZIPRUJMBX-BZWCRFLISA-N,CC(C)C[C@@H](C(=O)N1C[C@]2(C[C@H]1C#N)C(=O)Nc1ccccc12)N(C)C(=O)c1[nH]c2ccc(F)cc2c1Cl,O=C(NCC(=O)N1CCC2(C1)C(=O)Nc1ccccc12)c1cc2ccccc2[nH]1,6.259637310505756,sars2_3cl,coronaviral,IC50,536.0070000000002,0.18811881188118812,False,False,False,False
XHWLSZIPRUJMBX-UPFMEYJVSA-N,CC(C)C[C@@H](C(=O)N1C[C@]2(CC1C#N)C(=O)Nc1ccccc12)N(C)C(=O)c1[nH]c2ccc(F)cc2c1Cl,O=C(NCC(=O)N1CCC2(C1)C(=O)Nc1ccccc12)c1cc2ccccc2[nH]1,6.259637310505756,sars2_3cl,coronaviral,IC50,536.0070000000002,0.18811881188118812,False,False,False,False
XIOGSZSUVYVIBG-UHFFFAOYSA-N,CSc1nc2ccc(Cl)cc2n1C(=O)c1ccc(C)cc1,O=C(c1ccccc1)n1cnc2ccccc21,6.31030780460169,sars2_3cl,coronaviral,IC50,316.81300000000005,0.20930232558139536,False,False,False,False
XJHSMQIHXBJEEW-VVWMOPMMSA-N,CC(C)(C)CC(=O)N[C@H](C(=O)N1C[C@H]2[C@@H]([C@H]1C(=O)N[C@@H](C[C@@H]1CCNC1=O)C(=O)C(N)=O)C2(C)C)C(C)(C)C,O=C1NCCC1CCNC(=O)C1NCC2CC21,5.113509274827518,sars2_3cl,coronaviral,EC50,547.6970000000002,0.21212121212121213,False,False,False,False
XJHSMQIHXBJEEW-VVWMOPMMSA-N,CC(C)(C)CC(=O)N[C@H](C(=O)N1C[C@H]2[C@@H]([C@H]1C(=O)N[C@@H](C[C@@H]1CCNC1=O)C(=O)C(N)=O)C2(C)C)C(C)(C)C,O=C1NCCC1CCNC(=O)C1NCC2CC21,6.823908740944319,sars2_3cl,coronaviral,IC50,547.6970000000002,0.21212121212121213,False,False,False,False
XJLZXUAMAOFTAO-LCXINAFSSA-N,CC(C)C[C@H](NC(=O)[C@@H](NC(=O)CCc1ccccc1)C(C)C)C(=O)N[C@H](C=O)C[C@@H]1CCCNC1=O,O=C(CCc1ccccc1)NCC(=O)NCC(=O)NCCC1CCCNC1=O,6.701146923590294,sars2_3cl,coronaviral,IC50,514.6670000000003,0.20618556701030927,False,False,False,False
XJNFFDONFPGFOJ-VWLOTQADSA-N,CN1C(=O)[C@H](Cc2ccccc2)N(C(=O)COc2ccc(Cl)cc2Cl)CCCOc2c(Cl)cccc2CN1C#N,O=C1NNCc2ccccc2OCCCN(C(=O)COc2ccccc2)C1Cc1ccccc1,7.42021640338319,sars2_3cl,coronaviral,IC50,601.918,0.25263157894736843,False,False,False,False
XJNFFDONFPGFOJ-VWLOTQADSA-N,CN1C(=O)[C@H](Cc2ccccc2)N(C(=O)COc2ccc(Cl)cc2Cl)CCCOc2c(Cl)cccc2CN1C#N,O=C1NNCc2ccccc2OCCCN(C(=O)COc2ccccc2)C1Cc1ccccc1,7.5718652059712115,sars2_3cl,coronaviral,Ki,601.918,0.25263157894736843,False,False,False,False
XJUBLMWJXZMNRF-DEOSSOPVSA-N,CN(C(=O)[C@H](Cc1ccccc1)NC(=O)OCc1ccccc1)N(C#N)Cc1ccc(F)cc1,O=C(NC(Cc1ccccc1)C(=O)NNCc1ccccc1)OCc1ccccc1,6.531652669587842,sars2_3cl,coronaviral,IC50,460.5090000000001,0.2564102564102564,False,False,False,False
XJZCPGFRAQGTOH-AHTKWCMKSA-N,O=C[C@H](C[C@@H]1CCNC1=O)NC(=O)C1CC2(CCCCC2)CN1C(=O)OCc1ccccc1,O=C1NCCC1CCNC(=O)C1CC2(CCCCC2)CN1C(=O)OCc1ccccc1,7.070581074285707,sars2_3cl,coronaviral,EC50,455.5550000000003,0.2087912087912088,False,False,False,False
XJZCPGFRAQGTOH-AHTKWCMKSA-N,O=C[C@H](C[C@@H]1CCNC1=O)NC(=O)C1CC2(CCCCC2)CN1C(=O)OCc1ccccc1,O=C1NCCC1CCNC(=O)C1CC2(CCCCC2)CN1C(=O)OCc1ccccc1,7.309803919971486,sars2_3cl,coronaviral,IC50,455.5550000000003,0.2087912087912088,False,False,False,False
XKFZYVWWXHCHIX-UHFFFAOYSA-N,Oc1c(I)cc(I)c(O)c1I,c1ccccc1,6.481486060122112,sars2_3cl,coronaviral,IC50,487.8,0.11627906976744186,False,True,False,True
XLZQYKFQFDRYCG-ACOOPHAKSA-N,C[C@@H](NC(=O)[C@@H]1C[C@@H]2[C@H](C1)C2(F)F)C(=O)N[C@H](Cc1ccccc1)C(=O)C(=O)NCc1ccccn1,O=C(CNC(=O)C1CC2CC2C1)NC(Cc1ccccc1)C(=O)C(=O)NCc1ccccn1,7.954677021213342,sars2_3cl,coronaviral,IC50,498.5300000000002,0.22448979591836735,False,False,False,False
XMFWOSZPCRXJEP-GASGPIRDSA-N,O[C@@H]([C@H](O)[C@H](Cc1ccccc1)NCc1ccccc1)[C@H](Cc1ccccc1)NCc1ccccc1,c1ccc(CNC(CCC(Cc2ccccc2)NCc2ccccc2)Cc2ccccc2)cc1,8.823908740944319,sars2_3cl,coronaviral,Ki,480.6520000000002,0.2033898305084746,False,False,False,False
XMVDTWUKZMEFKE-MUXVVJRASA-N,[2H]C([2H])(OC(=O)N[C@@H](CC(C)C)C(=O)N[C@H](C=O)C[C@H]1CCNC1=O)C1CC2C=CCC(C2)C1,O=C(CNC(=O)OCC1CC2C=CCC(C2)C1)NCCC1CCNC1=O,6.552841968657781,sars2_3cl,coronaviral,IC50,449.5882035560003,0.17475728155339806,False,False,False,False
XMVDTWUKZMEFKE-WDZBCESNSA-N,CC(C)C[C@H](NC(=O)OCC1CC2C=CCC(C2)C1)C(=O)N[C@H](C=O)C[C@H]1CCNC1=O,O=C(CNC(=O)OCC1CC2C=CCC(C2)C1)NCCC1CCNC1=O,6.508638306165727,sars2_3cl,coronaviral,IC50,447.57600000000025,0.1782178217821782,False,False,False,False
XNFAEOQTWWARBK-UHFFFAOYSA-N,Cc1nc(C(=O)N2CCOCC2)c(C(=O)Nc2ccc(Cl)cc2)[nH]1,O=C(Nc1ccccc1)c1[nH]cnc1C(=O)N1CCOCC1,5.319664486585436,sars2_3cl,coronaviral,IC50,348.78999999999996,0.23943661971830985,False,False,False,False
XNFAEOQTWWARBK-UHFFFAOYSA-N,Cc1nc(C(=O)N2CCOCC2)c(C(=O)Nc2ccc(Cl)cc2)[nH]1,O=C(Nc1ccccc1)c1[nH]cnc1C(=O)N1CCOCC1,4.8230410194130915,sars2_3cl,coronaviral,Ki,348.78999999999996,0.23943661971830985,False,False,False,False
XNTQKGNRFXNKEJ-UHFFFAOYSA-N,CC1=C(c2ccccc2)C1C(=O)NC(Cc1ccc(F)cc1)c1nc(-c2ccc(C(F)(F)F)cc2)no1,O=C(NC(Cc1ccccc1)c1nc(-c2ccccc2)no1)C1C=C1c1ccccc1,4.782252926737207,sars2_3cl,coronaviral,IC50,507.48700000000014,0.24705882352941178,False,False,False,False
XNUMKBHURGKYTO-JWSDNSILSA-N,CC(C)C[C@H](NC(=O)OCc1ccccc1)C(=O)N[C@H](/C=C/S(C)(=O)=O)CCC(N)=O,c1ccccc1,4.920818753952375,sars2_3cl,coronaviral,IC50,453.5610000000002,0.2413793103448276,False,True,False,True
XOPZNMANGWUPLN-UHFFFAOYSA-N,O=c1[nH]cc(-c2cc(-c3cccc(Cl)c3)c(=O)n(-c3cccnc3)c2)c(=O)[nH]1,O=c1[nH]cc(-c2cc(-c3ccccc3)c(=O)n(-c3cccnc3)c2)c(=O)[nH]1,5.195179321278838,sars2_3cl,coronaviral,IC50,392.8020000000001,0.19047619047619047,False,False,False,False
XOZLJIRPICWZCP-BQFCYCMXSA-N,CC(C)(C)C[C@H](NC(=O)COC1CCCCC1)C(=O)N[C@H](C#N)C[C@@H]1CCNC1=O,O=C(CNC(=O)COC1CCCCC1)NCCC1CCNC1=O,5.747146969020107,sars2_3cl,coronaviral,Ki,420.5540000000001,0.17525773195876287,False,False,False,False
XPAHWDKLAMIPHK-PAIGMYNKSA-N,CC(C)C[C@H](NC(=O)[C@H](Cc1ccc(F)cc1)NC(=O)OCc1ccccc1)C(=O)NC(C=O)CC1CCCCO1,O=C(CNC(=O)C(Cc1ccccc1)NC(=O)OCc1ccccc1)NCCC1CCCCO1,7.400007822415902,sars2_3cl,coronaviral,IC50,569.6740000000001,0.2696629213483146,False,False,False,False
XPCPWVBFYFKQTO-UHFFFAOYSA-N,CSc1nc2cc3c(cc2n1C(=O)c1ccc(C)cc1)OCO3,O=C(c1ccccc1)n1cnc2cc3c(cc21)OCO3,7.112460684735114,sars2_3cl,coronaviral,IC50,326.37700000000007,0.21621621621621623,False,False,False,False
XQECDPKLDAEYEC-RBTNQOKQSA-N,C[C@H](NC(=O)[C@@H](c1cccnc1)N(C(=O)CCl)c1ccc(-c2ccccc2)cc1)c1ccccc1,O=C(NCc1ccccc1)C(Nc1ccc(-c2ccccc2)cc1)c1cccnc1,7.301029995663981,sars2_3cl,coronaviral,IC50,483.99900000000014,0.2647058823529412,False,False,False,False
XQFMLNUPNCXPRN-UHFFFAOYSA-N,O=C1NC2(CC(c3ccccc3Cl)C2)C(=O)N1c1cncc2ccccc12,O=C1NC2(CC(c3ccccc3)C2)C(=O)N1c1cncc2ccccc12,7.42021640338319,sars2_3cl,coronaviral,Kd,377.8310000000001,0.22988505747126436,False,False,False,False
XQFRNKDWXSQNFD-IJRZEUFGSA-N,[2H]C([2H])(OC(=O)N[C@@H](CC(C)C)C(=O)N[C@@H](C[C@H]1CCNC1=O)C(O)S(=O)(=O)O)C12CC3CC(CC(O)(C3)C1)C2,O=C(CNC(=O)OCC12CC3CC(CC(C3)C1)C2)NCCC1CCNC1=O,6.107905397309519,sars2_3cl,coronaviral,IC50,561.694203556,0.14953271028037382,False,False,False,False
XQFRNKDWXSQNFD-PZFPLHOOSA-N,CC(C)C[C@H](NC(=O)OCC12CC3CC(CC(O)(C3)C1)C2)C(=O)N[C@@H](C[C@H]1CCNC1=O)C(O)S(=O)(=O)O,O=C(CNC(=O)OCC12CC3CC(CC(C3)C1)C2)NCCC1CCNC1=O,5.987162775294828,sars2_3cl,coronaviral,IC50,559.6820000000004,0.1523809523809524,False,False,False,False
XQMQPBAYXGGXEY-LXIYXOSZSA-N,COc1c(F)cc(F)c2[nH]c(C(=O)N[C@@H](CC(C)(C)C)C(=O)N[C@H](C#N)C[C@@H]3CCNC3=O)cc12,O=C(CNC(=O)c1cc2ccccc2[nH]1)NCCC1CCNC1=O,7.6777807052660805,sars2_3cl,coronaviral,Ki,489.5230000000003,0.17582417582417584,False,False,False,False
XQNMIBIMRDZGLC-NYVOZVTQSA-N,COc1cccc2[nH]c(C(=O)N[C@@H](CC(C)C)C(=O)N[C@@H](C[C@@H]3CCCNC3=O)C(=O)COC(=O)C(C)(C)C#N)cc12,O=C(CNC(=O)c1cc2ccccc2[nH]1)NCCC1CCCNC1=O,7.6595558851598815,sars2_3cl,coronaviral,IC50,581.6700000000002,0.21296296296296297,False,False,False,False
XQOQNZBJPFWFOC-UHFFFAOYSA-N,CC1=C(c2ccccc2)C1C(=O)NCc1nc(-c2ccc(C(F)(F)F)cc2)no1,O=C(NCc1nc(-c2ccccc2)no1)C1C=C1c1ccccc1,5.1732774798310075,sars2_3cl,coronaviral,IC50,399.372,0.23376623376623376,False,False,False,False
XQTPLFBEESJXJI-ZUWCUPBKSA-N,CC(C)(C)[C@H](NC(=O)C(F)(F)F)C(=O)N1C[C@H](C(F)(F)F)C[C@H]1C(=O)N[C@H](C#N)C[C@@H]1CCNC1=O,O=C1NCCC1CCNC(=O)C1CCCN1,8.350665141287859,sars2_3cl,coronaviral,Ki,527.4660000000002,0.18181818181818182,False,False,False,False
XREZIAMDGRLMGZ-UHFFFAOYSA-N,O=C(c1cc(=O)[nH]c(=O)[nH]1)N1CCN(c2ccc(Cl)c(Cl)c2)CC1,O=C(c1cc(=O)[nH]c(=O)[nH]1)N1CCN(c2ccccc2)CC1,5.537602002101044,sars2_3cl,coronaviral,Ki,369.2080000000001,0.2318840579710145,False,False,False,False
XRKRFXUUNBJACS-UHFFFAOYSA-N,CC1=C(c2ccccc2)C1C(=O)NC(Cc1ccccc1F)c1nc(-c2ccc(C(F)(F)F)cc2)no1,O=C(NC(Cc1ccccc1)c1nc(-c2ccccc2)no1)C1C=C1c1ccccc1,5.126098402135538,sars2_3cl,coronaviral,IC50,507.48700000000014,0.19318181818181818,False,False,False,False
XRNVSPDQTPVECU-UHFFFAOYSA-N,NCc1ccc(Br)cc1,c1ccccc1,7.346787486224656,sars2_3cl,coronaviral,IC50,186.052,0.17307692307692307,False,True,False,True
XRRPTVIGGXWWAK-UHFFFAOYSA-N,CC(=O)OCC1Cc2c(-c3ccc(C)cn3)cccc2-c2c(O)ccc(-c3ccc(Br)cc3)c21,c1ccc(-c2cccc3c2CCc2c(-c4ccccn4)cccc2-3)cc1,5.279840696594043,sars2_3cl,coronaviral,IC50,514.4190000000002,0.18627450980392157,False,False,False,False
XRSBGCHLABMNAS-BQDGSLJHSA-N,O=C1C[C@H]2Cc3ccccc3N2C(=O)c2cncc(c2)/C=C/CCCCCOC(=O)[C@@H](Cc2ccc(Cl)c(Cl)c2)N1,O=C1CC2Cc3ccccc3N2C(=O)c2cncc(c2)C=CCCCCCOC(=O)C(Cc2ccccc2)N1,7.7447274948966935,sars2_3cl,coronaviral,IC50,592.5230000000004,0.1958762886597938,False,False,False,False
XRUIXDXMKWIHNW-RPBOFIJWSA-N,COc1ccc2[nH]c(=O)cc(C(=O)N[C@H]3CCC[C@H]3Nc3c(C(=O)N4CCOCC4)cc(C4CC4)cc3[N+](=O)[O-])c2c1,O=C(NC1CCCC1Nc1ccc(C2CC2)cc1C(=O)N1CCOCC1)c1cc(=O)[nH]c2ccccc12,7.692503962086787,sars2_3cl,coronaviral,IC50,575.6220000000004,0.22448979591836735,False,False,False,False
XRULMUICSJRRNR-YNTUMEFWSA-N,CC(C)C[C@H](NC(=O)OC1CC2(C1)CN(C(=O)OC(C)(C)C)C2)C(=O)N[C@@H](C[C@H]1CCNC1=O)C(=O)C(O)S(=O)(=O)O,O=C(CNC(=O)OC1CC2(CNC2)C1)NCCC1CCNC1=O,6.070581074285707,sars2_3cl,coronaviral,IC50,618.7060000000006,0.19444444444444445,False,False,False,False
XRVMPTWWKLKLPB-UHFFFAOYSA-N,Cn1nc(-c2ccc(C(F)(F)F)cc2)nc2c(=O)n(C)c(=O)nc1-2,O=c1nc2[nH]nc(-c3ccccc3)nc-2c(=O)[nH]1,6.585026652029182,sars2_3cl,coronaviral,IC50,337.261,0.2,False,False,False,False
XRZNAVIELLVIGS-UHFFFAOYSA-O,O=C(Nc1ccccc1)C1c2cccc[n+]2CC(=O)N1c1ccccc1,O=C(Nc1ccccc1)C1c2cccc[n+]2CC(=O)N1c1ccccc1,5.2839966563652006,sars2_3cl,coronaviral,IC50,344.394,0.22857142857142856,False,False,False,False
XSIOKTWDEOJMGG-UHFFFAOYSA-O,C[n+]1c2cc(N)ccc2cc2ccc(N)cc21,c1ccc2[nH+]c3ccccc3cc2c1,5.277291315117041,sars2_3cl,coronaviral,IC50,224.287,0.16666666666666666,False,False,False,False
XSSBTGRFBQTQDG-UHFFFAOYSA-N,CCC(C(=O)Nc1cc(NC2CCOC2)ccc1C)n1cc(Br)cc2nc(SCc3ccc(F)cc3)nc1-2,O=C(Cn1cccc2nc(SCc3ccccc3)nc1-2)Nc1cccc(NC2CCOC2)c1,6.301029995663981,sars2_3cl,coronaviral,IC50,598.5420000000001,0.23958333333333334,False,False,False,False
XSSBTGRFBQTQDG-UHFFFAOYSA-N,CCC(C(=O)Nc1cc(NC2CCOC2)ccc1C)n1cc(Br)cc2nc(SCc3ccc(F)cc3)nc1-2,O=C(Cn1cccc2nc(SCc3ccccc3)nc1-2)Nc1cccc(NC2CCOC2)c1,5.853871964321762,sars2_3cl,coronaviral,Kd,598.5420000000001,0.23958333333333334,False,False,False,False
XSSISSHDAZOWJY-UHFFFAOYSA-N,Cc1nnc(SC(=O)c2cc3ccccc3[nH]2)o1,O=C(Sc1nnco1)c1cc2ccccc2[nH]1,5.913640169325252,sars2_3cl,coronaviral,IC50,259.29,0.2028985507246377,False,False,False,False
XSSISSHDAZOWJY-UHFFFAOYSA-N,Cc1nnc(SC(=O)c2cc3ccccc3[nH]2)o1,O=C(Sc1nnco1)c1cc2ccccc2[nH]1,6.924453038607469,sars2_3cl,coronaviral,Ki,259.29,0.2028985507246377,False,False,False,False
XTLWGNKIVXRRRF-LHSAMUTISA-N,CN(C(=O)[C@@H](NC(=O)C(C)(C)F)C1CC1)[C@@H](COCc1ccccc1)C(=O)N1C[C@]2(C[C@H]1C#N)C(=O)Nc1ccccc12,O=C(CC1CC1)NC(COCc1ccccc1)C(=O)N1CCC2(C1)C(=O)Nc1ccccc12,7.275724130399211,sars2_3cl,coronaviral,IC50,589.6680000000002,0.19,False,False,False,False
XTSGDWNXXLPRPU-GMXVVIOVSA-N,CC1(C)[C@H](C(=O)OCc2ccccc2)N2C(=O)[C@H](Br)[C@H]2S1(=O)=O,O=C(OCc1ccccc1)C1CS(=O)(=O)C2CC(=O)N12,4.995678626217358,sars2_3cl,coronaviral,IC50,402.2660000000001,0.22535211267605634,False,False,False,False
XTVWLTBJRNEJDC-UHFFFAOYSA-N,O=c1c2cc(Br)ccc2sn1-c1ccccc1,O=c1c2ccccc2sn1-c1ccccc1,7.522878745280337,sars2_3cl,coronaviral,IC50,306.184,0.16923076923076924,False,False,False,False
XUHFZJPQDLAZMY-UKSSEWCLSA-N,CC1(C)[C@@H]2[C@@H](C(=O)N[C@H](C=O)C[C@@H]3CCNC3=O)N(C(=O)c3cc4ccccc4[nH]3)C[C@@H]21,O=C1NCCC1CCNC(=O)C1C2CC2CN1C(=O)c1cc2ccccc2[nH]1,7.585026652029182,sars2_3cl,coronaviral,IC50,436.5120000000001,0.2391304347826087,False,False,False,False
XUZVJNNDQFQTOU-OAHLLOKOSA-N,O=C(N[C@@H]1CCN(c2c(C(=O)N3CCOCC3)cc(Br)cc2C(F)(F)F)C1)c1cc(=O)[nH]c2c(F)cccc12,O=C(NC1CCN(c2ccccc2C(=O)N2CCOCC2)C1)c1cc(=O)[nH]c2ccccc12,9.309803919971486,sars2_3cl,coronaviral,EC50,611.3900000000001,0.22826086956521738,False,False,False,False
XWNZYPBOZKMGBM-UHFFFAOYSA-N,O=C(Cn1sc2cc(F)ccc2c1=O)Nc1cccc(Cl)c1,O=C(Cn1sc2ccccc2c1=O)Nc1ccccc1,6.853871964321762,sars2_3cl,coronaviral,IC50,336.775,0.24561403508771928,False,False,False,False
XWPOVPLMNYSIPZ-UHFFFAOYSA-N,[O-][S+](Cc1cccnc1)c1nnc(-c2ccc(F)cc2)o1,c1ccc(-c2nnc([SH+]Cc3cccnc3)o2)cc1,6.769551078621726,sars2_3cl,coronaviral,IC50,303.31800000000004,0.2,False,False,False,False
XWPVHYBRIIHPSA-MQGCXBLESA-N,COc1ccc(OCC(=O)N2C[C@H]3[C@@H]([C@H]2C(=O)N[C@H](C=O)C[C@@H]2CCNC2=O)C3(C)C)cc1OC,O=C1NCCC1CCNC(=O)C1C2CC2CN1C(=O)COc1ccccc1,7.838631997765026,sars2_3cl,coronaviral,IC50,487.55300000000034,0.26373626373626374,False,False,False,False
XWVKFKACGJROLS-UHFFFAOYSA-N,COc1ccc(C(=O)Oc2cncc(Cl)c2)cc1Cl,O=C(Oc1cccnc1)c1ccccc1,6.607303046740334,sars2_3cl,coronaviral,IC50,298.125,0.28125,False,False,False,False
XWWZSDXXYRDBDT-UHFFFAOYSA-N,O=C(Cn1sc2cc(F)ccc2c1=O)Nc1cccc(C(F)(F)F)c1,O=C(Cn1sc2ccccc2c1=O)Nc1ccccc1,6.6020599913279625,sars2_3cl,coronaviral,IC50,370.327,0.23728813559322035,False,False,False,False
XXHWCBTXYNBHLO-HNNXBMFYSA-N,O=C(NCc1cccs1)[C@@H]1CN(C(=O)C(F)(F)S(=O)(=O)F)CCN1c1ccc(Cl)c(Cl)c1,O=C(NCc1cccs1)C1CNCCN1c1ccccc1,5.795880017344075,sars2_3cl,coronaviral,IC50,530.3770000000002,0.25,False,False,False,False
XXJAVGQTBNOAKV-BJLQDIEVSA-N,CC(C)C[C@H](NC(=O)OCC(C)(C)S(=O)(=O)c1ccccc1)C(=O)N[C@H](C=O)C[C@@H]1CCNC1=O,O=C(CNC(=O)OCCS(=O)(=O)c1ccccc1)NCCC1CCNC1=O,6.721246399047171,sars2_3cl,coronaviral,IC50,509.6250000000002,0.20408163265306123,False,False,False,False
XXNNAIAIBJRYFG-OAQYLSRUSA-N,COCCn1cc(-c2cc(-c3cncs3)cc([C@@H](C)NC(=O)c3cc(OCCN(C)C)ccc3C)c2)cn1,O=C(NCc1cc(-c2cn[nH]c2)cc(-c2cncs2)c1)c1ccccc1,6.958607314841775,sars2_3cl,coronaviral,IC50,533.6980000000003,0.21739130434782608,False,False,False,False
XXVXZFGPKATXGX-UHFFFAOYSA-N,O=C(Oc1cncc(Cl)c1)c1sccc1Cl,O=C(Oc1cccnc1)c1cccs1,6.986741334716483,sars2_3cl,coronaviral,IC50,274.12800000000004,0.20833333333333334,False,False,False,False
XXWDDQJFYNJUCB-HVTWWXFQSA-N,O=C[C@H](C[C@@H]1CCNC1=O)NC(=O)[C@@H]1[C@H]2CCC[C@H]2CN1C(=O)OCc1ccccc1,O=C1NCCC1CCNC(=O)C1C2CCCC2CN1C(=O)OCc1ccccc1,7.292429823902063,sars2_3cl,coronaviral,IC50,427.5010000000002,0.21739130434782608,False,False,False,False
XXWDDQJFYNJUCB-LASHMREHSA-N,O=C[C@@H](C[C@H]1CCNC1=O)NC(=O)[C@H]1[C@@H]2CCC[C@@H]2CN1C(=O)OCc1ccccc1,O=C1NCCC1CCNC(=O)C1C2CCCC2CN1C(=O)OCc1ccccc1,7.292429823902063,sars2_3cl,coronaviral,IC50,427.5010000000002,0.21739130434782608,False,False,False,False
XYFGTGHUJKVJHF-UHFFFAOYSA-O,O=C(Nc1ccccc1)C1c2cccc[n+]2CC(=O)N1c1ccc(Br)cc1,O=C(Nc1ccccc1)C1c2cccc[n+]2CC(=O)N1c1ccccc1,5.065501548756432,sars2_3cl,coronaviral,IC50,423.29,0.21333333333333335,False,False,False,False
XYOAWVAKNILLAI-UHFFFAOYSA-N,O=c1c2ccccc2[se]n1Cc1ccc(F)cc1,O=c1c2ccccc2[se]n1Cc1ccccc1,6.0,sars2_3cl,coronaviral,IC50,306.198,0.23809523809523808,False,False,False,False
XZEJKDXHKWODMP-UHFFFAOYSA-N,[O-][S+](Cc1ccccc1)c1nnc(-c2ccc(Cl)cc2)o1,c1ccc(C[SH+]c2nnc(-c3ccccc3)o2)cc1,6.494850021680094,sars2_3cl,coronaviral,IC50,318.785,0.16923076923076924,False,False,False,False
XZWKXIFLMYRVTK-UHFFFAOYSA-N,O=c1c2ccccc2[se]n1Cc1ccc(Cl)cc1,O=c1c2ccccc2[se]n1Cc1ccccc1,6.084072788302884,sars2_3cl,coronaviral,IC50,322.653,0.19047619047619047,False,False,False,False
XZZLYYYXSWYYKL-UHFFFAOYSA-N,O=c1c2ccccc2sn1-c1ccc(Cl)cc1,O=c1c2ccccc2sn1-c1ccccc1,6.4089353929735005,sars2_3cl,coronaviral,IC50,261.733,0.18461538461538463,False,False,False,False
YAALKDIHUORYIH-DEOSSOPVSA-N,CN(C(=O)[C@H](Cc1ccccc1)NC(=O)OCc1ccccc1)N(C#N)Cc1cccc(Br)c1,O=C(NC(Cc1ccccc1)C(=O)NNCc1ccccc1)OCc1ccccc1,7.0655015487564325,sars2_3cl,coronaviral,IC50,521.4150000000002,0.20512820512820512,False,False,False,False
YAAQQGFFRHANNZ-VIZOYTHASA-N,NC(=S)N/N=C/c1ccc(-c2cccc(C(=O)O)c2)o1,c1ccc(-c2ccco2)cc1,4.963371104637839,sars2_3cl,coronaviral,IC50,289.31600000000003,0.21428571428571427,False,False,False,False
YAECDMFIPKSIEK-MIUGBVLSSA-N,O=C(NCc1ccccn1)C(=O)[C@@H](Cc1ccccc1)NC(=O)[C@H]1CC(F)(F)CN1C(=O)[C@@H]1C[C@@H]2[C@H](C1)C2(F)F,O=C(NCc1ccccn1)C(=O)C(Cc1ccccc1)NC(=O)C1CCCN1C(=O)C1CC2CC2C1,7.429457060118103,sars2_3cl,coronaviral,IC50,560.5480000000003,0.23076923076923078,False,False,False,False
YALGKJMDFDSHJZ-ZOBUZTSGSA-N,CC(C)C[C@H](NC(=O)c1cc2cccc(Cl)c2[nH]1)C(=O)N[C@H](C#N)C[C@@H]1CCNC1=O,O=C(CNC(=O)c1cc2ccccc2[nH]1)NCCC1CCNC1=O,7.468521082957745,sars2_3cl,coronaviral,Ki,443.93500000000023,0.2111111111111111,False,False,False,False
YAONEUNUMVOKNQ-UHFFFAOYSA-N,O=C(O)CCCCCCCCCCCCCCc1ccc(I)cc1,c1ccccc1,5.647817481888637,sars2_3cl,coronaviral,IC50,444.39699999999993,0.18333333333333332,False,True,False,True
YAOZUINXYWQWRJ-UHFFFAOYSA-N,O=C(Nc1cccc(C(=O)Nc2ccc3c(c2)B(O)OC3)c1)c1ccccc1,O=C(Nc1cccc(C(=O)Nc2ccc3c(c2)BOC3)c1)c1ccccc1,4.281498311132726,sars2_3cl,coronaviral,IC50,372.18900000000014,0.2711864406779661,False,False,False,False
YAQDQTRKZQGBQQ-KOUJMVCDSA-N,CC(C)(C)C(=O)N[C@H](C(=O)N1C[C@H]2[C@@H]([C@H]1C(=O)N[C@H](C#N)C[C@@H]1CCNC1=O)C2(C)C)C(C)(C)C,O=C1NCCC1CCNC(=O)C1NCC2CC21,7.655607726314889,sars2_3cl,coronaviral,Ki,487.6450000000004,0.1702127659574468,False,False,False,False
YAYDSAMHSQCKIM-OAQYLSRUSA-N,N#CC1(CS(=O)(=O)N2Cc3ccc(Cl)cc3[C@H](C(=O)Nc3cncc4ccccc34)C2)CC1,O=C(Nc1cncc2ccccc12)C1CN(S(=O)(=O)CC2CC2)Cc2ccccc21,7.434152181326482,sars2_3cl,coronaviral,IC50,480.97700000000026,0.24731182795698925,False,False,False,False
YAYZGGHMUMJEQB-SFHVURJKSA-N,NC(=O)CCN(NC(=O)[C@H](CC1CCCCC1)NC(=O)OCc1ccccc1)C(=O)CCl,O=C(NCCC1CCCCC1)OCc1ccccc1,8.096910013008056,sars2_3cl,coronaviral,IC50,466.96600000000024,0.27906976744186046,False,False,False,False
YAZLWQBKWOGOIO-ZUFXTUFISA-N,CC1(C)[C@@H]2[C@@H](C(=O)N[C@H](C=O)C[C@@H]3CCNC3=O)N(C(=O)COc3ccc(F)c(F)c3)C[C@@H]21,O=C1NCCC1CCNC(=O)C1C2CC2CN1C(=O)COc1ccccc1,7.87942606879415,sars2_3cl,coronaviral,IC50,463.48100000000017,0.19791666666666666,False,False,False,False
YBBUYAXWKCBAIE-UHFFFAOYSA-N,N#Cc1cccc(-n2[se]c3ccccc3c2=O)c1,O=c1c2ccccc2[se]n1-c1ccccc1,6.420107856897075,sars2_3cl,coronaviral,IC50,299.19100000000003,0.25,False,False,False,False
YBCTXELRRVXUMP-BMRADRMJSA-N,C/N=c1\nc(-c2ccc(F)cc2)n(-c2ccccc2)s1,N=c1nc(-c2ccccc2)n(-c2ccccc2)s1,6.928117992693874,sars2_3cl,coronaviral,IC50,285.347,0.2,False,False,False,False
YBCZRIAKLGNMNU-MOPGFXCFSA-N,CNC(=O)c1cc(Br)cc([N+](=O)[O-])c1N[C@@H]1CCCC[C@@H]1NC(=O)c1cc(=O)[nH]c2ccccc12,O=C(NC1CCCCC1Nc1ccccc1)c1cc(=O)[nH]c2ccccc12,7.3893398369101195,sars2_3cl,coronaviral,IC50,542.3900000000003,0.25,False,False,False,False
YBCZRIAKLGNMNU-MOPGFXCFSA-N,CNC(=O)c1cc(Br)cc([N+](=O)[O-])c1N[C@@H]1CCCC[C@@H]1NC(=O)c1cc(=O)[nH]c2ccccc12,O=C(NC1CCCCC1Nc1ccccc1)c1cc(=O)[nH]c2ccccc12,8.050609993355087,sars2_3cl,coronaviral,Kd,542.3900000000003,0.25,False,False,False,False
YBERSSZLPKXNCB-CLJLJLNGSA-N,CNC[C@@H](Cc1ccc(Cl)cc1)N(C)C(=O)C[C@H]1Cc2ccccc2N1C(=O)c1cncc2ccccc12,O=C(CC1Cc2ccccc2N1C(=O)c1cncc2ccccc12)NCCc1ccccc1,7.698970004336019,sars2_3cl,coronaviral,IC50,527.0680000000002,0.2169811320754717,False,False,False,False
YBLPIBQVEVGXEC-UHFFFAOYSA-N,O=C(Sc1ncccn1)c1ccc(-c2ccccc2)o1,O=C(Sc1ncccn1)c1ccc(-c2ccccc2)o1,7.7423214251308154,sars2_3cl,coronaviral,IC50,282.324,0.2222222222222222,False,False,False,False
YBRZKVAPDVWTRT-WOAYWDQESA-N,CC(C)C[C@H](NC(=O)OCCC12CC3CC(CC(C3)C1)C2)C(=O)N[C@H](C=O)C[C@H]1CCNC1=O,O=C(CNC(=O)OCCC12CC3CC(CC(C3)C1)C2)NCCC1CCNC1=O,6.568636235841012,sars2_3cl,coronaviral,IC50,475.6300000000003,0.16666666666666666,False,False,False,False
YBSNIFGUNPUCBL-WIOPSUGQSA-N,CN(C(=O)[C@H](Cc1ccc(F)cc1)NC(=O)[C@@H](NC(=O)c1cccs1)C(C)(C)C)N(C#N)Cc1cccc(Cl)c1F,O=C(CNC(=O)c1cccs1)NC(Cc1ccccc1)C(=O)NNCc1ccccc1,7.6020599913279625,sars2_3cl,coronaviral,IC50,602.1070000000003,0.2127659574468085,False,False,False,False
YBXUPHRIXXLIAL-CKDLJBISSA-N,CC(C)C[C@H](NC(=O)[C@@H](NC(=O)/C=C/c1ccccc1F)C(C)C)C(=O)N[C@H](C=O)C[C@@H]1CCCNC1=O,O=C(C=Cc1ccccc1)NCC(=O)NCC(=O)NCCC1CCCNC1=O,6.761953896871205,sars2_3cl,coronaviral,IC50,530.6410000000003,0.18681318681318682,False,False,False,False
YCDWPJHUIGSCLP-SVFBPWRDSA-N,CC1(C)[C@H](C(=O)OCc2cccc(F)c2)N2C(=O)[C@@H](NC(=O)COc3ccccc3)[C@H]2S1(=O)=O,O=C(COc1ccccc1)NC1C(=O)N2C(C(=O)OCc3ccccc3)CS(=O)(=O)C12,5.036212172654444,sars2_3cl,coronaviral,IC50,490.5090000000002,0.275,False,False,False,False
YCHMDQPOBJDNEN-CAOWKYOXSA-N,COCC(=O)[C@H](C[C@@H]1CCNC1=O)NC(=O)[C@@H]1[C@@H]2[C@H](CN1C(=O)[C@@H](NC(=O)C(F)(F)F)C(C)(C)C)C2(C)C,O=C1NCCC1CCNC(=O)C1NCC2CC21,7.823908740944319,sars2_3cl,coronaviral,Ki,546.5870000000001,0.1782178217821782,False,False,False,False
YCQWBQTYIHPKFS-UHFFFAOYSA-N,COc1ccc(NC(=O)Cn2sc3cc(F)ccc3c2=O)cc1,O=C(Cn1sc2ccccc2c1=O)Nc1ccccc1,6.522878745280337,sars2_3cl,coronaviral,IC50,332.35600000000005,0.2465753424657534,False,False,False,False
YCSCOAGMDRJISW-OYTSCLNUSA-N,CC1(C)[C@H]2[C@@H](C(=O)N[C@H](C#N)C[C@@H]3CCNC3=O)N(C(=O)c3cc4c(OC(F)F)cccc4[nH]3)C[C@H]21,O=C1NCCC1CCNC(=O)C1C2CC2CN1C(=O)c1cc2ccccc2[nH]1,6.259637310505756,sars2_3cl,coronaviral,IC50,499.51800000000014,0.25510204081632654,False,False,False,False
YCSCOAGMDRJISW-ZUFXTUFISA-N,CC1(C)[C@@H]2[C@@H](C(=O)N[C@H](C#N)C[C@@H]3CCNC3=O)N(C(=O)c3cc4c(OC(F)F)cccc4[nH]3)C[C@@H]21,O=C1NCCC1CCNC(=O)C1C2CC2CN1C(=O)c1cc2ccccc2[nH]1,7.0,sars2_3cl,coronaviral,IC50,499.51800000000014,0.25510204081632654,False,False,False,False
YCYCTDMQSTYSLJ-UHFFFAOYSA-N,COc1ccccc1C(=O)Oc1cncc(Cl)c1,O=C(Oc1cccnc1)c1ccccc1,6.578396073130168,sars2_3cl,coronaviral,IC50,263.67999999999995,0.32727272727272727,False,False,False,False
YDBRWOPZWNUZRH-PUFBLQPOSA-N,CCNC(=O)C(=O)[C@H](C[C@@H]1CCNC1=O)NC(=O)[C@@H]1[C@@H]2[C@H](CN1C(=O)[C@@H](NC(=O)NC(C)(C)C)C(C)(C)C)C2(C)C,O=C1NCCC1CCNC(=O)C1NCC2CC21,7.1249387366083,sars2_3cl,coronaviral,IC50,576.7390000000001,0.16666666666666666,False,False,False,False
YDEUKNRKEYICTH-UHFFFAOYSA-N,Nc1ccc(O)c2ncccc12,c1ccc2ncccc2c1,5.688246138944246,sars2_3cl,coronaviral,IC50,160.17600000000002,0.25,False,False,False,False
YDGJKIOQSUXSJO-XMMPIXPASA-N,Cc1ccc(OCCN(C)C)cc1C(=O)N[C@H](C)c1cc(-c2cnn(C)c2)cc(-c2ccc(CN3CCOCC3)o2)c1,O=C(NCc1cc(-c2cn[nH]c2)cc(-c2ccc(CN3CCOCC3)o2)c1)c1ccccc1,6.920818753952375,sars2_3cl,coronaviral,IC50,571.7220000000002,0.18627450980392157,False,False,False,False
YDHLZYPCVKECFG-ACRUOGEOSA-N,O=C[C@H](C[C@@H]1CCNC1=O)NC(=O)[C@H](CC1CCCCC1)NC(=O)OCc1ccccc1,O=C(NC(CC1CCCCC1)C(=O)NCCC1CCNC1=O)OCc1ccccc1,6.113509274827518,sars2_3cl,coronaviral,EC50,443.54400000000027,0.24096385542168675,False,False,False,False
YDHLZYPCVKECFG-ACRUOGEOSA-N,O=C[C@H](C[C@@H]1CCNC1=O)NC(=O)[C@H](CC1CCCCC1)NC(=O)OCc1ccccc1,O=C(NC(CC1CCCCC1)C(=O)NCCC1CCNC1=O)OCc1ccccc1,7.251811972993799,sars2_3cl,coronaviral,IC50,443.54400000000027,0.24096385542168675,False,False,False,False
YDJMIBQFVRBBEQ-WUEZWNDSSA-N,Cc1cccc([C@@H](C)C(=O)N2C[C@H]3[C@@H]([C@H]2C(=O)N[C@H](C=O)C[C@@H]2CCNC2=O)C3(C)C)c1,O=C1NCCC1CCNC(=O)C1C2CC2CN1C(=O)Cc1ccccc1,7.958607314841775,sars2_3cl,coronaviral,IC50,439.55600000000027,0.27906976744186046,False,False,False,False
YDYJTOCZMVPNTQ-GIVYGNDYSA-N,CC(C)(C)[C@H](NC(=O)/C=C/c1ccccc1)C(=O)N[C@H](C=O)C[C@@H]1CCCNC1=O,O=C(C=Cc1ccccc1)NCC(=O)NCCC1CCCNC1=O,5.4639468448407955,sars2_3cl,coronaviral,IC50,413.5180000000002,0.20930232558139536,False,False,False,False
YEFXFLLBKXHVRB-UHFFFAOYSA-N,OC1CCN(C(=S)SSc2ccc(F)cc2)CC1,S=C(SSc1ccccc1)N1CCCCC1,6.721246399047171,sars2_3cl,coronaviral,IC50,303.44900000000007,0.2909090909090909,False,False,False,False
YEHBDHJTKJFJCY-UHFFFAOYSA-O,O=C(Nc1ccc(Cl)cc1)C1c2cccc[n+]2CC(=O)N1c1ccc(Cl)cc1,O=C(Nc1ccccc1)C1c2cccc[n+]2CC(=O)N1c1ccccc1,5.017728766960431,sars2_3cl,coronaviral,IC50,413.2840000000002,0.21621621621621623,False,False,False,False
YEJAXBSYPLMFAC-UHFFFAOYSA-N,[O-][S+](c1nnc(-c2ccc(Cl)cc2)o1)C1COC1,c1ccc(-c2nnc([SH+]C3COC3)o2)cc1,6.301029995663981,sars2_3cl,coronaviral,IC50,284.72400000000005,0.18333333333333332,False,False,False,False
YEUPEJSSWIOUHN-UKQCZRCBSA-N,CC(C)C[C@H](NC(=O)OCC(C)(C)Oc1ccccc1)C(=O)N[C@@H](C[C@@H]1CCNC1=O)C(O)S(=O)(=O)O,O=C(CNC(=O)OCCOc1ccccc1)NCCC1CCNC1=O,6.619788758288394,sars2_3cl,coronaviral,IC50,543.6390000000002,0.2,False,False,False,False
YFAVHMGYTFULDO-COAWFKALSA-N,CC(C)(C)[C@H](NC(=O)C(F)(F)F)C(=O)N1C[C@H]2[C@@H]([C@H]1C(=O)N[C@H](C#N)C[C@@H]1CC(=O)NC1=O)C2(C)C,O=C1CC(CCNC(=O)C2NCC3CC32)C(=O)N1,8.397940008672037,sars2_3cl,coronaviral,Ki,513.5170000000003,0.1743119266055046,False,False,False,False
YFCKJNIXJVHXQD-UHFFFAOYSA-N,O=C(c1cccnc1)N1CCN(Cc2cccc(Cl)c2Cl)CC1,O=C(c1cccnc1)N1CCN(Cc2ccccc2)CC1,4.197226274708024,sars2_3cl,coronaviral,IC50,350.24900000000014,0.36065573770491804,False,False,False,False
YFDLECGHURKZPY-HXUWFJFHSA-N,Cc1ccc(OCCN(C)C)cc1C(=O)N[C@H](C)c1cc(-c2cnn(C)c2)cc(-c2cccs2)c1,O=C(NCc1cc(-c2cn[nH]c2)cc(-c2cccs2)c1)c1ccccc1,6.823908740944319,sars2_3cl,coronaviral,IC50,488.6570000000002,0.22727272727272727,False,False,False,False
YFUZVOLEKQFVCQ-FFXRMZKPSA-N,C[C@@H](OC(C)(C)C)[C@H](NC(=O)OCc1ccccc1)C(=O)N[C@@H](CC1CCCCC1)C(=O)N[C@H](C=O)C[C@@H]1CCNC1=O,O=C(CNC(=O)OCc1ccccc1)NC(CC1CCCCC1)C(=O)NCCC1CCNC1=O,7.522878745280337,sars2_3cl,coronaviral,EC50,600.7570000000002,0.23,False,False,False,False
YGKIGRXSOAUSLF-GMAHTHKFSA-N,C=CCOC(=O)C1=C(C(=O)O)N2C(=O)[C@@H](NC(=O)[C@H](Cc3ccccc3)NC(=O)c3cc4ccccc4[nH]3)CN2C1,O=C(NC(Cc1ccccc1)C(=O)NC1CN2CC=CN2C1=O)c1cc2ccccc2[nH]1,3.7166987712964508,sars2_3cl,coronaviral,IC50,557.563,0.17647058823529413,False,False,False,False
YGLKZTTZISKGND-OAQYLSRUSA-N,CN(CC(=O)N[C@H](Cc1ccccc1)C(=O)C(=O)NCc1ccccn1)C(=O)C1CCC(F)(F)CC1,O=C(CNC(=O)C1CCCCC1)NC(Cc1ccccc1)C(=O)C(=O)NCc1ccccn1,7.514278573518419,sars2_3cl,coronaviral,IC50,500.5460000000003,0.23232323232323232,False,False,False,False
YGRVOXOSYUYFGX-UHFFFAOYSA-N,CC(=O)OCC1Cc2c(-c3cc(C=O)ccn3)cccc2-c2c(O)ccc(-c3ccc(Br)cc3)c21,c1ccc(-c2cccc3c2CCc2c(-c4ccccn4)cccc2-3)cc1,5.486855968988029,sars2_3cl,coronaviral,IC50,528.4020000000002,0.19047619047619047,False,False,False,False
YGZVZIRDGXYGTA-UHFFFAOYSA-N,CSc1nc2ccccc2n1C(=O)c1ccc(C)c(C)c1,O=C(c1ccccc1)n1cnc2ccccc21,6.004999382482669,sars2_3cl,coronaviral,IC50,296.39500000000004,0.2647058823529412,False,False,False,False
YHFNTONXJYFXGQ-UHFFFAOYSA-N,O=C(Oc1cncc(Cl)c1)c1ccc(I)cc1,O=C(Oc1cccnc1)c1ccccc1,7.0400051616715835,sars2_3cl,coronaviral,IC50,359.55,0.23636363636363636,False,False,False,False
YHMHUCMMFCCPCT-LOEFQNHASA-N,CC(C)C[C@H](NC(=O)OCC1CC(=O)N(CC2CC3CCC2C3)C1)C(=O)N[C@@H](C[C@@H]1CCNC1=O)C(O)S(=O)(=O)O,O=C(CNC(=O)OCC1CC(=O)N(CC2CC3CCC2C3)C1)NCCC1CCNC1=O,6.769551078621726,sars2_3cl,coronaviral,IC50,600.7350000000005,0.17647058823529413,False,False,False,False
YHPKGGZPTKUXAG-PNSMXUMWSA-N,CC1(C)CNC(=O)[C@@H]2C[C@@H](C[C@@H](C#N)NC(=O)[C@@H]3[C@@H]4[C@H](CN3C(=O)[C@H]1NC(=O)C(F)(F)F)C4(C)C)C(=O)N2,O=C1NC2CC1CCNC(=O)C1C3CC3CN1C(=O)CCCNC2=O,7.7447274948966935,sars2_3cl,coronaviral,IC50,540.5430000000002,0.15789473684210525,False,False,False,False
YHPKGGZPTKUXAG-UJPZEKGNSA-N,CC1(C)CNC(=O)[C@@H]2C[C@H](C[C@@H](C#N)NC(=O)[C@@H]3[C@@H]4[C@H](CN3C(=O)[C@H]1NC(=O)C(F)(F)F)C4(C)C)C(=O)N2,O=C1NC2CC1CCNC(=O)C1C3CC3CN1C(=O)CCCNC2=O,7.1249387366083,sars2_3cl,coronaviral,IC50,540.5430000000002,0.15789473684210525,False,False,False,False
YHWUKRCQVMSDIV-UHFFFAOYSA-N,Cc1ccc2c(c1)cc(C(=O)NCCCNC(=O)n1cc(F)c(=O)[nH]c1=O)n2CC(C)C,O=C(NCCCNC(=O)n1ccc(=O)[nH]c1=O)c1cc2ccccc2[nH]1,5.920818753952375,sars2_3cl,coronaviral,IC50,443.47900000000016,0.21839080459770116,False,False,False,False
YHWWOAJOMPQXED-MUXVVJRASA-N,[2H]C([2H])(OC(=O)N[C@@H](CC(C)C)C(=O)N[C@H](C=O)C[C@H]1CCNC1=O)C1CC2CCCC(C2)C1,O=C(CNC(=O)OCC1CC2CCCC(C2)C1)NCCC1CCNC1=O,6.537602002101044,sars2_3cl,coronaviral,IC50,451.60420355600036,0.17525773195876287,False,False,False,False
YHWWOAJOMPQXED-WDZBCESNSA-N,CC(C)C[C@H](NC(=O)OCC1CC2CCCC(C2)C1)C(=O)N[C@H](C=O)C[C@H]1CCNC1=O,O=C(CNC(=O)OCC1CC2CCCC(C2)C1)NCCC1CCNC1=O,6.7447274948966935,sars2_3cl,coronaviral,IC50,449.5920000000002,0.17894736842105263,False,False,False,False
YIDKPOLIILNYCP-UHFFFAOYSA-N,O=C1CC2CN(C(=O)C3CN(c4ccc(Cl)c(Cl)c4)CCN3C(=O)c3cc(=O)[nH]c4ccccc34)CC2C1,O=C1CC2CN(C(=O)C3CN(c4ccccc4)CCN3C(=O)c3cc(=O)[nH]c4ccccc34)CC2C1,5.732828271596986,sars2_3cl,coronaviral,IC50,553.4460000000001,0.23809523809523808,False,False,False,False
YIEPMZCGQCVRDF-IDISGSTGSA-N,C[C@H](NC[C@@H](c1cccnc1)N(C(=O)C(Br)(Br)Br)c1ccc(-c2ccccc2)cc1)c1ccccc1,c1ccc(CNCC(Nc2ccc(-c3ccccc3)cc2)c2cccnc2)cc1,7.096910013008056,sars2_3cl,coronaviral,IC50,672.2590000000001,0.2463768115942029,False,False,False,False
YIEPOGUSSKXXSP-KKUMJFAQSA-N,Cc1c(C(=O)N[C@@H](CC(C)(C)C)C(=O)N[C@H](C#N)C[C@@H]2CCNC2=O)sc2nccn12,O=C(CNC(=O)c1cn2ccnc2s1)NCCC1CCNC1=O,6.09799710864927,sars2_3cl,coronaviral,Ki,444.5610000000002,0.21052631578947367,False,False,False,False
YIJOJLJXBRNWBA-DEOSSOPVSA-N,CN(C(=O)[C@H](Cc1ccccc1)NC(=O)OCc1ccccc1)N(C#N)Cc1ccccc1Cl,O=C(NC(Cc1ccccc1)C(=O)NNCc1ccccc1)OCc1ccccc1,6.826813731587726,sars2_3cl,coronaviral,IC50,476.96400000000017,0.2077922077922078,False,False,False,False
YILVZESGQQZUEA-KKFDQILXSA-N,CC(C)(C)[C@H](NC(=O)OCc1ccncc1)C(=O)N1C[C@H]2[C@@H]([C@H]1C(=O)N[C@H](C#N)C[C@@H]1CCNC1=O)C2(C)C,O=C(NCC(=O)N1CC2CC2C1C(=O)NCCC1CCNC1=O)OCc1ccncc1,9.309803919971486,sars2_3cl,coronaviral,Ki,538.6490000000002,0.19801980198019803,False,False,False,False
YIPVFDYMOVSYQI-UVFQYZLESA-N,COc1cc(Cl)cc2[nH]c(C(=O)N[C@@H](CC(C)(C)C)C(=O)N[C@H](C#N)C[C@@H]3CCCNC3=O)cc12,O=C(CNC(=O)c1cc2ccccc2[nH]1)NCCC1CCCNC1=O,7.853871964321762,sars2_3cl,coronaviral,IC50,502.0150000000003,0.21649484536082475,False,False,False,False
YIQGVJUFSQQJRB-CMKODMSKSA-N,COC(=O)N[C@H](C(=O)N1CC2(CCC(F)(F)CC2)C[C@H]1C(=O)N[C@@H](CCC(C)(F)F)C(=O)C(=O)NC1CC1)C(C)(C)C,O=C(CNC(=O)C1CC2(CCCCC2)CN1)C(=O)NC1CC1,6.568636235841012,sars2_3cl,coronaviral,IC50,606.658,0.1935483870967742,False,False,False,False
YIRAWUKVBJSZBD-OWTODPTHSA-N,CC1(C)[C@H](C(=O)OCc2ccc([N+](=O)[O-])cc2)C2C(=O)C(Br)(Br)[C@H]2[S+]1[O-],O=C(OCc1ccccc1)C1C[SH+]C2CC(=O)C21,6.301029995663981,sars2_3cl,coronaviral,IC50,509.1720000000001,0.18518518518518517,False,False,False,False
YIVKNKDXEMYPEQ-UHFFFAOYSA-N,CC(C)Cc1nc2cc(O)c(O)c(O)c2c(=O)n1-c1ccccc1F,O=c1c2ccccc2ncn1-c1ccccc1,6.621602099051863,sars2_3cl,coronaviral,IC50,344.34200000000004,0.19736842105263158,False,False,False,False
YIVRGGDHELCRKR-UHFFFAOYSA-N,CSc1nc2ccccc2n1C(=O)c1cccc(C(F)(F)F)c1,O=C(c1ccccc1)n1cnc2ccccc21,4.471185021456275,sars2_3cl,coronaviral,IC50,336.33799999999997,0.2441860465116279,False,False,False,False
YIXVKFOICROPCM-UHFFFAOYSA-N,N#CSCC(=O)N1c2ccccc2Oc2ccccc21,c1ccc2c(c1)Nc1ccccc1O2,5.402195157595707,sars2_3cl,coronaviral,IC50,282.32400000000007,0.22580645161290322,False,False,False,False
YJSRNTDUGXDIBX-UHFFFAOYSA-N,CSc1nc2ccccc2n1C(=O)c1ccc(Cl)cc1,O=C(c1ccccc1)n1cnc2ccccc21,5.959303300184228,sars2_3cl,coronaviral,IC50,302.786,0.2537313432835821,False,False,False,False
YKGOQXICHYEMJW-UHFFFAOYSA-N,O=C1NC2(CC(C3CCC3)C2)C(=O)N1c1cncc2ccccc12,O=C1NC2(CC(C3CCC3)C2)C(=O)N1c1cncc2ccccc12,6.481486060122112,sars2_3cl,coronaviral,IC50,321.38000000000005,0.25301204819277107,False,False,False,False
YKRGJTNZZRKBIR-YWLCTHFLSA-N,CCC[C@@H]1NC(=O)[C@@H](NC(=O)[C@H](C)N)CNC(=O)[C@H](CS(=O)(=O)O)NC(=O)/C=C/c2csc(n2)[C@H](Cc2ccc(O)cc2)NC(=O)C(=O)[C@H]([C@@H](C)CC)NC1=O,O=C1C=Cc2csc(n2)C(Cc2ccccc2)NC(=O)C(=O)CNC(=O)CNC(=O)CCNC(=O)CN1,4.79317412396815,sars2_3cl,coronaviral,IC50,820.948,0.16379310344827586,False,False,False,False
YKRKOMXJYGVMES-UHFFFAOYSA-N,CC(C)Cn1c(C(C)c2ccccc2)nc2cc(O)c(O)c(O)c2c1=O,O=c1[nH]c(Cc2ccccc2)nc2ccccc12,6.1598939055432425,sars2_3cl,coronaviral,IC50,354.4060000000001,0.22857142857142856,False,False,False,False
YKUKUFCYAVZWHM-RZCQQDKOSA-N,CC(C)CC(=O)N[C@H](C(=O)N1C[C@H]2[C@@H]([C@H]1C(=O)N[C@H](C=O)C[C@@H]1CCNC1=O)C2(C)C)C(C)(C)C,O=C1NCCC1CCNC(=O)C1NCC2CC21,5.585026652029182,sars2_3cl,coronaviral,EC50,490.6450000000004,0.1836734693877551,False,False,False,False
YKUKUFCYAVZWHM-RZCQQDKOSA-N,CC(C)CC(=O)N[C@H](C(=O)N1C[C@H]2[C@@H]([C@H]1C(=O)N[C@H](C=O)C[C@@H]1CCNC1=O)C2(C)C)C(C)(C)C,O=C1NCCC1CCNC(=O)C1NCC2CC21,7.657577319177793,sars2_3cl,coronaviral,IC50,490.6450000000004,0.1836734693877551,False,False,False,False
YLGDUWGYNQNAEW-GOSISDBHSA-N,Cc1ccc(NC(=O)CNCC2CC2)cc1C(=O)N[C@H](C)c1cccc2ccccc12,O=C(CNCC1CC1)Nc1cccc(C(=O)NCc2cccc3ccccc23)c1,5.886056647693163,sars2_3cl,coronaviral,IC50,415.5370000000001,0.27710843373493976,False,False,False,False
YLUXVNBHWOCFLK-BJLQDIEVSA-N,CC(C)C[C@H](NC(=O)[C@@H](NC(=O)OCc1ccccc1)C(C)C)C(=O)N[C@@H](CCC(=O)O)C(=O)C(F)(F)F,c1ccccc1,3.935542010773082,sars2_3cl,coronaviral,Ki,545.5550000000003,0.20512820512820512,False,True,False,True
YLZMOQYZJDTTSR-UHFFFAOYSA-N,Cc1ccc(C(=O)n2cnc3ccccc32)cc1,O=C(c1ccccc1)n1cnc2ccccc21,5.176525770829699,sars2_3cl,coronaviral,IC50,236.27400000000003,0.27419354838709675,False,False,False,False
YLZORTOOWPIHTD-GDQDSAMQSA-N,CC1(C)[C@@H]2[C@@H](C(=O)N[C@H](C=O)C[C@@H]3CCNC3=O)N(C(=O)c3cc4cccc(C(F)(F)F)c4[nH]3)C[C@@H]21,O=C1NCCC1CCNC(=O)C1C2CC2CN1C(=O)c1cc2ccccc2[nH]1,7.7447274948966935,sars2_3cl,coronaviral,IC50,504.5090000000001,0.24,False,False,False,False
YMOPRQMXQVOCDN-WSHBUQBJSA-N,CC1(C)[C@@H]2[C@@H](C(=O)N[C@H](C=O)C[C@@H]3CCNC3=O)N(C(=O)C(c3ccc(Cl)cc3)c3ccc(Cl)cc3)C[C@@H]21,O=C1NCCC1CCNC(=O)C1C2CC2CN1C(=O)C(c1ccccc1)c1ccccc1,5.537602002101044,sars2_3cl,coronaviral,EC50,556.49,0.2222222222222222,False,False,False,False
YMOPRQMXQVOCDN-WSHBUQBJSA-N,CC1(C)[C@@H]2[C@@H](C(=O)N[C@H](C=O)C[C@@H]3CCNC3=O)N(C(=O)C(c3ccc(Cl)cc3)c3ccc(Cl)cc3)C[C@@H]21,O=C1NCCC1CCNC(=O)C1C2CC2CN1C(=O)C(c1ccccc1)c1ccccc1,6.552841968657781,sars2_3cl,coronaviral,IC50,556.49,0.2222222222222222,False,False,False,False
YMPQTBRRQFIZLY-UHFFFAOYSA-N,Cc1c(Cl)cccc1-n1[se]c2ccccc2c1=O,O=c1c2ccccc2[se]n1-c1ccccc1,7.562725202589876,sars2_3cl,coronaviral,IC50,322.653,0.2391304347826087,False,False,False,False
YMZJOZDEQYMIOV-KBCMKWCFSA-N,COc1ccc(/C=C/C(=O)N2C[C@@H]3CCC[C@@H]3[C@H]2C(=O)N[C@H](C=O)C[C@@H]2CCNC2=O)c(OC)c1,O=C1NCCC1CCNC(=O)C1C2CCCC2CN1C(=O)C=Cc1ccccc1,6.708631149548417,sars2_3cl,coronaviral,IC50,483.5650000000002,0.26881720430107525,False,False,False,False
YNCLHXCOXHQMDH-QESAQDPVSA-N,CC(C)C[C@H](NC(=O)[C@@H](NC(=O)c1ccc(Cl)cc1)C(C)C)C(=O)N[C@H](C=O)C[C@@H]1CCCNC1=O,O=C(CNC(=O)CNC(=O)c1ccccc1)NCCC1CCCNC1=O,6.841805124463402,sars2_3cl,coronaviral,IC50,521.0580000000003,0.18478260869565216,False,False,False,False
YNGFYVBGKRZQPV-UHFFFAOYSA-N,O=C(OCc1ccccc1COC(=O)c1cc(B(O)O)cc([N+](=O)[O-])c1)c1cc(B(O)O)cc([N+](=O)[O-])c1,O=C(OCc1ccccc1COC(=O)c1ccccc1)c1ccccc1,5.221848749616356,sars2_3cl,coronaviral,Ki,524.0120000000002,0.20588235294117646,False,False,False,False
YNSBAXPUIWITPW-ORECKGATSA-N,Cc1cccc2cc(C(=O)N3C[C@H]4[C@@H]([C@H]3C(=O)N[C@H](C=O)C[C@@H]3CCNC3=O)C4(C)C)[nH]c12,O=C1NCCC1CCNC(=O)C1C2CC2CN1C(=O)c1cc2ccccc2[nH]1,7.698970004336019,sars2_3cl,coronaviral,IC50,450.53900000000027,0.21875,False,False,False,False
YOVZKJOXUQZXQW-XSLAGTTESA-N,CC(C)[C@H](NC(=O)OC(C)(C)C)C(=O)N1CCCC[C@H]1C(=O)N[C@H](C=O)C[C@@H]1CCNC1=O,O=C1NCCC1CCNC(=O)C1CCCCN1,5.474955192963154,sars2_3cl,coronaviral,IC50,466.57900000000024,0.26666666666666666,False,False,False,False
YOYHFKVQWHBJCI-UHFFFAOYSA-N,O=C(NCCC1CC1)C1CN(c2ccc(Cl)c(Cl)c2)CCN1C(=O)c1cc(=O)[nH]c2ccccc12,O=C(NCCC1CC1)C1CN(c2ccccc2)CCN1C(=O)c1cc(=O)[nH]c2ccccc12,6.2839966563652006,sars2_3cl,coronaviral,IC50,513.4250000000003,0.2247191011235955,False,False,False,False
YPBYUORMVUNGBN-UHFFFAOYSA-N,O=c1c2ccccc2[se]n1Cc1ccncc1,O=c1c2ccccc2[se]n1Cc1ccncc1,6.542118103266008,sars2_3cl,coronaviral,IC50,289.19599999999997,0.2,False,False,False,False
YPCBLSVBUXIGNW-LTFGFYCNSA-N,CC(C)C[C@H](NC(=O)OCC1CC(=O)N(Cc2ccccc2)C1)C(=O)N[C@@H](C[C@@H]1CCNC1=O)C(O)S(=O)(=O)O,O=C(CNC(=O)OCC1CC(=O)N(Cc2ccccc2)C1)NCCC1CCNC1=O,6.187086643357144,sars2_3cl,coronaviral,IC50,582.6760000000003,0.24210526315789474,False,False,False,False
YPCQBQGHTRNLNA-ZWWNSUONSA-N,COc1ccc2c(O[C@@H]3C[C@H]4C(=O)N[C@]5(P(=O)(O)Cc6ccccc6)C[C@H]5CCCCCCC[C@H](NC(=O)OC5CCCC5)C(=O)N4C3)cc(-c3csc(NC(C)C)n3)nc2c1,O=C(NC1CCCCCCCC2CC2([PH](=O)Cc2ccccc2)NC(=O)C2CC(Oc3cc(-c4cscn4)nc4ccccc34)CN2C1=O)OC1CCCC1,8.221848749616356,sars2_3cl,coronaviral,IC50,887.0529999999998,0.19672131147540983,False,False,False,False
YPFWNRLSYPAVJB-UHFFFAOYSA-N,O=C(On1nnc2ccccc21)c1ccc2[nH]ccc2c1,O=C(On1nnc2ccccc21)c1ccc2[nH]ccc2c1,8.1249387366083,sars2_3cl,coronaviral,IC50,278.271,0.22535211267605634,False,False,False,False
YPFWNRLSYPAVJB-UHFFFAOYSA-N,O=C(On1nnc2ccccc21)c1ccc2[nH]ccc2c1,O=C(On1nnc2ccccc21)c1ccc2[nH]ccc2c1,8.1249387366083,sars2_3cl,coronaviral,Ki,278.271,0.22535211267605634,False,False,False,False
YPLVRLXLACLQPL-HXUWFJFHSA-N,Cc1ccc(OCCN(C)C)cc1C(=O)N[C@H](C)c1cc(-c2ccn(C)n2)cc(-c2ccn(C)n2)c1,O=C(NCc1cc(-c2cc[nH]n2)cc(-c2cc[nH]n2)c1)c1ccccc1,6.853871964321762,sars2_3cl,coronaviral,IC50,486.62000000000023,0.24675324675324675,False,False,False,False
YPNRYWHKLSSQRF-MVETXZCTSA-N,CC(=O)NC(C)C(=O)N[C@@H](CO)C(=O)N[C@H](C(=O)[C@@H](CO)C(=O)N[C@H](C=O)CCC(N)=O)[C@@H](C)O,,5.1249387366083,sars2_3cl,coronaviral,IC50,503.5090000000003,0.15294117647058825,False,False,False,False
YPPZBLRXINJDNR-UHFFFAOYSA-N,CC(=O)OCC1Cc2c(-c3cc(C#N)ccn3)cccc2-c2c(O)ccc(-c3ccc(Br)cc3)c21,c1ccc(-c2cccc3c2CCc2c(-c4ccccn4)cccc2-3)cc1,4.988852639224203,sars2_3cl,coronaviral,IC50,525.4020000000002,0.20652173913043478,False,False,False,False
YQIBOKWZJKHHCS-UHFFFAOYSA-N,CC1C2=C(CC(C)(C)CC2=O)Nc2cc([N+](=O)[O-])ccc2N1C(=O)CCl,O=C1CCCC2=C1CNc1ccccc1N2,4.632271453913024,sars2_3cl,coronaviral,IC50,377.8280000000001,0.18604651162790697,False,False,False,False
YQMNIXIYTFNFAT-UHFFFAOYSA-N,COc1cc(C(=O)n2c(SC)nc3ccccc32)ccc1C,O=C(c1ccccc1)n1cnc2ccccc21,6.180229165473677,sars2_3cl,coronaviral,IC50,312.39400000000006,0.2465753424657534,False,False,False,False
YQWFLPRHIACOBN-UHFFFAOYSA-N,O=C(NCCCNC(=O)n1cc(F)c(=O)[nH]c1=O)c1cc2ccccc2[nH]1,O=C(NCCCNC(=O)n1ccc(=O)[nH]c1=O)c1cc2ccccc2[nH]1,5.585026652029182,sars2_3cl,coronaviral,IC50,373.3440000000001,0.2077922077922078,False,False,False,False
YREYEVIYCVEVJK-UHFFFAOYSA-N,COCCCOc1ccnc(C[S+]([O-])c2nc3ccccc3[nH]2)c1C,c1ccc(C[SH+]c2nc3ccccc3[nH]2)nc1,6.130768280269024,sars2_3cl,coronaviral,IC50,359.451,0.1794871794871795,False,False,False,False
YRSVDGJTWAYJOR-DYSFYUKASA-N,CC(C)(C)[C@H](NC(=O)C(F)(F)F)C(=O)N1[C@@H]2CCC[C@@H]2C[C@H]1C(=O)N[C@H](C#N)C[C@@H]1CCNC1=O,O=C1NCCC1CCNC(=O)C1CC2CCCC2N1,7.743282254022513,sars2_3cl,coronaviral,IC50,499.53400000000033,0.18,False,False,False,False
YRVUYLOYGWBKJC-ZXSGVSCISA-N,CC(C)(C)[C@H](NC(=O)C(F)(F)F)C(=O)N1C[C@H]2[C@@H]([C@H]1C(=O)N[C@@H](C[C@@H]1CCNC1=O)C(=O)c1nc3ccccc3s1)C2(C)C,O=C1NCCC1CC(NC(=O)C1NCC2CC21)C(=O)c1nc2ccccc2s1,7.568636235841012,sars2_3cl,coronaviral,IC50,635.7090000000002,0.20952380952380953,False,False,False,False
YRZIOOUBKJSECZ-UHFFFAOYSA-N,O=C1C=C(Sc2ccccc2)C(=O)c2ccccc21,O=C1C=C(Sc2ccccc2)C(=O)c2ccccc21,6.015922966097169,sars2_3cl,coronaviral,IC50,266.321,0.19298245614035087,False,False,False,False
YSEZQQOILALOLK-DEOSSOPVSA-N,CN(C(=O)[C@H](Cc1ccccc1)NC(=O)CNc1ccc(F)c(F)c1)N(C#N)Cc1ccc(Cl)cc1,O=C(CNc1ccccc1)NC(Cc1ccccc1)C(=O)NNCc1ccccc1,6.464705879957229,sars2_3cl,coronaviral,IC50,511.96000000000015,0.19318181818181818,False,False,False,False
YSFRIMTVIBGECS-PXQJOHHUSA-N,CC(C)(C)NC(=O)C(=O)[C@H](C[C@@H]1CCNC1=O)NC(=O)[C@@H]1[C@H]2CCC[C@H]2CN1C(=O)[C@@H](NC(=O)C(F)(F)F)C1CCCC1,O=C1NCCC1CCNC(=O)C1C2CCCC2CN1C(=O)CC1CCCC1,7.301029995663981,sars2_3cl,coronaviral,IC50,613.6780000000001,0.17307692307692307,False,False,False,False
YSICWLPFZIMPSR-KKFDQILXSA-N,CC(C)(C)[C@H](NC(=O)OCc1cccnc1)C(=O)N1C[C@H]2[C@@H]([C@H]1C(=O)N[C@H](C#N)C[C@@H]1CCNC1=O)C2(C)C,O=C(NCC(=O)N1CC2CC2C1C(=O)NCCC1CCNC1=O)OCc1cccnc1,10.045757490560675,sars2_3cl,coronaviral,Ki,538.6490000000002,0.25225225225225223,False,False,False,False
YTDRVBQFGMRJNW-VULFUBBASA-N,CC1(C)C=Cc2c(ccc3cc(C(=O)N/N=C/c4cnc5ccccc5c4)oc23)O1,O=C(NN=Cc1cnc2ccccc2c1)c1cc2ccc3c(c2o1)C=CCO3,4.527243550682788,sars2_3cl,coronaviral,IC50,397.43400000000014,0.1935483870967742,False,False,False,False
YTGDQWAFWFLJIG-UHFFFAOYSA-N,CCCCNC(=O)c1ccc(-n2sc3ccccc3c2=O)cc1,O=c1c2ccccc2sn1-c1ccccc1,6.040958607678906,sars2_3cl,coronaviral,IC50,326.42100000000005,0.2898550724637681,False,False,False,False
YTLGVZRREVMTAU-NRFANRHFSA-N,O=C(NCc1cccs1)[C@@H]1CN(C(=O)c2cncc3cc[nH]c23)CCN1c1ccc(Cl)c(Cl)c1,O=C(NCc1cccs1)C1CN(C(=O)c2cncc3cc[nH]c23)CCN1c1ccccc1,6.6399203482970215,sars2_3cl,coronaviral,IC50,514.4380000000002,0.23076923076923078,False,False,False,False
YUUOVSLHZXGIKO-BXWFABGCSA-N,COc1cccc2[nH]c(C(=O)N[C@@H](CC(C)C)C(=O)N[C@H](C#N)C[C@@H]3CCCNC3=O)cc12,O=C(CNC(=O)c1cc2ccccc2[nH]1)NCCC1CCCNC1=O,7.886056647693163,sars2_3cl,coronaviral,IC50,453.54300000000023,0.23076923076923078,False,False,False,False
YUWMPPHAKQYXEO-UYLCUJDWSA-N,CCC(CC)[C@H](NC(=O)C(F)(F)F)C(=O)N1C[C@H]2[C@@H]([C@H]1C(=O)NN(C[C@@H]1CCNC1=O)C(=O)[C@H](F)Cl)C2(C)C,O=C1NCCC1CNNC(=O)C1NCC2CC21,8.154901959985743,sars2_3cl,coronaviral,IC50,584.0110000000001,0.17346938775510204,False,False,False,False
YVCYGQVRUNWVOI-FVVUREQNSA-N,CC1(C)[C@@H]2[C@H]1CN(C(=O)OCc1ccccc1)[C@H]2C(=O)N[C@@H](C=O)C[C@H]1CCNC1=O,O=C1NCCC1CCNC(=O)C1C2CC2CN1C(=O)OCc1ccccc1,7.267606240177031,sars2_3cl,coronaviral,IC50,427.50100000000026,0.21978021978021978,False,False,False,False
YVCYGQVRUNWVOI-VMXHOPILSA-N,CC1(C)[C@@H]2[C@@H](C(=O)N[C@H](C=O)C[C@@H]3CCNC3=O)N(C(=O)OCc3ccccc3)C[C@@H]21,O=C1NCCC1CCNC(=O)C1C2CC2CN1C(=O)OCc1ccccc1,5.958607314841775,sars2_3cl,coronaviral,EC50,427.50100000000015,0.21978021978021978,False,False,False,False
YVCYGQVRUNWVOI-VMXHOPILSA-N,CC1(C)[C@@H]2[C@@H](C(=O)N[C@H](C=O)C[C@@H]3CCNC3=O)N(C(=O)OCc3ccccc3)C[C@@H]21,O=C1NCCC1CCNC(=O)C1C2CC2CN1C(=O)OCc1ccccc1,7.434833115752497,sars2_3cl,coronaviral,IC50,427.50100000000015,0.21978021978021978,False,False,False,False
YVPXVXANRNDGTA-WDYNHAJCSA-N,COc1ccc2cc1Oc1ccc(cc1)C[C@H]1c3c(cc4c(c3Oc3cc5c(cc3OC)CCN(C)[C@@H]5C2)OCO4)CCN1C,c1cc2cc(c1)Oc1ccc(cc1)CC1NCCc3cc4c(c(c31)Oc1ccc3c(c1)C(C2)NCC3)OCO4,7.0,sars2_3cl,coronaviral,IC50,606.7190000000002,0.1797752808988764,False,False,False,False
YWHGEAGRPZDJFS-UHFFFAOYSA-N,O=c1[nH]cc(-c2cc(-c3cc(Cl)cc(COc4c(F)cccc4F)c3)c(=O)n(-c3cccnc3)c2)c(=O)[nH]1,O=c1[nH]cc(-c2cc(-c3cccc(COc4ccccc4)c3)c(=O)n(-c3cccnc3)c2)c(=O)[nH]1,7.443697499232712,sars2_3cl,coronaviral,IC50,534.9060000000002,0.1619047619047619,False,False,False,False
YWTDFPAGTAZMHX-UHFFFAOYSA-N,O=C1CCCC2=C1C(c1ccc(OC(F)(F)F)cc1)N(C(=O)CCl)c1ccc([N+](=O)[O-])cc1N2,O=C1CCCC2=C1C(c1ccccc1)Nc1ccccc1N2,5.692503962086787,sars2_3cl,coronaviral,IC50,495.84100000000024,0.19148936170212766,False,False,False,False
YXEWPGYLMHXLPS-UHFFFAOYSA-N,CCC(=O)OCN1C(=O)C=CC1=O,O=C1C=CC(=O)N1,6.537602002101044,sars2_3cl,coronaviral,IC50,183.163,0.18518518518518517,False,False,False,False
YXHLPJQQPOMPGE-UHFFFAOYSA-N,Cc1ccccc1N(C)C(=O)c1ccc([S+]([O-])c2nccs2)c([N+](=O)[O-])c1,O=C(Nc1ccccc1)c1ccc([SH+]c2nccs2)cc1,5.7281583934635005,sars2_3cl,coronaviral,IC50,401.4690000000001,0.2054794520547945,False,False,False,False
YXHVCZZLWZYHSA-FPLPWBNLSA-N,CCCCCC/C=C\CCCCCCCc1cccc(O)c1C(=O)O,c1ccccc1,4.787812395596042,sars2_3cl,coronaviral,IC50,346.511,0.20588235294117646,False,True,False,True
YXIWHUQXZSMYRE-UHFFFAOYSA-N,Sc1nc2ccccc2s1,c1ccc2scnc2c1,5.7594507517174005,sars2_3cl,coronaviral,IC50,167.25799999999998,0.15254237288135594,False,False,False,False
YXNBSYADRMCVPG-VIZOYTHASA-N,NC(=S)N/N=C/c1ccc(-c2ccc(C(=O)O)cc2)s1,c1ccc(-c2cccs2)cc1,5.2380721615794705,sars2_3cl,coronaviral,IC50,305.384,0.18518518518518517,False,False,False,False
YXPBUNXBIWYYIY-UHFFFAOYSA-N,CSc1nc2ccccc2n1C(=O)c1ccc2c(c1)OCCO2,O=C(c1ccc2c(c1)OCCO2)n1cnc2ccccc21,6.0,sars2_3cl,coronaviral,IC50,326.3770000000001,0.25333333333333335,False,False,False,False
YYQVYWXHYOLMBT-UHFFFAOYSA-N,COc1ccc(C(=O)n2c(SC)nc3ccccc32)cc1,O=C(c1ccccc1)n1cnc2ccccc21,5.5214394963443505,sars2_3cl,coronaviral,IC50,298.367,0.2463768115942029,False,False,False,False
YYZGLSGFMZDLJG-UHFFFAOYSA-N,O=C(Nc1ccc(Cl)c(Cl)c1)c1[nH]cnc1C(=O)N1CCOCC1,O=C(Nc1ccccc1)c1[nH]cnc1C(=O)N1CCOCC1,4.350762527650393,sars2_3cl,coronaviral,IC50,369.20800000000025,0.21951219512195122,False,False,False,False
YZKRVGGXWOHLKY-ZWOKBUDYSA-N,CC(C)C[C@H](NC(=O)OCC(C)(C)Sc1nc2ccccc2[nH]1)C(=O)N[C@H](C=O)C[C@@H]1CCNC1=O,O=C(CNC(=O)OCCSc1nc2ccccc2[nH]1)NCCC1CCNC1=O,6.522878745280337,sars2_3cl,coronaviral,IC50,517.6520000000002,0.2,False,False,False,False
YZLWOCVNTNMLKO-UHFFFAOYSA-N,CCOc1ccc(C(=O)Oc2cncc(Cl)c2)c(F)c1,O=C(Oc1cccnc1)c1ccccc1,7.324221658325915,sars2_3cl,coronaviral,IC50,295.697,0.19718309859154928,False,False,False,False
YZXCERDXUHAIMS-UHFFFAOYSA-N,O=C(Oc1cncc(Cl)c1)c1ccc(Cl)c(Cl)c1,O=C(Oc1cccnc1)c1ccccc1,7.015922966097169,sars2_3cl,coronaviral,IC50,302.544,0.21428571428571427,False,False,False,False
ZAKSIAKFNDBWPL-UHFFFAOYSA-N,Cc1nnc(SC(=O)c2ccc3ccccc3c2)s1,O=C(Sc1nncs1)c1ccc2ccccc2c1,6.342944147142896,sars2_3cl,coronaviral,IC50,286.38100000000003,0.23943661971830985,False,False,False,False
ZAKSIAKFNDBWPL-UHFFFAOYSA-N,Cc1nnc(SC(=O)c2ccc3ccccc3c2)s1,O=C(Sc1nncs1)c1ccc2ccccc2c1,7.675717544702307,sars2_3cl,coronaviral,Ki,286.38100000000003,0.23943661971830985,False,False,False,False
ZARIXTUHKSTYAP-UHFFFAOYSA-N,N#Cc1ccccc1-c1cc(-c2cccc(Cl)c2)cn(-c2cccnc2)c1=O,O=c1c(-c2ccccc2)cc(-c2ccccc2)cn1-c1cccnc1,5.000434511774017,sars2_3cl,coronaviral,IC50,383.8380000000001,0.20454545454545456,False,False,False,False
ZASLDSONXYVMHT-NKBQLAKTSA-N,O=C1C[C@H]2Cc3ccccc3N2C(=O)c2cncc(c2)/C=C/CCCCCOC(=O)[C@@H](Cc2ccc(Cl)cc2)N1,O=C1CC2Cc3ccccc3N2C(=O)c2cncc(c2)C=CCCCCCOC(=O)C(Cc2ccccc2)N1,7.958607314841775,sars2_3cl,coronaviral,IC50,558.0780000000004,0.19,False,False,False,False
ZAVIQEKCTNGTAR-HOMAGXEVSA-N,CC(F)(F)CC[C@H](NC(=O)[C@@H]1[C@@H]2[C@H](CN1C(=O)[C@@H](NC(=O)NC1(CS(=O)(=O)C(C)(C)C)CCCCC1)C(C)(C)C)C2(C)C)C(=O)C(=O)NC1CC1,O=C(NCC(=O)N1CC2CC2C1C(=O)NCC(=O)C(=O)NC1CC1)NC1CCCCC1,6.889410289700751,sars2_3cl,coronaviral,IC50,743.9589999999998,0.1651376146788991,False,False,False,False
ZBFDAUIVDSSISP-UHFFFAOYSA-N,COc1ccc2[nH]c([S+]([O-])Cc3ncc(C)c(OC)c3C)nc2n1,c1ccc(C[SH+]c2nc3ncccc3[nH]2)nc1,6.013228265733755,sars2_3cl,coronaviral,IC50,346.4120000000001,0.1728395061728395,False,False,False,False
ZBWCAPBPHSAJFD-WPFOTENUSA-N,COC(=O)N[C@H](C(=O)N1CC2(CCCCC2)C[C@H]1C(=O)N[C@@H](CCC(C)(F)F)C(=O)C(=O)NC1CCCCC1)C(C)(C)C,O=C(CNC(=O)C1CC2(CCCCC2)CN1)C(=O)NC1CCCCC1,7.113509274827518,sars2_3cl,coronaviral,IC50,612.7589999999998,0.20618556701030927,False,False,False,False
ZCIGNRJZKPOIKD-CQXVEOKZSA-N,CC(C)c1nc(CN(C)C(=O)N[C@@H](CCN2CCOCC2)C(=O)N[C@H](CC[C@H](Cc2ccccc2)NC(=O)OCc2cncs2)Cc2ccccc2)cs1,O=C(NCc1cscn1)NC(CCN1CCOCC1)C(=O)NC(CCC(Cc1ccccc1)NC(=O)OCc1cncs1)Cc1ccccc1,5.173925197299173,sars2_3cl,coronaviral,IC50,776.0420000000001,0.18421052631578946,False,False,False,False
ZCIGNRJZKPOIKD-CQXVEOKZSA-N,CC(C)c1nc(CN(C)C(=O)N[C@@H](CCN2CCOCC2)C(=O)N[C@H](CC[C@H](Cc2ccccc2)NC(=O)OCc2cncs2)Cc2ccccc2)cs1,O=C(NCc1cscn1)NC(CCN1CCOCC1)C(=O)NC(CCC(Cc1ccccc1)NC(=O)OCc1cncs1)Cc1ccccc1,5.657577319177793,sars2_3cl,coronaviral,Kd,776.0420000000001,0.18421052631578946,False,False,False,False
ZCJAOBZWEYMXKI-WKOLOUIMSA-N,CC(C)(C)[C@H](NC(=O)C(F)(F)F)C(=O)N1C[C@H]2[C@@H]([C@H]1C(=O)N[C@H](C#Cc1ccccc1)C[C@@H]1CCNC1=O)C2(C)C,O=C1NCCC1CC(C#Cc1ccccc1)NC(=O)C1NCC2CC21,4.958607314841775,sars2_3cl,coronaviral,IC50,574.6440000000001,0.21649484536082475,False,False,False,False
ZCJNGJUPLOLQFH-CMKODMSKSA-N,COC(=O)N[C@H](C(=O)N1CC2(CCOCC2)C[C@H]1C(=O)N[C@@H](CCC(C)(F)F)C(=O)C(=O)NC1CC1)C(C)(C)C,O=C(CNC(=O)C1CC2(CCOCC2)CN1)C(=O)NC1CC1,6.527243550682788,sars2_3cl,coronaviral,IC50,572.65,0.18,False,False,False,False
ZDKHDGGVRQREJP-MWTXUKJESA-N,N#C[C@H](C[C@@H]1CCNC1=O)NC(=O)[C@@H]1[C@H]2CCC[C@H]2CN1C(=O)[C@@H](NC(=O)C(F)(F)F)c1ccc(F)cc1,O=C1NCCC1CCNC(=O)C1C2CCCC2CN1C(=O)Cc1ccccc1,6.782516055786093,sars2_3cl,coronaviral,IC50,537.5140000000002,0.22105263157894736,False,False,False,False
ZDLYYOHLCLRQBZ-WOXVELEUSA-N,COC(=O)N[C@H](C(=O)N1C[C@H](C(F)(F)F)C[C@H]1C(=O)N[C@H](C#N)C[C@@H]1CC(O)NC1=O)C(C)(C)C,O=C1NCCC1CCNC(=O)C1CCCN1,7.886056647693163,sars2_3cl,coronaviral,Ki,505.4940000000002,0.18556701030927836,False,False,False,False
ZDOTZEDNGNPOEW-UHFFFAOYSA-N,O=c1c(O)c(-c2ccc(O)cc2)oc2c(O)c(O)cc(O)c12,O=c1cc(-c2ccccc2)oc2ccccc12,4.481486060122113,sars2_3cl,coronaviral,IC50,302.23800000000006,0.1375,False,False,False,False
ZDRAZCMSUQENNX-UHFFFAOYSA-N,CCCCCCCc1ccc(-n2[se]c3ccccc3c2=O)cc1,O=c1c2ccccc2[se]n1-c1ccccc1,5.254962704703923,sars2_3cl,coronaviral,IC50,372.37000000000006,0.22058823529411764,False,False,False,False
ZEZOBFSLMMTYFF-HQSFFLIMSA-N,CC1=C[C@H](c2c(O)ccc([C@@H]3CC(=O)c4c(O)cc(O)cc4O3)c2O)[C@@H](C(=O)c2ccc(O)cc2O)[C@H](c2ccc(O)cc2O)C1,O=C1CC(c2cccc(C3C=CCC(c4ccccc4)C3C(=O)c3ccccc3)c2)Oc2ccccc21,5.275724130399211,sars2_3cl,coronaviral,IC50,626.6140000000001,0.16853932584269662,False,False,False,False
ZFCKNRKTYFTRRF-UHFFFAOYSA-N,O=C(Cn1sc2cc(F)ccc2c1=O)NCCc1ccccc1,O=C(Cn1sc2ccccc2c1=O)NCCc1ccccc1,6.410832609453952,sars2_3cl,coronaviral,IC50,330.384,0.2676056338028169,False,False,False,False
ZFKWFHMKVZEDEN-UHFFFAOYSA-N,Cc1cc(C)cc(N2C(=O)CC(Sc3nc[nH]n3)C2=O)c1,O=C1CC(Sc2nc[nH]n2)C(=O)N1c1ccccc1,5.498940737782249,sars2_3cl,coronaviral,IC50,302.35900000000004,0.18571428571428572,False,False,False,False
ZFRQCQMWTYHBSB-HTXNQAPBSA-N,CCOc1ccc(-c2n/c(=N\C)sn2-c2ccc(F)cc2)cc1,N=c1nc(-c2ccccc2)n(-c2ccccc2)s1,6.335358024443874,sars2_3cl,coronaviral,IC50,329.40000000000003,0.1774193548387097,False,False,False,False
ZGMWMYXMHAWZHS-UHFFFAOYSA-N,COc1cc(F)ccc1C(=O)Oc1cncc(Cl)c1,O=C(Oc1cccnc1)c1ccccc1,6.603800652904264,sars2_3cl,coronaviral,IC50,281.66999999999996,0.26666666666666666,False,False,False,False
ZGQIGYFYBVHMEM-UHFFFAOYSA-N,CC1=C(c2ccccc2)C1C(=O)NCc1nc(-c2cccc(F)c2)no1,O=C(NCc1nc(-c2ccccc2)no1)C1C=C1c1ccccc1,4.174184555014796,sars2_3cl,coronaviral,IC50,349.365,0.25333333333333335,False,False,False,False
ZHXFXFODFHJFKJ-UHFFFAOYSA-N,O=c1c2ccccc2[se]n1C1CCN(S(=O)(=O)C2CC2)CC1,O=c1c2ccccc2[se]n1C1CCN(S(=O)(=O)C2CC2)CC1,6.448550002027124,sars2_3cl,coronaviral,IC50,385.3470000000002,0.234375,False,False,False,False
ZIFDPYHEFNZQJZ-XTNBKJMLSA-N,Cc1cccc2[nH]c(C(=O)N3C[C@H]4[C@@H]([C@H]3C(=O)N[C@H](C=O)C[C@@H]3CCNC3=O)C4(C)C)cc12,O=C1NCCC1CCNC(=O)C1C2CC2CN1C(=O)c1cc2ccccc2[nH]1,7.431798275933005,sars2_3cl,coronaviral,IC50,450.5390000000003,0.23157894736842105,False,False,False,False
ZIFJJRRCTKAIGB-UHFFFAOYSA-N,COC(=O)c1ccc(-n2sc3ccccc3c2=O)cc1,O=c1c2ccccc2sn1-c1ccccc1,6.443697499232712,sars2_3cl,coronaviral,IC50,285.324,0.25,False,False,False,False
ZIWRGXZFSGDQST-MZKZUXPJSA-N,[2H]C([2H])(OC(=O)N[C@@H](CC(C)C)C(=O)N[C@@H](C[C@H]1CCNC1=O)C(O)S(=O)(=O)O)C1CC2C=CCC(C2)C1,O=C(CNC(=O)OCC1CC2C=CCC(C2)C1)NCCC1CCNC1=O,6.522878745280337,sars2_3cl,coronaviral,IC50,531.6682035560001,0.16822429906542055,False,False,False,False
ZIWRGXZFSGDQST-XRBGKDFHSA-N,CC(C)C[C@H](NC(=O)OCC1CC2C=CCC(C2)C1)C(=O)N[C@@H](C[C@H]1CCNC1=O)C(O)S(=O)(=O)O,O=C(CNC(=O)OCC1CC2C=CCC(C2)C1)NCCC1CCNC1=O,6.585026652029182,sars2_3cl,coronaviral,IC50,529.6560000000003,0.17142857142857143,False,False,False,False
ZJJWJFPAIHSFPL-GEYSCHDUSA-N,CC(C)C[C@H](NC(=O)OC1CC2(CCN(C(=O)C(C)C)CC2)C1)C(=O)N[C@@H](C[C@H]1CCNC1=O)C(=O)C(O)S(=O)(=O)O,O=C(CNC(=O)OC1CC2(CCNCC2)C1)NCCC1CCNC1=O,6.3872161432802645,sars2_3cl,coronaviral,IC50,616.7340000000006,0.18,False,False,False,False
ZJKJCJPOFGIQHC-CMDGGOBGSA-N,O=C(/C=C/c1ccccn1)NCc1nc(-c2ccc(C(F)(F)F)cc2)no1,O=C(C=Cc1ccccn1)NCc1nc(-c2ccccc2)no1,3.989530430203608,sars2_3cl,coronaviral,IC50,374.322,0.24675324675324675,False,False,False,False
ZJWJCZGYCUTEHH-SMRBLEIJSA-N,CC(C)C[C@H](NC(=O)[C@@H](NC(=O)/C=C/c1ccc(C(C)C)cc1)C(C)C)C(=O)N[C@H](C=O)C[C@@H]1CCCNC1=O,O=C(C=Cc1ccccc1)NCC(=O)NCC(=O)NCCC1CCCNC1=O,6.638272163982407,sars2_3cl,coronaviral,IC50,554.7320000000003,0.16842105263157894,False,False,False,False
ZKBLISMXIIEYJW-UHFFFAOYSA-N,O=C(CCc1ccccc1)NCc1nc(-c2ccc(C(F)(F)F)cc2)no1,O=C(CCc1ccccc1)NCc1nc(-c2ccccc2)no1,4.043447408082601,sars2_3cl,coronaviral,IC50,375.35,0.265625,False,False,False,False
ZKPWZFFMCXTNSE-IBGZPJMESA-N,O=C(NCc1ccc(Br)s1)[C@@H]1CN(C(=O)c2cccnc2)CCN1c1ccc(Cl)c(Cl)c1,O=C(NCc1cccs1)C1CN(C(=O)c2cccnc2)CCN1c1ccccc1,5.7447274948966935,sars2_3cl,coronaviral,IC50,554.2970000000003,0.2441860465116279,False,False,False,False
ZKVRJAYHSPDNHQ-YYFQZIEXSA-N,CSCC[C@@H](C#N)NC(=O)[C@@H]1[C@@H]2[C@H](CN1C(=O)[C@@H](NC(=O)C(F)(F)F)C(C)(C)C)C2(C)C,C1NCC2CC12,6.050609993355087,sars2_3cl,coronaviral,IC50,476.56500000000017,0.1935483870967742,False,False,False,False
ZLRFZADPRBYYHD-ONEGZZNKSA-N,O=C(/C=C/c1c(Cl)c(O)c(O)c(O)c1Cl)c1cccs1,O=C(C=Cc1ccccc1)c1cccs1,6.666351243485298,sars2_3cl,coronaviral,IC50,331.17600000000004,0.24193548387096775,False,False,False,False
ZMOZSXJGWLKEFR-DZKIICNBSA-N,COc1cccc2[nH]c(C(=O)N[C@@H](CC(C)C)C(=O)N[C@H](C#N)C[C@@H]3CCNC3=O)c(F)c12,O=C(CNC(=O)c1cc2ccccc2[nH]1)NCCC1CCNC1=O,7.275724130399211,sars2_3cl,coronaviral,Ki,457.5060000000002,0.23076923076923078,False,False,False,False
ZMUQNKRTLPRFGB-HVRBKMHZSA-N,CC1(C)[C@@H]2[C@@H](C(=O)N[C@H](C=O)C[C@@H]3CCNC3=O)N(C(=O)C3(c4cccc(Cl)c4)CC3)C[C@@H]21,O=C1NCCC1CCNC(=O)C1C2CC2CN1C(=O)C1(c2ccccc2)CC1,7.958607314841775,sars2_3cl,coronaviral,IC50,471.98500000000024,0.22105263157894736,False,False,False,False
ZNUJKLQDTADXBU-UHFFFAOYSA-N,O=C(CCc1cc(O)c(O)c(O)c1)c1ccc(F)cc1,O=C(CCc1ccccc1)c1ccccc1,5.751781438809925,sars2_3cl,coronaviral,IC50,276.263,0.24,False,False,False,False
ZOJIOPWSINTWTJ-IPLINKKNSA-N,CC(C)C[C@H](NC(=O)OC1(C)CN(C(=O)OC(C)(C)C)C1)C(=O)N[C@@H](C[C@H]1CCNC1=O)C(=O)C(O)S(=O)(=O)O,O=C(CNC(=O)OC1CNC1)NCCC1CCNC1=O,5.6020599913279625,sars2_3cl,coronaviral,IC50,592.6680000000003,0.2,False,False,False,False
ZOMNORZQANASQP-OAQYLSRUSA-N,CCn1ccc(-c2cc(-c3cnn(C)c3)cc([C@@H](C)NC(=O)c3cc(OCCN(C)C)ccc3C)c2)n1,O=C(NCc1cc(-c2cn[nH]c2)cc(-c2cc[nH]n2)c1)c1ccccc1,7.522878745280337,sars2_3cl,coronaviral,Ki,500.64700000000033,0.2111111111111111,False,False,False,False
ZOSDANWQBTXOLM-OPXMRZJTSA-N,COc1cccc2[nH]c(C(=O)N[C@@H](CC(C)C)C(=O)N[C@@H](C[C@@H]3CCCNC3=O)C(=O)COC(=O)c3c(C(F)(F)F)cc(C)nc3C)cc12,O=C(CNC(=O)c1cc2ccccc2[nH]1)NC(CC1CCCNC1=O)C(=O)COC(=O)c1cccnc1,7.853871964321762,sars2_3cl,coronaviral,IC50,687.7160000000002,0.21052631578947367,False,False,False,False
ZOYOUMDNRYWILK-ZOGPMHITSA-N,CC(C)(C)[C@H](NC(=O)C(F)(F)F)C(=O)N1C[C@H]2[C@@H]([C@H]1C(=O)N[C@@H](C[C@@H]1CCNC1=O)C(=O)CO)C2(C)C,O=C1NCCC1CCNC(=O)C1NCC2CC21,8.096910013008056,sars2_3cl,coronaviral,IC50,532.5600000000003,0.19,False,False,False,False
ZOYOUMDNRYWILK-ZOGPMHITSA-N,CC(C)(C)[C@H](NC(=O)C(F)(F)F)C(=O)N1C[C@H]2[C@@H]([C@H]1C(=O)N[C@@H](C[C@@H]1CCNC1=O)C(=O)CO)C2(C)C,O=C1NCCC1CCNC(=O)C1NCC2CC21,8.698970004336019,sars2_3cl,coronaviral,Ki,532.5600000000003,0.19,False,False,False,False
ZPAROKKEELGGEB-UHFFFAOYSA-N,O=C(Sc1nc2ccccc2s1)c1cc2ccccc2s1,O=C(Sc1nc2ccccc2s1)c1cc2ccccc2s1,6.721246399047171,sars2_3cl,coronaviral,IC50,327.45500000000004,0.17142857142857143,False,False,False,False
ZPAROKKEELGGEB-UHFFFAOYSA-N,O=C(Sc1nc2ccccc2s1)c1cc2ccccc2s1,O=C(Sc1nc2ccccc2s1)c1cc2ccccc2s1,6.79317412396815,sars2_3cl,coronaviral,Ki,327.45500000000004,0.17142857142857143,False,False,False,False
ZPMWLNXCUJGNLD-UHFFFAOYSA-N,CC1(C)CC(=O)C2=C(C1)Nc1cc([N+](=O)[O-])ccc1N(C(=O)CCl)C2c1ccc(F)cc1F,O=C1CCCC2=C1C(c1ccccc1)Nc1ccccc1N2,5.019996628416253,sars2_3cl,coronaviral,IC50,475.8790000000002,0.21348314606741572,False,False,False,False
ZQANKKKURRNXKC-UHFFFAOYSA-N,CCC(C(=O)Nc1cc(NC2CCNC2)ccc1C)n1cc(F)cc2nc(SCc3ccc(F)cc3)nc1-2,O=C(Cn1cccc2nc(SCc3ccccc3)nc1-2)Nc1cccc(NC2CCNC2)c1,6.636388020107855,sars2_3cl,coronaviral,IC50,536.6520000000002,0.21505376344086022,False,False,False,False
ZQANKKKURRNXKC-UHFFFAOYSA-N,CCC(C(=O)Nc1cc(NC2CCNC2)ccc1C)n1cc(F)cc2nc(SCc3ccc(F)cc3)nc1-2,O=C(Cn1cccc2nc(SCc3ccccc3)nc1-2)Nc1cccc(NC2CCNC2)c1,6.698970004336019,sars2_3cl,coronaviral,Kd,536.6520000000002,0.21505376344086022,False,False,False,False
ZREVBVHHWZNHCC-DEOSSOPVSA-N,CN(C(=O)[C@H](Cc1ccccc1)NC(=O)CNc1ccc(F)cc1F)N(C#N)Cc1ccc(Cl)cc1,O=C(CNc1ccccc1)NC(Cc1ccccc1)C(=O)NNCc1ccccc1,6.021363051615525,sars2_3cl,coronaviral,IC50,511.96000000000015,0.2159090909090909,False,False,False,False
ZRNQNYBKLHWALW-VULFUBBASA-N,CC1(C)C=Cc2c(ccc3cc(C(=O)N/N=C/c4ccc5ncccc5c4)oc23)O1,O=C(NN=Cc1ccc2ncccc2c1)c1cc2ccc3c(c2o1)C=CCO3,4.467245621007502,sars2_3cl,coronaviral,IC50,397.43400000000014,0.19318181818181818,False,False,False,False
ZRYHXKCLNUWHHB-UHFFFAOYSA-N,CC(C)Cc1nc2cc(O)c(O)c(O)c2c(=O)n1-c1ccccc1,O=c1c2ccccc2ncn1-c1ccccc1,6.97061622231479,sars2_3cl,coronaviral,IC50,326.35200000000003,0.2191780821917808,False,False,False,False
ZSDMEQDHYASRTO-UHFFFAOYSA-N,CCCCOc1cc(Cl)cc(-c2cc(-c3c[nH]c(=O)[nH]c3=O)cn(-c3cccnc3)c2=O)c1,O=c1[nH]cc(-c2cc(-c3ccccc3)c(=O)n(-c3cccnc3)c2)c(=O)[nH]1,6.6020599913279625,sars2_3cl,coronaviral,IC50,464.90900000000016,0.1782178217821782,False,False,False,False
ZSHZGOTWHMPWJK-SMVSCOHQSA-N,CC(C)(C)[C@H](NS(=O)(=O)C1CC1)C(=O)N1C[C@H]2[C@@H]([C@H]1C(=O)N[C@H](C#N)C[C@@H]1CCNC1=O)C2(C)C,O=C1NCCC1CCNC(=O)C1C2CC2CN1C(=O)CNS(=O)(=O)C1CC1,7.641494088509765,sars2_3cl,coronaviral,IC50,507.65700000000027,0.16326530612244897,False,False,False,False
ZSMNIFMLEWJRJS-OJFNHCPVSA-N,CC(C)(C)[C@H](NC(=O)C(Cl)(Cl)Cl)C(=O)N1C[C@H]2[C@@H]([C@H]1C(=O)N[C@H](C#N)C[C@@H]1CCNC1=O)C2(C)C,O=C1NCCC1CCNC(=O)C1NCC2CC21,9.698970004336019,sars2_3cl,coronaviral,Ki,548.8990000000002,0.16842105263157894,False,False,False,False
ZSOQJYAJYKISGM-UHFFFAOYSA-N,CC(C)Cn1c(C(=O)NCCCNC(=O)n2cc(F)c(=O)[nH]c2=O)cc2cc(Cl)ccc21,O=C(NCCCNC(=O)n1ccc(=O)[nH]c1=O)c1cc2ccccc2[nH]1,6.455931955649724,sars2_3cl,coronaviral,IC50,463.8970000000001,0.1927710843373494,False,False,False,False
ZSSDZVMVWPPHTJ-OVYRPRKUSA-N,CC(C)[C@@H](NC(=O)C(F)(F)F)C(=O)N[C@@H](CC(C)(C)C)C(=O)N1C[C@]2(C[C@H]1C#N)C(=O)Nc1ccccc12,O=C1Nc2ccccc2C12CCNC2,6.259637310505756,sars2_3cl,coronaviral,IC50,535.5670000000002,0.21,False,False,False,False
ZSSZAXLADMFEDY-UHFFFAOYSA-N,O=C1CCCC2=C1C(c1ccccc1)N(C(=O)CCl)c1ccc([N+](=O)[O-])cc1N2,O=C1CCCC2=C1C(c1ccccc1)Nc1ccccc1N2,5.777283528852417,sars2_3cl,coronaviral,IC50,411.84500000000014,0.20454545454545456,False,False,False,False
ZSVNOTCVAYHYOM-IXWRAZNESA-N,CC(C)C[C@H](NC(=O)OCC1CC(=O)N(Cc2cccc(C(F)(F)F)c2)C1)C(=O)N[C@H](C=O)C[C@@H]1CCNC1=O,O=C(CNC(=O)OCC1CC(=O)N(Cc2ccccc2)C1)NCCC1CCNC1=O,6.3872161432802645,sars2_3cl,coronaviral,IC50,568.5930000000001,0.26804123711340205,False,False,False,False
ZTDJZRYPBSMEET-ZQIUZPCESA-N,COc1c(O)ccc2[nH]c(C(=O)N[C@@H](CC(C)C)C(=O)N[C@H](C#N)C[C@@H]3CCNC3=O)cc12,O=C(CNC(=O)c1cc2ccccc2[nH]1)NCCC1CCNC1=O,7.130768280269024,sars2_3cl,coronaviral,Ki,455.5150000000002,0.18181818181818182,False,False,False,False
ZTPFQRHYRYWCFL-UHFFFAOYSA-N,O=c1[nH]c(-c2ccc(Cl)cc2)nc2cc(O)c(O)c(O)c12,O=c1[nH]c(-c2ccccc2)nc2ccccc12,5.113170995323018,sars2_3cl,coronaviral,IC50,304.689,0.16666666666666666,False,False,False,False
ZTQWWBOYSXXRPQ-UCFCWBNQSA-N,C[C@@H](OC(C)(C)C)[C@H](NC(=O)OCc1ccccc1)C(=O)N[C@@H](CC1CCCCC1)C(=O)NN(CCC(N)=O)C(=O)C(Cl)Cl,O=C(CNC(=O)OCc1ccccc1)NCCC1CCCCC1,4.167491087293763,sars2_3cl,coronaviral,IC50,658.6240000000003,0.25510204081632654,False,False,False,False
ZUJYEBOODZAUNP-RPWUZVMVSA-N,O=C(N[C@H]1CCCC[C@H]1Nc1c(C(=O)N2CCOCC2)cc(C2CC2)cc1[N+](=O)[O-])c1cc(=O)[nH]c2c(F)cccc12,O=C(NC1CCCCC1Nc1ccc(C2CC2)cc1C(=O)N1CCOCC1)c1cc(=O)[nH]c2ccccc12,7.939302159646388,sars2_3cl,coronaviral,IC50,577.6130000000004,0.22340425531914893,False,False,False,False
ZUSGWUPZVRFBOU-GOTSBHOMSA-N,CC(C)C[C@H](NC(=O)CCl)C(=O)N[C@@H](Cc1c[nH]c2ccccc12)C(=O)NCc1ccccc1,O=C(CCc1c[nH]c2ccccc12)NCc1ccccc1,5.551168510045487,sars2_3cl,coronaviral,IC50,483.01200000000017,0.23255813953488372,False,False,False,False
ZUSGWUPZVRFBOU-XZOQPEGZSA-N,CC(C)C[C@H](NC(=O)CCl)C(=O)N[C@H](Cc1c[nH]c2ccccc12)C(=O)NCc1ccccc1,O=C(CCc1c[nH]c2ccccc12)NCc1ccccc1,4.83533373241024,sars2_3cl,coronaviral,IC50,483.01200000000017,0.23255813953488372,False,False,False,False
ZUVSUAMQSWTVKO-UHFFFAOYSA-N,O=C(NCCCCCCc1ccccc1)n1cc(F)c(=O)[nH]c1=O,O=C(NCCCCCCc1ccccc1)n1ccc(=O)[nH]c1=O,5.42021640338319,sars2_3cl,coronaviral,IC50,333.3630000000001,0.23943661971830985,False,False,False,False
ZUZMPCWEWWIPQX-VNNZRSTGSA-N,CC(C)C[C@H](NC(=O)[C@H](Cc1ccc(F)cc1)NC(=O)OCc1ccccc1)C(=O)N[C@@H](C[C@@H]1CCNC1=O)C(=O)C(=O)NC(C)C,O=C(CNC(=O)C(Cc1ccccc1)NC(=O)OCc1ccccc1)NCCC1CCNC1=O,8.299988937677888,sars2_3cl,coronaviral,IC50,653.7520000000002,0.26373626373626374,False,False,False,False
ZUZMPCWEWWIPQX-VNNZRSTGSA-N,CC(C)C[C@H](NC(=O)[C@H](Cc1ccc(F)cc1)NC(=O)OCc1ccccc1)C(=O)N[C@@H](C[C@@H]1CCNC1=O)C(=O)C(=O)NC(C)C,O=C(CNC(=O)C(Cc1ccccc1)NC(=O)OCc1ccccc1)NCCC1CCNC1=O,8.299988937677888,sars2_3cl,coronaviral,Ki,653.7520000000002,0.26373626373626374,False,False,False,False
ZVOLCUVKHLEPEV-UHFFFAOYSA-N,O=c1c(O)c(-c2ccc(O)c(O)c2)oc2cc(O)c(O)c(O)c12,O=c1cc(-c2ccccc2)oc2ccccc12,5.906578314837764,sars2_3cl,coronaviral,IC50,318.2370000000001,0.1388888888888889,False,False,False,False
ZVVOQZSWKRKBQX-BVBHFADKSA-N,C[C@@H](OC(C)(C)C)[C@H](NC(=O)OCc1ccccc1)C(=O)N[C@H](C=O)C[C@@H]1CCNC1=O,O=C(CNC(=O)OCc1ccccc1)NCCC1CCNC1=O,6.3979400086720375,sars2_3cl,coronaviral,IC50,447.5320000000002,0.21505376344086022,False,False,False,False
ZVVVVKHPTMHPGP-SVFBPWRDSA-N,CC1(C)[C@H](C(=O)OCc2ccc(F)cc2F)N2C(=O)[C@@H](NC(=O)COc3ccccc3)[C@H]2S1(=O)=O,O=C(COc1ccccc1)NC1C(=O)N2C(C(=O)OCc3ccccc3)CS(=O)(=O)C12,5.443697499232712,sars2_3cl,coronaviral,IC50,508.4990000000002,0.21686746987951808,False,False,False,False
ZVWAWSPWVCDCIL-OMCISZLKSA-N,NC(=S)N/N=C/c1ccc(-c2cc(C(=O)O)ccc2Cl)o1,c1ccc(-c2ccco2)cc1,5.0,sars2_3cl,coronaviral,IC50,323.7610000000001,0.1791044776119403,False,False,False,False
ZVYWVAOSAREIMN-UHFFFAOYSA-N,O=S(=O)(Cc1cscn1)c1nnc(-c2ccc(Cl)cc2)o1,O=S(=O)(Cc1cscn1)c1nnc(-c2ccccc2)o1,6.376750709602099,sars2_3cl,coronaviral,IC50,341.80100000000004,0.22857142857142856,False,False,False,False
ZWCBQUIHQGWUEV-MYGLTJDJSA-N,CC(C)(C)[C@H](NC(=O)OCc1ccccc1)C(=O)N[C@@H](CC1CC1)C(=O)N[C@H](C=O)C[C@@H]1CCNC1=O,O=C(CNC(=O)OCc1ccccc1)NC(CC1CC1)C(=O)NCCC1CCNC1=O,5.823908740944319,sars2_3cl,coronaviral,EC50,514.6230000000003,0.22105263157894736,False,False,False,False
ZWCBQUIHQGWUEV-MYGLTJDJSA-N,CC(C)(C)[C@H](NC(=O)OCc1ccccc1)C(=O)N[C@@H](CC1CC1)C(=O)N[C@H](C=O)C[C@@H]1CCNC1=O,O=C(CNC(=O)OCc1ccccc1)NC(CC1CC1)C(=O)NCCC1CCNC1=O,7.886056647693163,sars2_3cl,coronaviral,IC50,514.6230000000003,0.22105263157894736,False,False,False,False
ZWNUSPRNDHICDG-HXUWFJFHSA-N,Cc1ccc(OCCN(C)C)cc1C(=O)N[C@H](C)c1cc(-c2cnn(C)c2)cc(-c2cnn(C)c2)c1,O=C(NCc1cc(-c2cn[nH]c2)cc(-c2cn[nH]c2)c1)c1ccccc1,7.522878745280337,sars2_3cl,coronaviral,Ki,486.62000000000023,0.22784810126582278,False,False,False,False
ZXOBLNBVNROVLC-UHFFFAOYSA-N,N#CSc1cc(SC#N)c(N)nc1N,c1ccncc1,6.3872161432802645,sars2_3cl,coronaviral,IC50,223.28599999999997,0.13559322033898305,False,True,False,True
ZXWUQYDBHXZGPS-UHFFFAOYSA-N,O=c1c2ccccc2[se]n1-c1cc(Cl)ccc1F,O=c1c2ccccc2[se]n1-c1ccccc1,7.8170150329964185,sars2_3cl,coronaviral,IC50,326.616,0.19117647058823528,False,False,False,False
ZYTJDBYJYAWQKF-MPGHIAIKSA-N,COc1cccc2[nH]c(C(=O)N[C@@H](CC(C)C)C(=O)N[C@H](C#N)C[C@@H]3CCNC3=O)cc12,O=C(CNC(=O)c1cc2ccccc2[nH]1)NCCC1CCNC1=O,7.332974279826554,sars2_3cl,coronaviral,Ki,439.5160000000002,0.23076923076923078,False,False,False,False
ZYTPLZKDUYQTPE-RRPNLBNLSA-N,O=C1c2c(O)cc(OP(=O)(Oc3ccccc3)Oc3ccccc3)cc2O[C@H](c2cc(O)c(O)c(O)c2)[C@H]1O,O=C1CC(c2ccccc2)Oc2cc(OP(=O)(Oc3ccccc3)Oc3ccccc3)ccc21,5.735182176990463,sars2_3cl,coronaviral,IC50,552.4280000000003,0.15384615384615385,False,False,False,False
ZYWWXXXHRGVYFY-UHFFFAOYSA-N,Cc1ccccc1OCc1cc(Cl)cc(-c2cc(-c3c[nH]c(=O)[nH]c3=O)cn(-c3cccnc3)c2=O)c1,O=c1[nH]cc(-c2cc(-c3cccc(COc4ccccc4)c3)c(=O)n(-c3cccnc3)c2)c(=O)[nH]1,7.0,sars2_3cl,coronaviral,IC50,512.9530000000002,0.21428571428571427,False,False,False,False
ZYXQADHLOGEXOL-QJUXXTNESA-N,CCC[C@@H]1C[C@H]1COC(=O)N[C@@H](CC(C)C)C(=O)N[C@@H](C[C@H]1CCNC1=O)[C@@H](O)S(=O)(=O)O,O=C(CNC(=O)OCC1CC1)NCCC1CCNC1=O,6.769551078621726,sars2_3cl,coronaviral,IC50,491.6070000000002,0.17346938775510204,False,False,False,False
ZYXWVPDZVJRNPH-UHFFFAOYSA-N,CC1=C(c2ccccc2)C1C(=O)NCc1nc(-c2ccccc2C(F)(F)F)no1,O=C(NCc1nc(-c2ccccc2)no1)C1C=C1c1ccccc1,4.1744440677096435,sars2_3cl,coronaviral,IC50,399.372,0.23076923076923078,False,False,False,False
ZYYDDFYJLRUJMT-UHFFFAOYSA-N,O=C(Oc1cncc(Cl)c1)c1ccc(-c2cccnc2)cc1,O=C(Oc1cccnc1)c1ccc(-c2cccnc2)cc1,6.863279432843593,sars2_3cl,coronaviral,IC50,310.74,0.2972972972972973,False,False,False,False
ZZEKKVSTHCQKEV-JOCHJYFZSA-N,COCCn1cc(-c2cc(-c3cccs3)cc([C@@H](C)NC(=O)c3cc(OCCN(C)C)ccc3C)c2)cn1,O=C(NCc1cc(-c2cn[nH]c2)cc(-c2cccs2)c1)c1ccccc1,6.958607314841775,sars2_3cl,coronaviral,IC50,532.7100000000003,0.24719101123595505,False,False,False,False
ZZMLTHPXYFURIW-XLAORIBOSA-N,CC(C)(C)NC(=O)N[C@H](C(=O)N1CC2(CC2)C[C@H]1C(=O)N[C@H](C=O)C[C@@H]1CCNC1=O)C(C)(C)C,O=C1NCCC1CCNC(=O)C1CC2(CC2)CN1,7.638272163982407,sars2_3cl,coronaviral,IC50,491.63300000000027,0.16326530612244897,False,False,False,False
ZZNLHLJRATZLSO-GMXDNTTCSA-N,COc1cccc2[nH]c(C(=O)N[C@@H](CC(C)C)C(=O)N3C[C@]4(C[C@H]3C#N)C(=O)N(C)c3ccccc34)cc12,O=C(NCC(=O)N1CCC2(C1)C(=O)Nc1ccccc12)c1cc2ccccc2[nH]1,6.259637310505756,sars2_3cl,coronaviral,IC50,513.5980000000003,0.24742268041237114,False,False,False,False
ZZQQYBRLCSIHRB-UHFFFAOYSA-N,CC(C)Cn1c(-c2ccccc2)nc2cc(O)c(O)c(O)c2c1=O,O=c1[nH]c(-c2ccccc2)nc2ccccc12,6.906578314837764,sars2_3cl,coronaviral,IC50,326.3520000000001,0.21428571428571427,False,False,False,False
ZZRPDKZPYYZHPR-LTFGFYCNSA-N,CC(C)C[C@H](NC(=O)OCC1CC(=O)N(CC2CCCCC2)C1)C(=O)N[C@@H](C[C@@H]1CCNC1=O)C(O)S(=O)(=O)O,O=C(CNC(=O)OCC1CC(=O)N(CC2CCCCC2)C1)NCCC1CCNC1=O,6.431798275933005,sars2_3cl,coronaviral,IC50,588.7240000000005,0.19230769230769232,False,False,False,False
ZZYFLJPZIPMJSW-UHFFFAOYSA-N,Cc1nc(C(=O)N2CCOCC2)c(C(=O)Nc2ccc(Cl)c(Cl)c2)[nH]1,O=C(Nc1ccccc1)c1[nH]cnc1C(=O)N1CCOCC1,4.640923773940737,sars2_3cl,coronaviral,IC50,383.235,0.22972972972972974,False,False,False,False
